-- phpMyAdmin SQL Dump
-- version 2.11.4
-- http://www.phpmyadmin.net
--
-- Host: localhost
-- Generation Time: Apr 13, 2011 at 07:32 PM
-- Server version: 4.1.22
-- PHP Version: 5.2.8

SET FOREIGN_KEY_CHECKS=0;

SET SQL_MODE="NO_AUTO_VALUE_ON_ZERO";

--
-- Database: `smsshafi`
--

-- --------------------------------------------------------

--
-- Table structure for table `fydp_aisles`
--

DROP TABLE IF EXISTS `fydp_aisles`;
CREATE TABLE IF NOT EXISTS `fydp_aisles` (
  `id` int(11) NOT NULL auto_increment,
  `name` varchar(50) NOT NULL default '',
  `number` int(3) NOT NULL default '0',
  `store_id` int(11) NOT NULL default '0',
  PRIMARY KEY  (`id`),
  KEY `number` (`number`),
  KEY `store_id` (`store_id`)
) ENGINE=InnoDB DEFAULT CHARSET=latin1 AUTO_INCREMENT=1317 ;

--
-- Dumping data for table `fydp_aisles`
--

INSERT INTO `fydp_aisles` (`id`, `name`, `number`, `store_id`) VALUES
(659, 'Bakery', 1, 1),
(660, 'Baking Supplies', 2, 1),
(661, 'Candy & Confectionery', 3, 1),
(662, 'Canned Fruits and Vegetables', 4, 1),
(663, 'Coffee, Tea & Cocoa', 5, 1),
(664, 'Condiments', 6, 1),
(665, 'Dairy Products & Eggs', 7, 1),
(666, 'Desserts', 8, 1),
(667, 'Frozen Food', 9, 1),
(668, 'Household Supplies', 10, 1),
(669, 'Meat', 11, 1),
(670, 'Pasta & Grains', 12, 1),
(671, 'Pet Supplies', 13, 1),
(672, 'Produce', 14, 1),
(673, 'Bakery', 1, 3),
(674, 'Baking Supplies', 2, 3),
(675, 'Candy & Confectionery', 3, 3),
(676, 'Canned Fruits and Vegetables', 4, 3),
(677, 'Coffee, Tea & Cocoa', 5, 3),
(678, 'Condiments', 6, 3),
(679, 'Dairy Products & Eggs', 7, 3),
(680, 'Desserts', 8, 3),
(681, 'Frozen Food', 9, 3),
(682, 'Household Supplies', 10, 3),
(683, 'Meat', 11, 3),
(684, 'Pasta & Grains', 12, 3),
(685, 'Pet Supplies', 13, 3),
(686, 'Produce', 14, 3),
(687, 'Bakery', 1, 6),
(688, 'Baking Supplies', 2, 6),
(689, 'Candy & Confectionery', 3, 6),
(690, 'Canned Fruits and Vegetables', 4, 6),
(691, 'Coffee, Tea & Cocoa', 5, 6),
(692, 'Condiments', 6, 6),
(693, 'Dairy Products & Eggs', 7, 6),
(694, 'Desserts', 8, 6),
(695, 'Frozen Food', 9, 6),
(696, 'Household Supplies', 10, 6),
(697, 'Meat', 11, 6),
(698, 'Pasta & Grains', 12, 6),
(699, 'Pet Supplies', 13, 6),
(700, 'Produce', 14, 6),
(701, 'Bakery', 1, 7),
(702, 'Baking Supplies', 2, 7),
(703, 'Candy & Confectionery', 3, 7),
(704, 'Canned Fruits and Vegetables', 4, 7),
(705, 'Coffee, Tea & Cocoa', 5, 7),
(706, 'Condiments', 6, 7),
(707, 'Dairy Products & Eggs', 7, 7),
(708, 'Desserts', 8, 7),
(709, 'Frozen Food', 9, 7),
(710, 'Household Supplies', 10, 7),
(711, 'Meat', 11, 7),
(712, 'Pasta & Grains', 12, 7),
(713, 'Pet Supplies', 13, 7),
(714, 'Produce', 14, 7),
(715, 'Bakery', 1, 8),
(716, 'Baking Supplies', 2, 8),
(717, 'Candy & Confectionery', 3, 8),
(718, 'Canned Fruits and Vegetables', 4, 8),
(719, 'Coffee, Tea & Cocoa', 5, 8),
(720, 'Condiments', 6, 8),
(721, 'Dairy Products & Eggs', 7, 8),
(722, 'Desserts', 8, 8),
(723, 'Frozen Food', 9, 8),
(724, 'Household Supplies', 10, 8),
(725, 'Meat', 11, 8),
(726, 'Pasta & Grains', 12, 8),
(727, 'Pet Supplies', 13, 8),
(728, 'Produce', 14, 8),
(729, 'Bakery', 1, 9),
(730, 'Baking Supplies', 2, 9),
(731, 'Candy & Confectionery', 3, 9),
(732, 'Canned Fruits and Vegetables', 4, 9),
(733, 'Coffee, Tea & Cocoa', 5, 9),
(734, 'Condiments', 6, 9),
(735, 'Dairy Products & Eggs', 7, 9),
(736, 'Desserts', 8, 9),
(737, 'Frozen Food', 9, 9),
(738, 'Household Supplies', 10, 9),
(739, 'Meat', 11, 9),
(740, 'Pasta & Grains', 12, 9),
(741, 'Pet Supplies', 13, 9),
(742, 'Produce', 14, 9),
(743, 'Bakery', 1, 10),
(744, 'Baking Supplies', 2, 10),
(745, 'Candy & Confectionery', 3, 10),
(746, 'Canned Fruits and Vegetables', 4, 10),
(747, 'Coffee, Tea & Cocoa', 5, 10),
(748, 'Condiments', 6, 10),
(749, 'Dairy Products & Eggs', 7, 10),
(750, 'Desserts', 8, 10),
(751, 'Frozen Food', 9, 10),
(752, 'Household Supplies', 10, 10),
(753, 'Meat', 11, 10),
(754, 'Pasta & Grains', 12, 10),
(755, 'Pet Supplies', 13, 10),
(756, 'Produce', 14, 10),
(757, 'Bakery', 1, 14),
(758, 'Baking Supplies', 2, 14),
(759, 'Candy & Confectionery', 3, 14),
(760, 'Canned Fruits and Vegetables', 4, 14),
(761, 'Coffee, Tea & Cocoa', 5, 14),
(762, 'Condiments', 6, 14),
(763, 'Dairy Products & Eggs', 7, 14),
(764, 'Desserts', 8, 14),
(765, 'Frozen Food', 9, 14),
(766, 'Household Supplies', 10, 14),
(767, 'Meat', 11, 14),
(768, 'Pasta & Grains', 12, 14),
(769, 'Pet Supplies', 13, 14),
(770, 'Produce', 14, 14),
(771, 'Bakery', 1, 15),
(772, 'Baking Supplies', 2, 15),
(773, 'Candy & Confectionery', 3, 15),
(774, 'Canned Fruits and Vegetables', 4, 15),
(775, 'Coffee, Tea & Cocoa', 5, 15),
(776, 'Condiments', 6, 15),
(777, 'Dairy Products & Eggs', 7, 15),
(778, 'Desserts', 8, 15),
(779, 'Frozen Food', 9, 15),
(780, 'Household Supplies', 10, 15),
(781, 'Meat', 11, 15),
(782, 'Pasta & Grains', 12, 15),
(783, 'Pet Supplies', 13, 15),
(784, 'Produce', 14, 15),
(785, 'Bakery', 1, 16),
(786, 'Baking Supplies', 2, 16),
(787, 'Candy & Confectionery', 3, 16),
(788, 'Canned Fruits and Vegetables', 4, 16),
(789, 'Coffee, Tea & Cocoa', 5, 16),
(790, 'Condiments', 6, 16),
(791, 'Dairy Products & Eggs', 7, 16),
(792, 'Desserts', 8, 16),
(793, 'Frozen Food', 9, 16),
(794, 'Household Supplies', 10, 16),
(795, 'Meat', 11, 16),
(796, 'Pasta & Grains', 12, 16),
(797, 'Pet Supplies', 13, 16),
(798, 'Produce', 14, 16),
(799, 'Bakery', 1, 17),
(800, 'Baking Supplies', 2, 17),
(801, 'Candy & Confectionery', 3, 17),
(802, 'Canned Fruits and Vegetables', 4, 17),
(803, 'Coffee, Tea & Cocoa', 5, 17),
(804, 'Condiments', 6, 17),
(805, 'Dairy Products & Eggs', 7, 17),
(806, 'Desserts', 8, 17),
(807, 'Frozen Food', 9, 17),
(808, 'Household Supplies', 10, 17),
(809, 'Meat', 11, 17),
(810, 'Pasta & Grains', 12, 17),
(811, 'Pet Supplies', 13, 17),
(812, 'Produce', 14, 17),
(813, 'Bakery', 1, 18),
(814, 'Baking Supplies', 2, 18),
(815, 'Candy & Confectionery', 3, 18),
(816, 'Canned Fruits and Vegetables', 4, 18),
(817, 'Coffee, Tea & Cocoa', 5, 18),
(818, 'Condiments', 6, 18),
(819, 'Dairy Products & Eggs', 7, 18),
(820, 'Desserts', 8, 18),
(821, 'Frozen Food', 9, 18),
(822, 'Household Supplies', 10, 18),
(823, 'Meat', 11, 18),
(824, 'Pasta & Grains', 12, 18),
(825, 'Pet Supplies', 13, 18),
(826, 'Produce', 14, 18),
(827, 'Bakery', 1, 19),
(828, 'Baking Supplies', 2, 19),
(829, 'Candy & Confectionery', 3, 19),
(830, 'Canned Fruits and Vegetables', 4, 19),
(831, 'Coffee, Tea & Cocoa', 5, 19),
(832, 'Condiments', 6, 19),
(833, 'Dairy Products & Eggs', 7, 19),
(834, 'Desserts', 8, 19),
(835, 'Frozen Food', 9, 19),
(836, 'Household Supplies', 10, 19),
(837, 'Meat', 11, 19),
(838, 'Pasta & Grains', 12, 19),
(839, 'Pet Supplies', 13, 19),
(840, 'Produce', 14, 19),
(841, 'Bakery', 1, 20),
(842, 'Baking Supplies', 2, 20),
(843, 'Candy & Confectionery', 3, 20),
(844, 'Canned Fruits and Vegetables', 4, 20),
(845, 'Coffee, Tea & Cocoa', 5, 20),
(846, 'Condiments', 6, 20),
(847, 'Dairy Products & Eggs', 7, 20),
(848, 'Desserts', 8, 20),
(849, 'Frozen Food', 9, 20),
(850, 'Household Supplies', 10, 20),
(851, 'Meat', 11, 20),
(852, 'Pasta & Grains', 12, 20),
(853, 'Pet Supplies', 13, 20),
(854, 'Produce', 14, 20),
(855, 'Bakery', 1, 21),
(856, 'Baking Supplies', 2, 21),
(857, 'Candy & Confectionery', 3, 21),
(858, 'Canned Fruits and Vegetables', 4, 21),
(859, 'Coffee, Tea & Cocoa', 5, 21),
(860, 'Condiments', 6, 21),
(861, 'Dairy Products & Eggs', 7, 21),
(862, 'Desserts', 8, 21),
(863, 'Frozen Food', 9, 21),
(864, 'Household Supplies', 10, 21),
(865, 'Meat', 11, 21),
(866, 'Pasta & Grains', 12, 21),
(867, 'Pet Supplies', 13, 21),
(868, 'Produce', 14, 21),
(869, 'Bakery', 1, 22),
(870, 'Baking Supplies', 2, 22),
(871, 'Candy & Confectionery', 3, 22),
(872, 'Canned Fruits and Vegetables', 4, 22),
(873, 'Coffee, Tea & Cocoa', 5, 22),
(874, 'Condiments', 6, 22),
(875, 'Dairy Products & Eggs', 7, 22),
(876, 'Desserts', 8, 22),
(877, 'Frozen Food', 9, 22),
(878, 'Household Supplies', 10, 22),
(879, 'Meat', 11, 22),
(880, 'Pasta & Grains', 12, 22),
(881, 'Pet Supplies', 13, 22),
(882, 'Produce', 14, 22),
(883, 'Bakery', 1, 23),
(884, 'Baking Supplies', 2, 23),
(885, 'Candy & Confectionery', 3, 23),
(886, 'Canned Fruits and Vegetables', 4, 23),
(887, 'Coffee, Tea & Cocoa', 5, 23),
(888, 'Condiments', 6, 23),
(889, 'Dairy Products & Eggs', 7, 23),
(890, 'Desserts', 8, 23),
(891, 'Frozen Food', 9, 23),
(892, 'Household Supplies', 10, 23),
(893, 'Meat', 11, 23),
(894, 'Pasta & Grains', 12, 23),
(895, 'Pet Supplies', 13, 23),
(896, 'Produce', 14, 23),
(897, 'Bakery', 1, 24),
(898, 'Baking Supplies', 2, 24),
(899, 'Candy & Confectionery', 3, 24),
(900, 'Canned Fruits and Vegetables', 4, 24),
(901, 'Coffee, Tea & Cocoa', 5, 24),
(902, 'Condiments', 6, 24),
(903, 'Dairy Products & Eggs', 7, 24),
(904, 'Desserts', 8, 24),
(905, 'Frozen Food', 9, 24),
(906, 'Household Supplies', 10, 24),
(907, 'Meat', 11, 24),
(908, 'Pasta & Grains', 12, 24),
(909, 'Pet Supplies', 13, 24),
(910, 'Produce', 14, 24),
(911, 'Bakery', 1, 25),
(912, 'Baking Supplies', 2, 25),
(913, 'Candy & Confectionery', 3, 25),
(914, 'Canned Fruits and Vegetables', 4, 25),
(915, 'Coffee, Tea & Cocoa', 5, 25),
(916, 'Condiments', 6, 25),
(917, 'Dairy Products & Eggs', 7, 25),
(918, 'Desserts', 8, 25),
(919, 'Frozen Food', 9, 25),
(920, 'Household Supplies', 10, 25),
(921, 'Meat', 11, 25),
(922, 'Pasta & Grains', 12, 25),
(923, 'Pet Supplies', 13, 25),
(924, 'Produce', 14, 25),
(925, 'Bakery', 1, 26),
(926, 'Baking Supplies', 2, 26),
(927, 'Candy & Confectionery', 3, 26),
(928, 'Canned Fruits and Vegetables', 4, 26),
(929, 'Coffee, Tea & Cocoa', 5, 26),
(930, 'Condiments', 6, 26),
(931, 'Dairy Products & Eggs', 7, 26),
(932, 'Desserts', 8, 26),
(933, 'Frozen Food', 9, 26),
(934, 'Household Supplies', 10, 26),
(935, 'Meat', 11, 26),
(936, 'Pasta & Grains', 12, 26),
(937, 'Pet Supplies', 13, 26),
(938, 'Produce', 14, 26),
(939, 'Bakery', 1, 27),
(940, 'Baking Supplies', 2, 27),
(941, 'Candy & Confectionery', 3, 27),
(942, 'Canned Fruits and Vegetables', 4, 27),
(943, 'Coffee, Tea & Cocoa', 5, 27),
(944, 'Condiments', 6, 27),
(945, 'Dairy Products & Eggs', 7, 27),
(946, 'Desserts', 8, 27),
(947, 'Frozen Food', 9, 27),
(948, 'Household Supplies', 10, 27),
(949, 'Meat', 11, 27),
(950, 'Pasta & Grains', 12, 27),
(951, 'Pet Supplies', 13, 27),
(952, 'Produce', 14, 27),
(953, 'Bakery', 1, 28),
(954, 'Baking Supplies', 2, 28),
(955, 'Candy & Confectionery', 3, 28),
(956, 'Canned Fruits and Vegetables', 4, 28),
(957, 'Coffee, Tea & Cocoa', 5, 28),
(958, 'Condiments', 6, 28),
(959, 'Dairy Products & Eggs', 7, 28),
(960, 'Desserts', 8, 28),
(961, 'Frozen Food', 9, 28),
(962, 'Household Supplies', 10, 28),
(963, 'Meat', 11, 28),
(964, 'Pasta & Grains', 12, 28),
(965, 'Pet Supplies', 13, 28),
(966, 'Produce', 14, 28),
(967, 'Bakery', 1, 29),
(968, 'Baking Supplies', 2, 29),
(969, 'Candy & Confectionery', 3, 29),
(970, 'Canned Fruits and Vegetables', 4, 29),
(971, 'Coffee, Tea & Cocoa', 5, 29),
(972, 'Condiments', 6, 29),
(973, 'Dairy Products & Eggs', 7, 29),
(974, 'Desserts', 8, 29),
(975, 'Frozen Food', 9, 29),
(976, 'Household Supplies', 10, 29),
(977, 'Meat', 11, 29),
(978, 'Pasta & Grains', 12, 29),
(979, 'Pet Supplies', 13, 29),
(980, 'Produce', 14, 29),
(981, 'Bakery', 1, 30),
(982, 'Baking Supplies', 2, 30),
(983, 'Candy & Confectionery', 3, 30),
(984, 'Canned Fruits and Vegetables', 4, 30),
(985, 'Coffee, Tea & Cocoa', 5, 30),
(986, 'Condiments', 6, 30),
(987, 'Dairy Products & Eggs', 7, 30),
(988, 'Desserts', 8, 30),
(989, 'Frozen Food', 9, 30),
(990, 'Household Supplies', 10, 30),
(991, 'Meat', 11, 30),
(992, 'Pasta & Grains', 12, 30),
(993, 'Pet Supplies', 13, 30),
(994, 'Produce', 14, 30),
(995, 'Bakery', 1, 31),
(996, 'Baking Supplies', 2, 31),
(997, 'Candy & Confectionery', 3, 31),
(998, 'Canned Fruits and Vegetables', 4, 31),
(999, 'Coffee, Tea & Cocoa', 5, 31),
(1000, 'Condiments', 6, 31),
(1001, 'Dairy Products & Eggs', 7, 31),
(1002, 'Desserts', 8, 31),
(1003, 'Frozen Food', 9, 31),
(1004, 'Household Supplies', 10, 31),
(1005, 'Meat', 11, 31),
(1006, 'Pasta & Grains', 12, 31),
(1007, 'Pet Supplies', 13, 31),
(1008, 'Produce', 14, 31),
(1009, 'Bakery', 1, 32),
(1010, 'Baking Supplies', 2, 32),
(1011, 'Candy & Confectionery', 3, 32),
(1012, 'Canned Fruits and Vegetables', 4, 32),
(1013, 'Coffee, Tea & Cocoa', 5, 32),
(1014, 'Condiments', 6, 32),
(1015, 'Dairy Products & Eggs', 7, 32),
(1016, 'Desserts', 8, 32),
(1017, 'Frozen Food', 9, 32),
(1018, 'Household Supplies', 10, 32),
(1019, 'Meat', 11, 32),
(1020, 'Pasta & Grains', 12, 32),
(1021, 'Pet Supplies', 13, 32),
(1022, 'Produce', 14, 32),
(1023, 'Bakery', 1, 33),
(1024, 'Baking Supplies', 2, 33),
(1025, 'Candy & Confectionery', 3, 33),
(1026, 'Canned Fruits and Vegetables', 4, 33),
(1027, 'Coffee, Tea & Cocoa', 5, 33),
(1028, 'Condiments', 6, 33),
(1029, 'Dairy Products & Eggs', 7, 33),
(1030, 'Desserts', 8, 33),
(1031, 'Frozen Food', 9, 33),
(1032, 'Household Supplies', 10, 33),
(1033, 'Meat', 11, 33),
(1034, 'Pasta & Grains', 12, 33),
(1035, 'Pet Supplies', 13, 33),
(1036, 'Produce', 14, 33),
(1037, 'Bakery', 1, 37),
(1038, 'Baking Supplies', 2, 37),
(1039, 'Candy & Confectionery', 3, 37),
(1040, 'Canned Fruits and Vegetables', 4, 37),
(1041, 'Coffee, Tea & Cocoa', 5, 37),
(1042, 'Condiments', 6, 37),
(1043, 'Dairy Products & Eggs', 7, 37),
(1044, 'Desserts', 8, 37),
(1045, 'Frozen Food', 9, 37),
(1046, 'Household Supplies', 10, 37),
(1047, 'Meat', 11, 37),
(1048, 'Pasta & Grains', 12, 37),
(1049, 'Pet Supplies', 13, 37),
(1050, 'Produce', 14, 37),
(1051, 'Bakery', 1, 41),
(1052, 'Baking Supplies', 2, 41),
(1053, 'Candy & Confectionery', 3, 41),
(1054, 'Canned Fruits and Vegetables', 4, 41),
(1055, 'Coffee, Tea & Cocoa', 5, 41),
(1056, 'Condiments', 6, 41),
(1057, 'Dairy Products & Eggs', 7, 41),
(1058, 'Desserts', 8, 41),
(1059, 'Frozen Food', 9, 41),
(1060, 'Household Supplies', 10, 41),
(1061, 'Meat', 11, 41),
(1062, 'Pasta & Grains', 12, 41),
(1063, 'Pet Supplies', 13, 41),
(1064, 'Produce', 14, 41),
(1065, 'Bakery', 1, 42),
(1066, 'Baking Supplies', 2, 42),
(1067, 'Candy & Confectionery', 3, 42),
(1068, 'Canned Fruits and Vegetables', 4, 42),
(1069, 'Coffee, Tea & Cocoa', 5, 42),
(1070, 'Condiments', 6, 42),
(1071, 'Dairy Products & Eggs', 7, 42),
(1072, 'Desserts', 8, 42),
(1073, 'Frozen Food', 9, 42),
(1074, 'Household Supplies', 10, 42),
(1075, 'Meat', 11, 42),
(1076, 'Pasta & Grains', 12, 42),
(1077, 'Pet Supplies', 13, 42),
(1078, 'Produce', 14, 42),
(1079, 'Bakery', 1, 43),
(1080, 'Baking Supplies', 2, 43),
(1081, 'Candy & Confectionery', 3, 43),
(1082, 'Canned Fruits and Vegetables', 4, 43),
(1083, 'Coffee, Tea & Cocoa', 5, 43),
(1084, 'Condiments', 6, 43),
(1085, 'Dairy Products & Eggs', 7, 43),
(1086, 'Desserts', 8, 43),
(1087, 'Frozen Food', 9, 43),
(1088, 'Household Supplies', 10, 43),
(1089, 'Meat', 11, 43),
(1090, 'Pasta & Grains', 12, 43),
(1091, 'Pet Supplies', 13, 43),
(1092, 'Produce', 14, 43),
(1093, 'Bakery', 1, 44),
(1094, 'Baking Supplies', 2, 44),
(1095, 'Candy & Confectionery', 3, 44),
(1096, 'Canned Fruits and Vegetables', 4, 44),
(1097, 'Coffee, Tea & Cocoa', 5, 44),
(1098, 'Condiments', 6, 44),
(1099, 'Dairy Products & Eggs', 7, 44),
(1100, 'Desserts', 8, 44),
(1101, 'Frozen Food', 9, 44),
(1102, 'Household Supplies', 10, 44),
(1103, 'Meat', 11, 44),
(1104, 'Pasta & Grains', 12, 44),
(1105, 'Pet Supplies', 13, 44),
(1106, 'Produce', 14, 44),
(1107, 'Bakery', 1, 45),
(1108, 'Baking Supplies', 2, 45),
(1109, 'Candy & Confectionery', 3, 45),
(1110, 'Canned Fruits and Vegetables', 4, 45),
(1111, 'Coffee, Tea & Cocoa', 5, 45),
(1112, 'Condiments', 6, 45),
(1113, 'Dairy Products & Eggs', 7, 45),
(1114, 'Desserts', 8, 45),
(1115, 'Frozen Food', 9, 45),
(1116, 'Household Supplies', 10, 45),
(1117, 'Meat', 11, 45),
(1118, 'Pasta & Grains', 12, 45),
(1119, 'Pet Supplies', 13, 45),
(1120, 'Produce', 14, 45),
(1121, 'Bakery', 1, 46),
(1122, 'Baking Supplies', 2, 46),
(1123, 'Candy & Confectionery', 3, 46),
(1124, 'Canned Fruits and Vegetables', 4, 46),
(1125, 'Coffee, Tea & Cocoa', 5, 46),
(1126, 'Condiments', 6, 46),
(1127, 'Dairy Products & Eggs', 7, 46),
(1128, 'Desserts', 8, 46),
(1129, 'Frozen Food', 9, 46),
(1130, 'Household Supplies', 10, 46),
(1131, 'Meat', 11, 46),
(1132, 'Pasta & Grains', 12, 46),
(1133, 'Pet Supplies', 13, 46),
(1134, 'Produce', 14, 46),
(1135, 'Bakery', 1, 47),
(1136, 'Baking Supplies', 2, 47),
(1137, 'Candy & Confectionery', 3, 47),
(1138, 'Canned Fruits and Vegetables', 4, 47),
(1139, 'Coffee, Tea & Cocoa', 5, 47),
(1140, 'Condiments', 6, 47),
(1141, 'Dairy Products & Eggs', 7, 47),
(1142, 'Desserts', 8, 47),
(1143, 'Frozen Food', 9, 47),
(1144, 'Household Supplies', 10, 47),
(1145, 'Meat', 11, 47),
(1146, 'Pasta & Grains', 12, 47),
(1147, 'Pet Supplies', 13, 47),
(1148, 'Produce', 14, 47),
(1149, 'Bakery', 1, 48),
(1150, 'Baking Supplies', 2, 48),
(1151, 'Candy & Confectionery', 3, 48),
(1152, 'Canned Fruits and Vegetables', 4, 48),
(1153, 'Coffee, Tea & Cocoa', 5, 48),
(1154, 'Condiments', 6, 48),
(1155, 'Dairy Products & Eggs', 7, 48),
(1156, 'Desserts', 8, 48),
(1157, 'Frozen Food', 9, 48),
(1158, 'Household Supplies', 10, 48),
(1159, 'Meat', 11, 48),
(1160, 'Pasta & Grains', 12, 48),
(1161, 'Pet Supplies', 13, 48),
(1162, 'Produce', 14, 48),
(1163, 'Bakery', 1, 49),
(1164, 'Baking Supplies', 2, 49),
(1165, 'Candy & Confectionery', 3, 49),
(1166, 'Canned Fruits and Vegetables', 4, 49),
(1167, 'Coffee, Tea & Cocoa', 5, 49),
(1168, 'Condiments', 6, 49),
(1169, 'Dairy Products & Eggs', 7, 49),
(1170, 'Desserts', 8, 49),
(1171, 'Frozen Food', 9, 49),
(1172, 'Household Supplies', 10, 49),
(1173, 'Meat', 11, 49),
(1174, 'Pasta & Grains', 12, 49),
(1175, 'Pet Supplies', 13, 49),
(1176, 'Produce', 14, 49),
(1177, 'Bakery', 1, 50),
(1178, 'Baking Supplies', 2, 50),
(1179, 'Candy & Confectionery', 3, 50),
(1180, 'Canned Fruits and Vegetables', 4, 50),
(1181, 'Coffee, Tea & Cocoa', 5, 50),
(1182, 'Condiments', 6, 50),
(1183, 'Dairy Products & Eggs', 7, 50),
(1184, 'Desserts', 8, 50),
(1185, 'Frozen Food', 9, 50),
(1186, 'Household Supplies', 10, 50),
(1187, 'Meat', 11, 50),
(1188, 'Pasta & Grains', 12, 50),
(1189, 'Pet Supplies', 13, 50),
(1190, 'Produce', 14, 50),
(1191, 'Bakery', 1, 51),
(1192, 'Baking Supplies', 2, 51),
(1193, 'Candy & Confectionery', 3, 51),
(1194, 'Canned Fruits and Vegetables', 4, 51),
(1195, 'Coffee, Tea & Cocoa', 5, 51),
(1196, 'Condiments', 6, 51),
(1197, 'Dairy Products & Eggs', 7, 51),
(1198, 'Desserts', 8, 51),
(1199, 'Frozen Food', 9, 51),
(1200, 'Household Supplies', 10, 51),
(1201, 'Meat', 11, 51),
(1202, 'Pasta & Grains', 12, 51),
(1203, 'Pet Supplies', 13, 51),
(1204, 'Produce', 14, 51),
(1205, 'Bakery', 1, 52),
(1206, 'Baking Supplies', 2, 52),
(1207, 'Candy & Confectionery', 3, 52),
(1208, 'Canned Fruits and Vegetables', 4, 52),
(1209, 'Coffee, Tea & Cocoa', 5, 52),
(1210, 'Condiments', 6, 52),
(1211, 'Dairy Products & Eggs', 7, 52),
(1212, 'Desserts', 8, 52),
(1213, 'Frozen Food', 9, 52),
(1214, 'Household Supplies', 10, 52),
(1215, 'Meat', 11, 52),
(1216, 'Pasta & Grains', 12, 52),
(1217, 'Pet Supplies', 13, 52),
(1218, 'Produce', 14, 52),
(1219, 'Bakery', 1, 53),
(1220, 'Baking Supplies', 2, 53),
(1221, 'Candy & Confectionery', 3, 53),
(1222, 'Canned Fruits and Vegetables', 4, 53),
(1223, 'Coffee, Tea & Cocoa', 5, 53),
(1224, 'Condiments', 6, 53),
(1225, 'Dairy Products & Eggs', 7, 53),
(1226, 'Desserts', 8, 53),
(1227, 'Frozen Food', 9, 53),
(1228, 'Household Supplies', 10, 53),
(1229, 'Meat', 11, 53),
(1230, 'Pasta & Grains', 12, 53),
(1231, 'Pet Supplies', 13, 53),
(1232, 'Produce', 14, 53),
(1233, 'Bakery', 1, 54),
(1234, 'Baking Supplies', 2, 54),
(1235, 'Candy & Confectionery', 3, 54),
(1236, 'Canned Fruits and Vegetables', 4, 54),
(1237, 'Coffee, Tea & Cocoa', 5, 54),
(1238, 'Condiments', 6, 54),
(1239, 'Dairy Products & Eggs', 7, 54),
(1240, 'Desserts', 8, 54),
(1241, 'Frozen Food', 9, 54),
(1242, 'Household Supplies', 10, 54),
(1243, 'Meat', 11, 54),
(1244, 'Pasta & Grains', 12, 54),
(1245, 'Pet Supplies', 13, 54),
(1246, 'Produce', 14, 54),
(1247, 'Bakery', 1, 55),
(1248, 'Baking Supplies', 2, 55),
(1249, 'Candy & Confectionery', 3, 55),
(1250, 'Canned Fruits and Vegetables', 4, 55),
(1251, 'Coffee, Tea & Cocoa', 5, 55),
(1252, 'Condiments', 6, 55),
(1253, 'Dairy Products & Eggs', 7, 55),
(1254, 'Desserts', 8, 55),
(1255, 'Frozen Food', 9, 55),
(1256, 'Household Supplies', 10, 55),
(1257, 'Meat', 11, 55),
(1258, 'Pasta & Grains', 12, 55),
(1259, 'Pet Supplies', 13, 55),
(1260, 'Produce', 14, 55),
(1261, 'Bakery', 1, 56),
(1262, 'Baking Supplies', 2, 56),
(1263, 'Candy & Confectionery', 3, 56),
(1264, 'Canned Fruits and Vegetables', 4, 56),
(1265, 'Coffee, Tea & Cocoa', 5, 56),
(1266, 'Condiments', 6, 56),
(1267, 'Dairy Products & Eggs', 7, 56),
(1268, 'Desserts', 8, 56),
(1269, 'Frozen Food', 9, 56),
(1270, 'Household Supplies', 10, 56),
(1271, 'Meat', 11, 56),
(1272, 'Pasta & Grains', 12, 56),
(1273, 'Pet Supplies', 13, 56),
(1274, 'Produce', 14, 56),
(1275, 'Bakery', 1, 57),
(1276, 'Baking Supplies', 2, 57),
(1277, 'Candy & Confectionery', 3, 57),
(1278, 'Canned Fruits and Vegetables', 4, 57),
(1279, 'Coffee, Tea & Cocoa', 5, 57),
(1280, 'Condiments', 6, 57),
(1281, 'Dairy Products & Eggs', 7, 57),
(1282, 'Desserts', 8, 57),
(1283, 'Frozen Food', 9, 57),
(1284, 'Household Supplies', 10, 57),
(1285, 'Meat', 11, 57),
(1286, 'Pasta & Grains', 12, 57),
(1287, 'Pet Supplies', 13, 57),
(1288, 'Produce', 14, 57),
(1289, 'Bakery', 1, 58),
(1290, 'Baking Supplies', 2, 58),
(1291, 'Candy & Confectionery', 3, 58),
(1292, 'Canned Fruits and Vegetables', 4, 58),
(1293, 'Coffee, Tea & Cocoa', 5, 58),
(1294, 'Condiments', 6, 58),
(1295, 'Dairy Products & Eggs', 7, 58),
(1296, 'Desserts', 8, 58),
(1297, 'Frozen Food', 9, 58),
(1298, 'Household Supplies', 10, 58),
(1299, 'Meat', 11, 58),
(1300, 'Pasta & Grains', 12, 58),
(1301, 'Pet Supplies', 13, 58),
(1302, 'Produce', 14, 58),
(1303, 'Bakery', 1, 59),
(1304, 'Baking Supplies', 2, 59),
(1305, 'Candy & Confectionery', 3, 59),
(1306, 'Canned Fruits and Vegetables', 4, 59),
(1307, 'Coffee, Tea & Cocoa', 5, 59),
(1308, 'Condiments', 6, 59),
(1309, 'Dairy Products & Eggs', 7, 59),
(1310, 'Desserts', 8, 59),
(1311, 'Frozen Food', 9, 59),
(1312, 'Household Supplies', 10, 59),
(1313, 'Meat', 11, 59),
(1314, 'Pasta & Grains', 12, 59),
(1315, 'Pet Supplies', 13, 59),
(1316, 'Produce', 14, 59);

-- --------------------------------------------------------

--
-- Table structure for table `fydp_categories`
--

DROP TABLE IF EXISTS `fydp_categories`;
CREATE TABLE IF NOT EXISTS `fydp_categories` (
  `id` int(11) NOT NULL auto_increment,
  `name` varchar(50) NOT NULL default '',
  PRIMARY KEY  (`id`)
) ENGINE=InnoDB DEFAULT CHARSET=latin1 AUTO_INCREMENT=16 ;

--
-- Dumping data for table `fydp_categories`
--

INSERT INTO `fydp_categories` (`id`, `name`) VALUES
(1, 'Condiments'),
(2, 'Desserts'),
(3, 'Pasta & Grains'),
(4, 'Coffee, Tea & Cocoa'),
(5, 'Pet Supplies'),
(6, 'Household Supplies'),
(7, 'Bakery'),
(8, 'Meat'),
(9, 'Dairy Products & Eggs'),
(10, 'Baking Supplies'),
(11, 'Frozen Food'),
(12, 'Canned Fruits and Vegetables'),
(13, 'Candy & Confectionery'),
(14, 'Produce'),
(15, 'Test');

-- --------------------------------------------------------

--
-- Table structure for table `fydp_listitems`
--

DROP TABLE IF EXISTS `fydp_listitems`;
CREATE TABLE IF NOT EXISTS `fydp_listitems` (
  `id` int(11) NOT NULL auto_increment,
  `product_id` int(11) NOT NULL default '0',
  `list_id` int(11) NOT NULL default '0',
  `quantity` int(3) default NULL,
  PRIMARY KEY  (`id`),
  KEY `product_id` (`product_id`,`list_id`),
  KEY `list_id` (`list_id`),
  KEY `quantity` (`quantity`)
) ENGINE=InnoDB DEFAULT CHARSET=latin1 AUTO_INCREMENT=577 ;

--
-- Dumping data for table `fydp_listitems`
--

INSERT INTO `fydp_listitems` (`id`, `product_id`, `list_id`, `quantity`) VALUES
(15, 14, 6, 8),
(17, 47, 6, 4),
(18, 54, 6, 3),
(22, 2, 7, 2),
(23, 24, 7, 1),
(24, 92, 7, 1),
(52, 3, 11, 1),
(53, 4, 11, 55),
(55, 140, 12, 2),
(69, 15, 16, 1),
(70, 152, 16, 1),
(71, 160, 16, 3),
(89, 2, 17, 1),
(90, 105, 17, 1),
(91, 3, 17, 1),
(92, 81, 17, 1),
(93, 139, 17, 4),
(94, 107, 17, 1),
(95, 88, 17, 1),
(96, 12, 17, 1),
(170, 193, 18, 1),
(171, 194, 18, 1),
(172, 2, 18, 1),
(178, 139, 18, 1),
(179, 122, 18, 1),
(180, 103, 18, 1),
(181, 107, 18, 1),
(182, 96, 18, 1),
(183, 7, 18, 1),
(184, 80, 18, 1),
(185, 104, 18, 1),
(186, 153, 18, 1),
(187, 135, 18, 1),
(188, 1, 18, 1),
(189, 148, 18, 1),
(190, 58, 18, 1),
(191, 88, 18, 1),
(192, 51, 18, 1),
(193, 82, 18, 1),
(194, 198, 18, 1),
(332, 11, 22, 1),
(333, 23, 22, 1),
(334, 82, 22, 1),
(335, 80, 22, 1),
(336, 7, 22, 1),
(338, 3, 22, 1),
(340, 58, 22, 2),
(341, 96, 22, 5),
(342, 29, 22, 1),
(343, 200, 22, 1),
(344, 157, 22, 1),
(345, 199, 22, 1),
(371, 29, 25, 6),
(372, 200, 25, 6),
(373, 157, 25, 6),
(374, 199, 25, 6),
(384, 198, 26, 1),
(385, 153, 26, 1),
(386, 46, 26, 1),
(387, 51, 26, 1),
(486, 2, 27, 1),
(487, 191, 1, 6),
(489, 2, 1, 2),
(492, 12, 1, 4),
(504, 136, 1, 1),
(505, 80, 1, 2),
(518, 139, 1, 9),
(524, 29, 1, 4),
(526, 81, 1, 4),
(527, 58, 1, 1),
(528, 199, 1, 2),
(530, 25, 1, 3),
(531, 154, 1, 2),
(536, 182, 1, 2),
(538, 24, 1, 1),
(543, 103, 1, 3),
(544, 74, 1, 2),
(546, 95, 1, 1),
(550, 144, 1, 2),
(551, 157, 1, 1),
(556, 181, 1, 2),
(557, 23, 1, 2),
(561, 26, 1, 1),
(562, 147, 1, 1),
(563, 99, 1, 1),
(566, 183, 1, 3),
(567, 176, 1, 1),
(569, 8, 1, 1),
(570, 198, 1, 1),
(571, 186, 1, 1),
(572, 134, 1, 1),
(576, 135, 1, 1);

-- --------------------------------------------------------

--
-- Table structure for table `fydp_lists`
--

DROP TABLE IF EXISTS `fydp_lists`;
CREATE TABLE IF NOT EXISTS `fydp_lists` (
  `id` int(11) NOT NULL auto_increment,
  `user_id` int(11) NOT NULL default '0',
  PRIMARY KEY  (`id`),
  KEY `owner` (`user_id`)
) ENGINE=InnoDB DEFAULT CHARSET=latin1 AUTO_INCREMENT=29 ;

--
-- Dumping data for table `fydp_lists`
--

INSERT INTO `fydp_lists` (`id`, `user_id`) VALUES
(1, 1),
(2, 2),
(4, 23),
(6, 26),
(7, 27),
(11, 31),
(12, 32),
(14, 34),
(16, 36),
(17, 37),
(18, 38),
(19, 39),
(21, 41),
(22, 42),
(23, 43),
(24, 44),
(25, 45),
(26, 46),
(27, 47),
(28, 48);

-- --------------------------------------------------------

--
-- Table structure for table `fydp_products`
--

DROP TABLE IF EXISTS `fydp_products`;
CREATE TABLE IF NOT EXISTS `fydp_products` (
  `id` int(11) NOT NULL auto_increment,
  `title` varchar(100) NOT NULL default '',
  `category_id` int(11) NOT NULL default '0',
  `subcategory_id` int(11) NOT NULL default '0',
  `description` text NOT NULL,
  `image` varchar(200) NOT NULL default '',
  `price` varchar(10) default NULL,
  `saleprice` varchar(10) default NULL,
  PRIMARY KEY  (`id`),
  KEY `category` (`category_id`,`subcategory_id`),
  KEY `subcategory_id` (`subcategory_id`)
) ENGINE=InnoDB DEFAULT CHARSET=latin1 AUTO_INCREMENT=213 ;

--
-- Dumping data for table `fydp_products`
--

INSERT INTO `fydp_products` (`id`, `title`, `category_id`, `subcategory_id`, `description`, `image`, `price`, `saleprice`) VALUES
(1, 'Heinz Tomato Ketchup', 1, 1, 'Heinz Tomato Ketchup is a brand of ketchup by H. J. Heinz Company. It is Heinz''s largest and fastest selling product the company has ever distributed, worldwide. ', 'images/products/f139a_939f4_heinz.jpg', '4.99', '2.49'),
(2, 'Compliments European Flavour Cultured Butter Salted 250 gram', 9, 25, '', 'images/products/5b134_Butter1.jpg', '1.49', '1.00'),
(3, 'Compliments European Flavour Cultured Butter Unsalted 250 gram', 9, 25, '', 'images/products/65705_Butter1.jpg', '3.49', '1.99'),
(4, 'Dairyland Creamery Butter Salted 454 gram', 9, 25, '', 'images/products/51b23_Butter1.jpg', '1.49', '0'),
(5, 'Dairyland Creamery Butter Unsalted 454 gram', 9, 25, '', 'images/products/59486_Butter1.jpg', '2.49', '0'),
(6, 'Compliments Garlic Margarine 250 gram', 9, 25, '', 'images/products/5f84c_Butter1.jpg', '3.49', '0'),
(7, 'Becel Margarine with Bertolli Olive Oil 907 gram', 9, 25, 'Source of Omega-3 polyunsaturated fat, No trans fat, Non-Hydrogenated, Low in saturated fat.82% Canola oil, 10% Olive oil, 8% Vegetable oils.', 'images/products/7d947_Butter1.jpg', '4.59', '2.99'),
(8, 'Dairyland Milk 2%, 2l carton', 9, 22, '', 'images/products/ffe7f_milk.jpg', '3.99', '0'),
(9, 'Dairyland Homo Milk, 2l carton', 9, 22, '', 'images/products/0cc5a_milk.jpg', '5.99', '0'),
(10, 'Dairyland Whipping Cream 250ml', 9, 28, 'DairyLand Whipping Cream 250 ml, 33% M.F\n', 'images/products/9a455_cream.jpg', '2.99', NULL),
(11, 'Compliments Whipped Topping 1l', 9, 28, '', 'images/products/e34b5_cream.jpg', '3.49', '2.49'),
(12, 'Kraft Cool Whip Ultra Low Fat 1l', 9, 28, '76% Less fat than our regular Cool Whip Topping', 'images/products/f4ca2_cream.jpg', '4.49', '3.99'),
(13, 'Parmalat Whip Cream 250ml', 9, 28, '', 'images/products/2fbfa_cream.jpg', '2.99', '0'),
(14, 'Danone Activia Yogurt 4 Prune 4 Peach X 100 gram', 9, 23, 'Ingredients Skim milk, cream, concentrated skim milk, sugar, milk and whey protein concentrate, fructose, corn starch, gelatin and active bacterial cultures.', 'images/products/2d461_cream.jpg', '6.49', '0'),
(15, 'Danone Silhouette Cherry Yogurt Fat Free 650 gram', 9, 23, 'O Sugar added, 0 fat, Plus vitamins,calcium and protein. No aspartame.', 'images/products/e0aca_cream.jpg', '3.49', '0'),
(22, 'Astro Low Fat Yogurt Peaches and Cream 750 gram', 9, 23, 'Naturally Flavoured Yogurt,Low Fat, Low Cholesterol 1% M.F', 'images/products/b5fe9_cream.jpg', '3.49', '0'),
(23, 'Yoplait Source Fat Free Stirred Yogurt 16 X 100 gram', 9, 23, 'Yoplait Source Fat Free Stirred Yogourt 16 X 100 gram, Each package contains 4-Strawberry,4-Fieldberry,4-Peach &amp; 4-Raspberry, 39% Less calories, Fat free stirred yogourt with fruit chunks, a source of calcium,Vitamin A and d, sweetened with Splenda, 0% M.F', 'images/products/fc7ae_cream.jpg', '6.49', '3.99'),
(24, 'Kraft Cracker Barrel Cheddar Cheese Mild 400 gram', 9, 24, 'Kraft Cracker Barrel Cheddar Cheese Mild 400 gram,35% M.F, 37% Moisture.', 'images/products/d3df5_cream.jpg', '4.99', '0'),
(25, 'Compliments Cheddar Cheese Medium 350 gram', 9, 24, 'Compliments Cheddar Cheese Medium 350 gram,31% M.F. , 39% Moisture, a good source of calcium.\n', 'images/products/2e709_cream.jpg', '3.49', '2.49'),
(26, 'Compliments Part Skim Mozzarella Cheese 350 gram', 9, 24, '18% M.F, 48% Moisture, A good source of calcium.', 'images/products/4afe7_cream.jpg', '4.49', '0'),
(27, 'Kraft Mozzarella Cheese 400 gram', 9, 24, 'Kraft Mozzarella Cheese 400 gram,28% M.F,42% Moisture.', 'images/products/2d689_cream.jpg', '2.49', '0'),
(28, 'Compliments Swiss Cheese Fondue 400 gram', 9, 24, 'Product of Switzerland', 'images/products/6baee_cream.jpg', '5.49', '0'),
(29, 'Kraft Four Cheese Italiano Shredded Cheese 400 gram', 9, 24, 'Kraft 4 Cheese Italiano Shredded Cheese 400 gram, Provolone,Part-Skim Mozzarella,Parmesan and Emmental, 25% M.F, 42% Moisture.', 'images/products/01122_cream.jpg', '3.29', '0'),
(30, 'Compliments Three Cheese Pasta &amp; Sauce Mix 133 gram', 3, 29, '', 'images/products/05f16_milk.jpg', '1.29', '0'),
(31, 'Compliments Creamy Carbonara Pasta &amp; Sauce Mix 134 gram', 3, 29, '', 'images/products/7e016_Butter1.jpg', '1.29', '0'),
(32, 'Compliments Creamy Parmesan Pasta &amp; Sauce Mix 124 gram', 3, 29, '', 'images/products/e718b_Butter1.jpg', '1.29', '0'),
(33, 'Compliments Sour Cream &amp; Chives Pasta &amp; Sauce Mix 120 gram', 3, 29, '', 'images/products/333fa_Butter1.jpg', '1.29', '0'),
(34, 'Compliments Mushroom Alfredo Pasta &amp; Sauce Mix 138 gram', 3, 29, '', 'images/products/3bc2d_Butter1.jpg', '1.29', '0'),
(35, 'Compliments Chicken Pasta &amp; Sauce Mix 126 gram', 3, 29, '', 'images/products/e41b3_Butter1.jpg', '1.49', '0'),
(36, 'Compliments Tomato &amp; Herbs Pasta Sauce 1.8 l', 3, 15, '', 'images/products/e6523_Butter1.jpg', '8.99', '0'),
(37, 'Compliments Four Cheese Pasta Sauce 700ml', 3, 15, '', 'images/products/49343_Butter1.jpg', '4.49', '0'),
(38, 'Classico Alfredo Sauce', 3, 15, '', 'images/products/05ceb_Butter1.jpg', '3.89', '0'),
(39, 'Classico Tomato and Basil', 3, 15, '', 'images/products/e60af_Butter1.jpg', '3.69', '0'),
(40, 'Catelli Spaghetti 500 gram', 3, 30, 'Catelli Spaghetti 500 gram,low fat, Sodium free, Cooks in 10 minutes', 'images/products/b6af8_Butter1.jpg', '2.99', '0'),
(41, 'Catelli Fettuccine 500 gram', 3, 30, '', 'images/products/058eb_Butter1.jpg', '2.99', '0'),
(42, 'Compliments Fettuccine 900 gram', 3, 30, '', 'images/products/4b393_Butter1.jpg', '3.49', '0'),
(43, 'Catelli Macroni Ready Cut 500 gram', 3, 30, 'Catelli Macaroni Ready Cut 500 gram, Low fat,Sodium free,No preservatives, Cooks in 6 minutes.', 'images/products/0b9e8_Butter1.jpg', '2.49', '0'),
(44, 'Compliments Rotini 900 gram', 3, 30, '100% Durum Semolina.', 'images/products/01f68_Butter1.jpg', '3.49', '2.29'),
(45, 'Catelli Rotini 700 gram', 3, 30, '', 'images/products/f2ccd_Butter1.jpg', '3.49', '0'),
(46, 'Nescafe Creamy Flavoured Coffee Mix 240 gram', 4, 31, '', 'images/products/5f5af_Butter1.jpg', '3.49', '0'),
(47, 'Nescafe Tasters Choice 100% Colombian 150 gram', 4, 31, '', 'images/products/c01c4_Butter1.jpg', '3.99', '0'),
(48, 'Tim Hortons French Vanilla Cappuccino 454 gram', 4, 31, 'Tim Hortons Cappuccino French Vanilla 454 gram,Just add hot water stir well and enjoy.\n', 'images/products/05bc4_Butter1.jpg', '5.99', '4.49'),
(49, 'Maxwell House White Chocolate Truffle 255 gram', 4, 31, '', 'images/products/f52eb_Butter1.jpg', '5.49', '0'),
(50, 'Maxwell House Original Roast 150 gram', 4, 31, '', 'images/products/f6edd_Butter1.jpg', '3.29', '0'),
(51, 'Tim Hortons English Toffee Cappuccino 454 gram', 4, 31, '', 'images/products/84368_Butter1.jpg', '5.49', '3.99'),
(52, 'Stash Premium Herbal Tea Wild Rasberry 28 x 38 gram', 4, 32, '', 'images/products/034c6_Butter1.jpg', '3.27', '0'),
(53, 'Tetly Premium Earl Grey Tea 24 x 48 gram', 4, 32, '', 'images/products/ee459_Butter1.jpg', '2.99', '0'),
(54, 'Tetly Premium Strawberry Tea 24 x 48 gram', 4, 32, '', 'images/products/95e6b_Butter1.jpg', '3.49', '0'),
(55, 'Red Rose Orange Pekeo Tea 113 gram', 4, 32, '', 'images/products/07491_Butter1.jpg', '3.49', '0'),
(56, 'Lipton Orange Pekoe Tea 200 gram', 4, 32, '', 'images/products/d9165_Butter1.jpg', '3.99', '0'),
(57, 'Compliments English Breakfast Tea 227 gram', 4, 32, 'Made with two select grades of the best tea leaves from Kenya and Ceylon, 72 two cup bags per box', 'images/products/fd06f_Butter1.jpg', '2.49', '0'),
(58, 'Compliments Peach Melba Herbal Tea', 4, 32, '', 'images/products/34d38_Butter1.jpg', '2.49', '1.99'),
(59, 'Simply Natural Organic Dijon Mustard 250 ml', 1, 2, 'Ingredients: Organic apple cider vinegar,organic mustard seed,white wine,salt and organic spices.\n', 'images/products/54d95_a.jpg', '3.59', '0'),
(60, 'Simply Natural Organic Mustard Stone Ground 250 ml', 1, 2, 'Ingredients: Organic cider vinegar,organic mustard seed,salt and organic spices.\n', 'images/products/1e3d4_a.jpg', '3.49', '0'),
(61, 'Simply Natural Organic Yellow Prepared Mustard 250 ml', 1, 2, 'Ingredients: Organic apple cider vinegar,organic mustard seed,,salt,organic tumeric and organic spices.', 'images/products/126ca_a.jpg', '3.49', '0'),
(62, 'French''s Prepared Mustard Squeeze 400 ml', 1, 2, '', 'images/products/20e97_a.jpg', '2.29', '0'),
(63, 'Frenchs Bold n'' Spicy Deli Mustard Squeeze 325 ml', 1, 2, '', 'images/products/e0fd4_a.jpg', '2.69', '0'),
(64, 'Compliments Prepared Mustard 500ml', 1, 2, '', 'images/products/3d335_a.jpg', '1.69', '0'),
(65, 'Maille Dijon Mustard Original 175 ml', 1, 2, '', 'images/products/4f128_a.jpg', '3.19', '0'),
(66, 'Maille Dijon Mustard "Extra Hot" 75 ml', 1, 2, '', 'images/products/1d31c_a.jpg', '3.19', '0'),
(67, 'Cascadian Farm Organic Sweet Relish 375 ml', 1, 34, '', 'images/products/20fbd_a.jpg', '4.99', '0'),
(68, 'Bick''s Tangy Dill Relish 375 ml', 1, 34, '', 'images/products/76148_a.jpg', '2.69', '0'),
(69, 'Compliments Sweet Green Relish 500ml', 1, 34, '', 'images/products/4a6ab_a.jpg', '1.69', '0'),
(70, 'Bick''s Sweet Green Relish 500 ml', 1, 34, '', 'images/products/824df_a.jpg', '3.39', '0'),
(71, 'Compliments Tomato Ketchup 1.5 litre', 1, 1, '', 'images/products/3ece0_a.jpg', '3.99', '0'),
(72, 'Heinz Tomato Ketchup New Easy Squeeze 750 ml', 1, 1, 'Heinz Tomato Ketchup New Easy Squeeze 750 ml, No wait, No mess', 'images/products/b3824_a.jpg', '3.99', '0'),
(73, 'Heinz Organic Tomato Ketchup 575 ml', 1, 1, 'Enjoy New Heinz Organic Ketchup, authentic Heinz Ketchup made from vine-riened 100% certified organic tomatoes. Heinz undergoes a careful process which prohibits the use of artificial fertilizers, herbicides and pesticides to produce a natural organic ketchup', 'images/products/89bf4_a.jpg', '3.99', '0'),
(74, 'Compliments Asparagus Cuts 341 ml', 12, 11, '', 'images/products/fb233_a.jpg', '3.29', '0'),
(75, 'Bick`s Pickled Baby Beets Sliced 500 ml', 12, 11, '', 'images/products/cd1eb_a.jpg', '3.69', '0'),
(76, 'Compliments Queen Olives 375 ml', 12, 11, '', 'images/products/c4cdc_a.jpg', '2.49', '0'),
(77, 'Compliments Stuffed Manzanilla Olives 375 ml', 12, 11, 'Stuffed with pimento paste', 'images/products/e32ba_a.jpg', '2.49', '0'),
(78, 'Compliments Sliced Green Olives 375 ml', 12, 11, '', 'images/products/85ac5_a.jpg', '2.29', '0'),
(79, 'McLaren''s manzanilla olive 375 ml', 12, 11, '', 'images/products/7c735_a.jpg', '3.19', '0'),
(80, 'Compliments Garlic Dill Pickles 1 litre', 1, 35, '', 'images/products/e6b00_a.jpg', '2.99', '2.49'),
(81, 'Compliments Baby Dill Pickles 1 litre', 1, 35, '', 'images/products/2ff32_a.jpg', '2.99', '2.49'),
(82, 'Compliments Organic Bread & Butter Pickels 750 ml', 1, 35, '', 'images/products/33567_a.jpg', '3.99', '3.29'),
(83, 'Bick''s Sweet Mustard Pickle 500 ml', 1, 35, '', 'images/products/ef9f7_a.jpg', '4.29', '3.59'),
(84, 'Bick''s Sweet Mixed Pickles 500 ml', 1, 35, '', 'images/products/b23d9_a.jpg', '3.49', '0'),
(85, 'Bick''s Sandwich Savers Extra Garlic 500 ml', 1, 35, '', 'images/products/25db6_a.jpg', '3.59', '0'),
(86, 'Compliments Sweet Gerkins 375 ml', 1, 35, '', 'images/products/344d2_a.jpg', '2.29', '0'),
(87, 'Compliments Pickled Hot Peppers Rings 750 ml', 1, 35, '', 'images/products/d686b_a.jpg', '2.69', '0'),
(88, 'Compliments Sweet Mixed Pickles 1 litre', 1, 35, '', 'images/products/573c8_a.jpg', '2.99', '2.49'),
(89, 'McLaren''s Sweet Gherkins Pickles 375 ml', 1, 35, '', 'images/products/0881d_a.jpg', '3.19', '0'),
(90, 'Vlasic Zesty Dills 1 L', 1, 35, '', 'images/products/618cd_a.jpg', '4.49', '0'),
(91, 'Vlasic Stackers Bread & Butter Pickles 500 ml', 1, 35, '', 'images/products/76362_a.jpg', '3.59', '0'),
(92, 'Vlasic Ovals Hamburger Dill Chips 500 ml', 1, 35, '', 'images/products/d4062_a.jpg', '3.49', '0'),
(93, 'Compliments Polskie Ogorkie 1 litre', 1, 35, '', 'images/products/6b158_a.jpg', '2.99', '0'),
(94, 'Compliments Organic Canola Oil 375 ml', 1, 36, '', 'images/products/6665a_a.jpg', '1.99', '0'),
(95, 'Compliments Canola Oil 473 ml', 1, 36, '', 'images/products/dbbd1_a.jpg', '2.29', '0'),
(96, 'Canola Harvest 100% Pure Canola Oil 3 litre', 1, 36, '', 'images/products/7ab22_a.jpg', '9.99', '7.99'),
(97, 'Compliments 100% Pure Sunflower Oil 946 ml', 1, 36, '', 'images/products/80c30_a.jpg', '5.49', '0'),
(98, 'Shirriff Added Touch Cake Mix - Chocolate Fudge Brownie 520 gram', 10, 7, '', 'images/products/48473_a.jpg', '5.99', '0'),
(99, 'Shirriff Added Touch Cake Cix - White 520 gram', 10, 7, '', 'images/products/45f8f_a.jpg', '4.99', '0'),
(100, 'Robin Hood Angel Food - White Cake Mix 450 gram', 10, 7, '', 'images/products/b4c9b_a.jpg', '2.99', '0'),
(101, 'Robin Hood Angel Food - Confetti Cake Mix 460 gram', 10, 7, '', 'images/products/e5f58_a.jpg', '2.99', '0'),
(102, 'Betty Crocker Super Moist Golden Cake Mix 510 gram', 10, 7, '', 'images/products/3feee_a.jpg', '2.99', '0'),
(103, 'Betty Crocker Super Moist Lemon Cake Mix 510 gram', 10, 7, '', 'images/products/4c36e_a.jpg', '2.99', '2.49'),
(104, 'Betty Crocker Super Moist Cherry Chip Cake Mix 510 gram', 10, 7, '', 'images/products/a0fdb_a.jpg', '2.99', '2.49'),
(105, 'Betty Crocker Super Moist Milk Chocolate Cake Mix 510 gram', 10, 7, '', 'images/products/1544b_a.jpg', '2.99', '2.49'),
(106, 'Betty Crocker Super Moist Fudge Marble Cake Mix 510 gram', 10, 7, '', 'images/products/4aa58_a.jpg', '2.99', '0'),
(107, 'Duncan Hines Moist Deluxe Yellow Cake Mix 515 gram', 10, 7, '', 'images/products/f756d_a.jpg', '2.99', '2.49'),
(108, 'Atkins Quick Quisine Muffin &amp; Bread Mix Corn 241 gram', 10, 38, 'Atkins Quick Quisine Muffin &amp; Bread Mix Corn 241 gram,For those doing Atkins count 8 g ,The original low carb lifestyle, Naturally &amp; artificially flavoured.', 'images/products/4cb78_a.jpg', '1.99', '0'),
(109, 'Quaker Chocolate Chip Cookie Mix 900 gram', 10, 38, 'Makes 60 cookies', 'images/products/301c2_a.jpg', '3.29', '0'),
(110, 'Quaker Chocolate Chip Muffin Mix 900 gram', 10, 38, '', 'images/products/4e045_a.jpg', '3.49', '0'),
(111, 'Compliments Oatmeal Muffin Mix 900 gram', 10, 38, '', 'images/products/4d6f4_a.jpg', '2.99', '0'),
(112, 'Betty Crocker Creamy Deluxe Frosting Milk French Chocolate 450 gram', 10, 9, '', 'images/products/af689_a.jpg', '3.29', '0'),
(113, 'Betty Crocker Creamy Deluxe Frosting Rainbow Bits 450 gram', 10, 9, '', 'images/products/1d2ca_a.jpg', '3.29', '0'),
(114, 'Betty Crocker Creamy Deluxe Frosting French Vanilla 450 gram', 10, 9, '', 'images/products/9b757_a.jpg', '3.29', '0'),
(115, 'Compliments White Frosting 454 gram', 10, 9, '', 'images/products/ca9c0_a.jpg', '3.29', '0'),
(116, 'Compliments Baking Soda 500 gram', 10, 8, '', 'images/products/2224b_a.jpg', '1.99', '0'),
(117, 'Club House Artificial Vanilla Extract 43 ml', 10, 49, '', 'images/products/b8afb_a.jpg', '2.99', '0'),
(118, 'Club House Imitation Banana Extract 43 ml', 10, 49, '', 'images/products/05e68_a.jpg', '2.99', '0'),
(119, 'Club House Imitation Brandy Extract 43 ml', 10, 49, '', 'images/products/31764_a.jpg', '2.99', '0'),
(120, 'Club House Imitation Maple Extract 43 ml', 10, 49, '', 'images/products/82bcd_a.jpg', '2.99', '0'),
(121, 'Club House Imitation Rum Extract 43 ml', 10, 49, '', 'images/products/1d0c9_a.jpg', '2.99', '0'),
(122, 'Club House Pure Lemon Extract 43 ml', 10, 49, '', 'images/products/545ae_a.jpg', '2.99', '2.49'),
(123, 'Club House Imitation Coconut Extract 43 ml', 10, 49, '', 'images/products/c2b18_a.jpg', '2.99', '2.49'),
(124, 'Club House Pure Orange Extract 43 ml', 10, 49, '', 'images/products/a9805_a.jpg', '2.99', '2.49'),
(125, 'Jello Instant Pudding Chocolate 113 gram', 2, 39, '', 'images/products/0747f_a.jpg', '1.99', '0'),
(126, 'Jello Instant Pudding Fat Free Chocolate 40 gram', 2, 39, '', 'images/products/d55dc_a.jpg', '1.99', '0'),
(127, 'Jello Instant Pudding Chocolate Fudge 113 gram', 2, 39, '', 'images/products/8fb37_a.jpg', '1.99', '0'),
(128, 'Jello Instant Pudding Fat Free Vanilla 30 gram', 2, 39, '', 'images/products/09ee2_a.jpg', '1.99', '0'),
(129, 'Compliments Butterscotch Flavoured Instant Pudding 113 gram', 2, 39, '', 'images/products/a03cc_a.jpg', '1.99', '0'),
(130, 'Jello Pudding &amp; Pie Filling Butterscotch 170 gram', 2, 39, '', 'images/products/31c77_a.jpg', '1.99', '0'),
(131, 'Jello Pudding &amp; Pie Filling Coconut Cream 135 gram', 2, 39, '', 'images/products/eb0e5_a.jpg', '1.99', '0'),
(132, 'Jello Instant Lemon Pudding 106 gram', 2, 39, '', 'images/products/aec78_a.jpg', '1.99', '0'),
(133, 'Jello No Bake Oreo Dessert 363 gram', 2, 39, '', 'images/products/52d65_a.jpg', '1.99', '0'),
(134, 'Hunts Snack Pack Pudding Vanilla 4 X 99 gram cups', 2, 39, '', 'images/products/04155_a.jpg', '1.99', '0.99'),
(135, 'Jello Chocolate Vanilla Pudding Snacks 4 x 99 gram', 2, 39, '', 'images/products/9bee6_a.jpg', '1.99', '0.99'),
(136, 'Hunts Snack Pack Pudding Tapioca 4 X 99 gram cups', 2, 39, '', 'images/products/0f634_a.jpg', '1.99', '0.99'),
(137, 'Compliments Chocolate Pudding Fat Free 4 X 99 gram', 2, 39, '', 'images/products/bfa62_a.jpg', '1.99', '0'),
(138, 'Compliments Butterscotch Flavoured Pudding 4 X 99 gram', 2, 39, '', 'images/products/c203e_a.jpg', '1.99', '0'),
(139, 'Hunts Snack Pack Pudding Fat Free Chocolate 4 X 99 gram', 2, 39, '', 'images/products/847bb_a.jpg', '1.99', '0.99'),
(140, 'Hunts Squeez`N Go Pudding Tubes Chocolate 512 gram', 2, 39, '', 'images/products/2131c_a.jpg', '2.49', '0'),
(141, 'Windsor Iodized Free Running Table Salt 1 kg', 1, 20, '', 'images/products/b88e6_a.jpg', '1.49', '0'),
(142, 'McCormick Ginder Sea Salt 70 gram', 1, 20, '', 'images/products/9d50d_a.jpg', '0.99', '0'),
(143, 'Windsor Iodized Free Running Table Salt 350 gram', 1, 20, '', 'images/products/6b722_a.jpg', '0.99', '0'),
(144, 'Windsor Salt &amp; Pepper Shakers 150 gram', 1, 20, '', 'images/products/044e2_a.jpg', '3.99', '0'),
(145, 'Windsor Half Salt 350 gram', 1, 20, 'Windsor Salt 1/2 the Sodium 350 gram, A free running mixture of iodized salt and potassium chloride.', 'images/products/79ece_a.jpg', '0.99', '0'),
(147, 'Compliments Grilled Mushroom Thin Crust Pizza 495 gram', 11, 41, '', 'images/products/1626d_a.jpg', '7.59', '5.59'),
(148, 'Compliments Tuscan Thin Crust Pizza 485 gram', 11, 41, '', 'images/products/09bac_a.jpg', '7.59', '5.59'),
(149, 'Compliments Pizzarific Three Cheese Pizza 200 gram', 11, 41, 'Nutrient Benefit GOOD SOURCE OF CALCIUM AND PHOSPHORUS TO HELP BUILD STRONG BONES. Grains PROVIDES 1 SERVING OF GRAIN PRODUCTS BASED ON CANADA’S FOOD GUIDE WHICH RECOMMENDS HAVING 3 TO 6 SERVINGS FOR CHILDREN A DAY. ONE FOOD GUIDE SERVING OF GRAIN PRODUCTS IS EQUAL TO 1/2 PITA OR 1/2 TORTILLA (35 g). Back Panel ENJOYING A VARIETY OF FOODS IS PART OF HEALTHY EATING. ', 'images/products/5bc6a_a.jpg', '7.59', '0'),
(151, 'Compliments 4 Cheese Thin Crust Pizza 508 gram', 11, 41, 'Mozzarella, cheddar, monterey jack and parmesan cheeses.Have a few friends over and need a snack? Pizzas make great appetizers. Simply cut baked pizza into mini triangles, squares or rectangles, garnish if desired and serve. Bake 2 varieties for more choice. \n', 'images/products/e16b9_a.jpg', '5.49', '0'),
(152, 'Compliments 4 Cheese Rising Crust Pizza 770 gram', 11, 41, 'NUTRITION INFORMATION: Per 1/6 Pizza (128g) Amount / % Daily Value Calories....320 Fat....12g / 18% Saturated 6g + Trans 1.5g....38% Polyunsaturated....1.5g Omega-6....1.5g Omega-3....0.3g Monounsaturated....3g Cholesterol....20mg Sodium....780mg / 33% Potassium....230mg / 7% Carbohydrate....34g / 11% Fibre....2g / 8% Sugars....5g Protein....18g Vitamin A....6% Vitamin C....6% Calcium....25% Iron....20%', 'images/products/6e744_a.jpg', '7.59', '5.59'),
(153, 'Compliments Pepperoni Rising Crust Pizza 810 gram', 11, 41, '', 'images/products/583fa_a.jpg', '7.59', '5.59'),
(154, 'Compliments 4 Meat Rising Crust Pizza 820 gram', 11, 41, 'NUTRITION INFORMATION: Per 1/6 Pizza (136g) Amount / % Daily Value Calories....340 Fat....14g / 22% Saturated 6g + Trans 1g....35% Polyunsaturated....2g Omega-6....1.5g Omega-3....0.3g Monounsaturated....5g Cholesterol....20mg Sodium....960mg / 40% Potassium....250mg / 7% Carbohydrate....35g / 12% Fibre....3g / 12% Sugars....4g Protein....19g Vitamin A....4% Vitamin C....8% Calcium....15% Iron....20%', 'images/products/fd5f1_a.jpg', '7.59', '5.59'),
(156, 'Green Giant Simply Steam Summer Sweet Peas with Butter Sauce 250 gram', 11, 42, '', 'images/products/4a91f_a.jpg', '2.49', '1.99'),
(157, 'Compliments Petite Peas 750 gram', 11, 42, '', 'images/products/65acb_a.jpg', '2.99', '0'),
(158, 'Compliments Frozen Peas & Carrots 1 kg', 11, 42, '', 'images/products/1f6ed_a.jpg', '2.99', '0'),
(159, 'Compliments Frozen Cut Green Beans 1 kg', 11, 42, '', 'images/products/9c2fb_a.jpg', '2.99', '0'),
(160, 'Compliments Harvest Vegetables 750 gram', 11, 42, '', 'images/products/f4210_a.jpg', '3.69', '0'),
(161, 'Compliments Peaches & Cream Corn 750 gram', 11, 42, '', 'images/products/29ded_a.jpg', '3.49', '0'),
(162, 'Compliments Corn On The Cob', 11, 42, '', 'images/products/52ae7_a.jpg', '2.99', '0'),
(163, 'Compliments Cauliflower Florets 750 gram', 11, 42, '', 'images/products/33ee0_a.jpg', '2.99', '0'),
(164, 'Green Giant Cut Broccoli & Cauliflower with Cheese Sauce 250 gram', 11, 42, '', 'images/products/d57f6_a.jpg', '2.49', '0'),
(165, 'Green Giant Broccoli & Cheese Sauce 640 gram', 11, 42, '', 'images/products/32e09_a.jpg', '4.69', '0'),
(166, 'Compliments Premium Dog Food with Lamb & Vegetable Cuts in Gravy 624 gram', 5, 14, '', 'images/products/abad0_a.jpg', '1.69', '0'),
(167, 'Compliments Dog Food with Turkey & Bacon 624 gram', 5, 14, '', 'images/products/dfffa_a.jpg', '1.69', '0'),
(168, 'Compliments Premium Dog Food with Chicken &amp; Veal 624 gram', 5, 14, '', 'images/products/b0141_a.jpg', '1.50', '0'),
(169, 'Compliments Meat Mix Dog Food 624 gram', 5, 14, '', 'images/products/c47a0_a.jpg', '1.50', '0'),
(170, 'Compliments Premium Dog Food Beef Cuts in Gravy 374 gram', 5, 14, '', 'images/products/c095c_a.jpg', '1.50', '0'),
(172, 'Compliments Ultra Gourmet Mixed Grill Pate 85 gram', 5, 13, '', 'images/products/7cc46_a.jpg', '0.61', '0'),
(173, 'Compliments Ultra Gourmet Beef & Liver Platter 85 gram', 5, 13, '', 'images/products/2e149_a.jpg', '0.61', '0'),
(174, 'Fancy Feast Cat Food Chicken & Turkey Feast 85 gram', 5, 13, '', 'images/products/b0a7a_a.jpg', '0.69', '0'),
(175, 'Fancy Feast Turkey & Giblets Feast 85 gram', 5, 13, '', 'images/products/4da69_a.jpg', '0.69', '0'),
(176, 'Kraft Philadelphia Cream Cheese 1/3 Less Fat', 9, 24, '', 'images/products/baa78_a.jpg', '2.99', '0'),
(177, 'Compliments Large Marshmallows 250 gram', 10, 45, '', 'images/products/b3f0a_marshmellow.jpg', '1.29', '0'),
(178, 'Compliments Mini Fruit Marshmallows 250 gram', 10, 45, '', 'images/products/f740a_a.jpg', '1.29', '0'),
(179, 'Free Range OMEGA-3 eggs', 9, 46, '', 'images/products/cf5f4_a.jpg', '1.19', '0'),
(180, 'Hershey''s Semi-Sweet Chocolate Chips', 13, 47, '', 'images/products/9f098_b.jpg', '2.99', '0'),
(181, 'Milk Chocolate M&M''s', 13, 47, '', 'images/products/3440a_a.jpg', '1.19', '0'),
(182, 'Strawberries', 14, 48, '', 'images/products/8af66_a.jpg', '5.99', '0'),
(183, 'Jell-O Light Jelly Powder, Strawberry', 10, 39, '', 'images/products/358df_a.jpg', '1.19', '0'),
(184, 'Original Double Strength Vanilla 60ml', 10, 49, '', 'images/products/fbd78_a.jpg', '2.99', '0'),
(185, 'Maple Leaf Slow Cooked Turkey Breast 550 gram', 8, 50, '', 'images/products/7f7b2_a.jpg', '9.98', '0'),
(186, 'Prime Naturally Chicken Breast 2 per pack', 8, 50, '', 'images/products/1b458_a.jpg', '11.21', '0'),
(187, 'Green Peppers', 14, 51, '', 'images/products/00b81_a.jpg', '3.99', '0'),
(188, 'Maple Leaf Slow Cooked Beef Pot Roast 600 gram', 8, 52, '', 'images/products/ee2a2_a.jpg', '9.98', '0'),
(189, 'Maple Leaf Shaved Roast Beef In BBQ Sauce 600 gram', 8, 52, '', 'images/products/0aaee_a.jpg', '9.98', '0'),
(190, 'Fresh Atlantic Salmon Fillet Approx . 300 grams per package', 8, 53, '', 'images/products/8179a_a.jpg', '6.32', '0'),
(191, 'Kraft Philadelphia Low-Fat Herb and Garlic Cream Cheese', 9, 24, '', 'images/products/df032_a.jpg', '3.59', '0'),
(192, 'Fresh Pickerel Fillets Approx 225 grams per package', 8, 53, '', 'images/products/8f307_a.jpg', '7.54', '0'),
(193, 'Dempster''s Bagel Sesame Seed Low-Fat 6 per bag', 7, 54, '', 'images/products/23f50_a.jpg', '4.99', '1.99'),
(194, 'Dempster Bagel Cinnamon-Raisin Low-Fat 6 per bag', 7, 54, '', 'images/products/251bd_a.jpg', '4.99', '3.99'),
(195, 'Dempster''s Bagel Blueberry Low-Fat 6 per bag', 7, 54, '', 'images/products/383f4_a.jpg', '4.99', '0'),
(196, 'Dempster''s Sliced White Sandwich Bread 675 gram', 7, 4, '', 'images/products/33a08_a.jpg', '3.59', '0'),
(197, 'Dempsters Sliced 60% Whole Wheat Sandwich Bread 675 gram', 7, 4, 'Dempsters Sliced 60% Whole Wheat Sandwich Bread 675 gram, At Dempsters our dedication to quality has been a tradition since 1880. ', 'images/products/95e83_a.jpg', '3.59', '2.99'),
(198, 'Catelli Healthy Harvest Whole Wheat Penne Rigate 375 gram', 3, 30, 'Catelli Healthy Harvest Whole Wheat Penne Rigate 375 gram,low in fat,Great taste, High source of fibre,No preservatives, Cooks in 13 minutes.\n', 'images/products/6c56a_a.jpg', '2.99', '2.49'),
(199, 'Compliments Cheese Filled Tre-Colore Tortellini 700 gram', 3, 30, '', 'images/products/0ebf6_a.jpg', '7.49', '5.99'),
(200, 'Kraft Philadelphia Cream Cheese', 9, 24, '', 'images/products/76c5b_b.jpg', '3.49', '2.99'),
(201, 'Compliments Grated Parmesan Cheese 250 gram', 9, 24, '', 'images/products/9b39b_b.jpg', '6.79', '0'),
(202, 'Compliments Grated Parmesan Cheese Light 250 gram', 9, 24, '35% less fat than our regular Compliments Grated Parmesan Cheese,16% M.F, 20% Moisture, A premium blend of canadian,Italian and Dutch Cheeses.', 'images/products/a7785_b.jpg', '6.79', '0'),
(203, 'Tide Ultra 2 Cold water Fresh Scent 2.4 KG 29 Uses', 6, 55, '29 uses,Specially designed for cold water washing for both your white and coloured clothes,Cold water washing saves energy and money.', 'images/products/b6d21_a.jpg', '9.97', '0'),
(204, 'Ultra 2 Tide Touch of Downy April Fresh', 6, 55, 'A touch of softness you never imagined from Tide, Each box has 29 uses.', 'images/products/79b5d_a.jpg', '8.99', '0'),
(205, 'Ultra 2 Cheer With Colorguard 2.46 kg', 6, 55, '', 'images/products/8caca_a.jpg', '8.99', '0'),
(206, 'Ultra Fleecy Gentle Vanilla 1.1 litre', 6, 56, '', 'images/products/fefb3_a.jpg', '4.99', '0'),
(207, 'Compliments Summer Soft Fabric Softener 3.6 litre', 6, 56, 'For cuddly softness and fresh, clean scent use our fabric softener in every final rinse. Gives clothes the softness of fluff; cuts ironing time; reduces static cling in lingerie and sweaters.\n', 'images/products/23ecb_a.jpg', '2.99', '0'),
(208, 'Compliments Bathroom Tissue 2 Ply Double Roll 12', 6, 57, '396 sheets per roll, Made with 100% recyceled paper.Each package contains 12 double rolls.', 'images/products/a0055_a.jpg', '6.99', '0'),
(209, 'Compliments Satiny Soft Bathroom Tissue Quilted 2 Ply 24 Rolls', 6, 57, 'Quilted, 2 ply, Unscented, No recycled fibres, Safe for sewers and septic tanks, Each package contains 24 rolls with 198 sheets per roll.', 'images/products/2b78d_a.jpg', '6.99', '0'),
(210, 'Compliments Satiny Soft Facial Tissues 3 ply', 6, 58, 'Each box contains 70 tissues, Size 21.5 cm x 19.3 cm.\n', 'images/products/c741a_a.jpg', '1.99', '0'),
(211, 'Compliments Satiny Soft Facial Tissue White 3ply 6 pack', 6, 58, '', 'images/products/ddb86_a.jpg', '5.99', '0'),
(212, 'Waffles', 7, 7, 'for joyce :)', 'images/addproduct.png', '1.99', '0');

-- --------------------------------------------------------

--
-- Table structure for table `fydp_recipeitems`
--

DROP TABLE IF EXISTS `fydp_recipeitems`;
CREATE TABLE IF NOT EXISTS `fydp_recipeitems` (
  `id` int(11) NOT NULL auto_increment,
  `product_id` int(11) default NULL,
  `recipe_id` int(11) NOT NULL default '0',
  PRIMARY KEY  (`id`),
  KEY `recipe_id` (`recipe_id`),
  KEY `product_id` (`product_id`)
) ENGINE=InnoDB DEFAULT CHARSET=latin1 AUTO_INCREMENT=149 ;

--
-- Dumping data for table `fydp_recipeitems`
--

INSERT INTO `fydp_recipeitems` (`id`, `product_id`, `recipe_id`) VALUES
(2, 1, 0),
(3, 2, 0),
(100, 176, 7),
(101, 183, 7),
(102, 12, 7),
(103, 182, 7),
(104, 184, 7),
(105, 186, 8),
(106, 187, 8),
(107, 26, 8),
(108, 176, 8),
(109, 39, 8),
(110, 81, 9),
(111, 95, 9),
(112, 191, 9),
(113, 190, 9),
(114, 102, 6),
(115, 112, 6),
(116, 181, 6),
(130, 202, 12),
(131, 191, 12),
(132, 200, 11),
(133, 199, 11),
(134, 157, 11),
(135, 29, 11),
(141, 29, 10),
(142, 191, 10),
(143, 8, 10),
(144, 144, 10),
(145, 198, 10),
(146, 186, 13),
(147, 201, 13),
(148, 200, 13);

-- --------------------------------------------------------

--
-- Table structure for table `fydp_recipes`
--

DROP TABLE IF EXISTS `fydp_recipes`;
CREATE TABLE IF NOT EXISTS `fydp_recipes` (
  `id` int(11) NOT NULL auto_increment,
  `name` varchar(200) NOT NULL default '',
  `image` varchar(200) default NULL,
  `directions` longtext,
  `prep_time` varchar(100) default NULL,
  `serves` int(2) default NULL,
  `category` varchar(100) default NULL,
  PRIMARY KEY  (`id`)
) ENGINE=InnoDB DEFAULT CHARSET=latin1 AUTO_INCREMENT=14 ;

--
-- Dumping data for table `fydp_recipes`
--

INSERT INTO `fydp_recipes` (`id`, `name`, `image`, `directions`, `prep_time`, `serves`, `category`) VALUES
(6, 'Football Cupcake Pull-Apart', 'images/recipes/ce021_a.jpg', 'Instructions: 1. Heat oven to 375F (350F for dark or nonstick pans). Place paper baking cup in each of 24 regular-size muffin cups. Make cake batter as directed on cake mix box. Divide batter evenly among muffin cups (about 2/3 full). 2. Bake 20 to 25 minutes or until toothpick inserted in center comes out clean. Cool in pans 10 minutes; remove from pans to cooling racks. Cool completely, about 30 minutes. 3. Spoon frosting into decorating bag with large star tip (size #5). Arrange cupcakes in football shape using 15 of the 24 cupcakes. Pipe thick lines of frosting over football-cupcake shape. Using spatula, spread frosting over cupcakes. Pipe decorative border of chocolate frosting around edge of football. Sprinkle decorative border with candy-coated chocolate candies. Pipe laces with white icing. Frost and decorate remaining cupcakes as desired, and serve alongside football.', '40 minutes', 10, 'Desserts'),
(7, 'Easy Strawberry Mousse', 'images/recipes/c4f16_b.jpg', 'Instructions: Beat cream cheese spread and vanilla in large bowl with electric mixer on low speed until well blended; set aside. -Stir boiling water into dry jelly powder in small bowl at least 2 min. until completely dissolved. Add cold water; stir until slightly thickened. Gradually add to cream cheese mixture, beating until well blended after each addition. Gently stir in 1-1/2 cups of the whipped topping and the strawberries. -Spoon evenly into 10 small dessert dishes. Refrigerate 1 hour or until firm. Top each with a dollop of the remaining whipped topping just before serving. Store any leftover desserts in refrigerator.', '15 minutes', 4, 'Light Recipes'),
(8, 'Mozzarella-Stuffed Chicken Breasts', 'images/recipes/3629a_b.jpg', 'Instructions: Preheat oven to 400°F. Mix 1/2 cup of the shredded cheese, the cream cheese, peppers, oregano and garlic salt until well blended; set aside. -Place 2 of the chicken breasts in large freezer-weight resealable plastic bag. Pound chicken with the side of a heavy can, rolling pin or meat mallet until chicken is 1/4-inch thick. Remove chicken from bag; set aside. Repeat with remaining 2 chicken breasts. Place chicken, top-sides down, on large cutting board. Spread each breast with one-fourth of the cheese mixture. Starting at one of the short ends, tightly roll up each chicken breast. Place, seam-sides down, in 8-inch square baking dish sprayed with cooking spray. Spoon pasta sauce evenly over chicken; cover with foil. -Bake 30 min. or until chicken is cooked through (170°F). Remove foil; sprinkle chicken with remaining 1/2 cup shredded cheese. Bake an additional 3 to 5 min. or until cheese is melted.', '15 minutes', 6, 'Snacks and Appetizers'),
(9, 'Skillet Salmon', 'images/recipes/4f753_a.jpg', 'Instructions: Heat oil in large skillet on medium-high heat. Add salmon; cook 5 min. on each side or until salmon flakes easily with fork. Remove from skillet; cover to keep warm. -Add milk and cream cheese product to skillet; cook and stir until cream cheese product is melted and mixture is well blended. Stir in cucumbers and dill. -Return salmon to skillet. Cook 2 min. or until heated through. Serve salmon topped with the cream cheese sauce.', '20 minutes', 5, 'Main Meals'),
(10, 'Bacon &amp; Tomato Presto Pasta', 'images/recipes/341b4_a.jpg', 'Ingredients  \n-8 slices bacon\n-1/2 cup cherry tomatoes\n-1 tub (250g) Herb & Garlic Cream Cheese Spread\n-1 cup milk\n-1 cup 4 Cheese Italiano Shredded Cheese\n-salt and pepper\n-6 cups hot cooked penne pasta\n\nInstructions\n-Just follow our 3 simple steps Cook 8 slices chopped bacon in a fry pan for 5 minutes or until bacon is crisp, stirring occasionally. Drain off fat. Stir in 1/2 cup cherry tomatoes.\n-Add 1 tub (250g) Herb & Garlic Cream Cheese Spread, 1 cup milk and 1/2 cup Shredded Cheese; mix well. Cook until hot and bubbly, stirring frequently.\n-Stir in 6 cups hot cooked penne pasta.', '30 minutes', 8, 'Main Meals'),
(11, 'Simple &amp; Creamy Tortellini Alfredo', 'images/recipes/6cdc4_a.jpg', 'Ingredients\n\n-1 can (10 fl oz/284 mL) 25%-less-sodium chicken broth\n-1 cup water\n -2 pkg. (250 g each) refrigerated cheese tortellini\n-125 g (1/2 of 250-g tub) Cream Cheese Spread\n-3 cups frozen peas\n-3/4 cup 4 Cheese Italiano Shredded Cheese\n-6 slices bacon, cooked, drained and crumbled\n\nInstructions\n-Pour broth and water into large saucepan; stir. Bring to boil on medium-high heat. Add tortellini. Reduce heat to medium-low; cover. Simmer 8 to 9 min. or until tortellini is tender. (Do not drain.)\n-Add cream cheese spread and peas; stir. Heat 2 to 3 min. or until cream cheese is completely melted, stirring occasionally.\n-Stir in shredded cheese and bacon.', '30 minutes', 6, 'Main Meals'),
(12, 'Mini Herb and Garlic Potato Bites', 'images/recipes/58f06_a.jpg', 'Ingredients\n\n-15 new potatoes (1-1/2 lb./675 g)\n-1/2 cup (1/2 of 250-g tub) Fat Free Herb & Garlic Cream Cheese Product\n-2 Tbsp. sour cream\n-2 Tbsp. Light Parmesan Grated Cheese\n-2 Tbsp. Bacon Bits\n-2 Tbsp. chopped fresh chives\n\nInstructions\n-Cook potatoes in saucepan of boiling water 15 min. or until tender.\n-Meanwhile, mix cream cheese spread, sour cream and Parmesan. Refrigerate until ready to use.\n-Drain potatoes; cool slightly. Cut in half; cut small piece from rounded bottom of each. Place, bottom-sides down, on platter; top with cream cheese mixture, bacon bits and chives.', '45 minutes', 15, 'Light Recipes'),
(13, 'Creamy Penne Pasta with Chicken', 'images/recipes/7d544_a.jpg', 'Ingredients\n-2 cups penne pasta, uncooked\n    * 1 lb. (450 g) boneless skinless chicken breasts, cut into bite-size pieces\n-1 tsp. oil\n-1 red pepper, finely chopped\n-1/2 cup (1/2 of 250-g tub) Light Cream Cheese Spread\n-1/2 cup milk\n-2 Tbsp. KRAFT 100% Parmesan Grated Cheese\n-2 Tbsp. sliced stuffed green olives\n- 2 tsp. dried rosemary leaves\n\nInstructions\n-Cook pasta as directed on package.\n-Meanwhile, cook and stir chicken in hot oil in large skillet on medium heat 5 min. or until chicken is cooked through, stirring frequently. Add remaining ingredients; cook 5 min. or until cream cheese spread is completely melted and mixture is well blended.\n-Drain pasta. Add to skillet; mix lightly.', '25 minutes', 4, 'Light Recipes');

-- --------------------------------------------------------

--
-- Table structure for table `fydp_stocks`
--

DROP TABLE IF EXISTS `fydp_stocks`;
CREATE TABLE IF NOT EXISTS `fydp_stocks` (
  `id` int(11) NOT NULL auto_increment,
  `product_id` int(11) NOT NULL default '0',
  `store_id` int(11) NOT NULL default '0',
  `aisle_id` int(11) NOT NULL default '0',
  `aisle_position` int(1) default NULL,
  `quantity` int(11) default '0',
  PRIMARY KEY  (`id`),
  KEY `product_id` (`product_id`,`store_id`,`aisle_id`,`quantity`),
  KEY `store_id` (`store_id`),
  KEY `aisle_id` (`aisle_id`),
  KEY `aisle_position` (`aisle_position`)
) ENGINE=InnoDB DEFAULT CHARSET=latin1 AUTO_INCREMENT=18097 ;

--
-- Dumping data for table `fydp_stocks`
--

INSERT INTO `fydp_stocks` (`id`, `product_id`, `store_id`, `aisle_id`, `aisle_position`, `quantity`) VALUES
(8649, 196, 1, 659, 8, 8),
(8650, 197, 1, 659, 8, 19),
(8651, 193, 1, 659, 2, 8),
(8652, 194, 1, 659, 4, 13),
(8653, 195, 1, 659, 2, 4),
(8654, 98, 1, 660, 1, 20),
(8655, 99, 1, 660, 6, 16),
(8656, 100, 1, 660, 1, 3),
(8657, 101, 1, 660, 1, 11),
(8658, 102, 1, 660, 8, 7),
(8659, 103, 1, 660, 5, 9),
(8660, 104, 1, 660, 2, 10),
(8661, 105, 1, 660, 3, 12),
(8662, 106, 1, 660, 3, 6),
(8663, 107, 1, 660, 4, 12),
(8664, 116, 1, 660, 5, 7),
(8665, 112, 1, 660, 8, 5),
(8666, 113, 1, 660, 7, 17),
(8667, 114, 1, 660, 6, 9),
(8668, 115, 1, 660, 5, 19),
(8669, 108, 1, 660, 4, 14),
(8670, 109, 1, 660, 8, 4),
(8671, 110, 1, 660, 4, 19),
(8672, 111, 1, 660, 2, 10),
(8673, 183, 1, 660, 4, 4),
(8674, 177, 1, 660, 6, 19),
(8675, 178, 1, 660, 4, 18),
(8676, 117, 1, 660, 3, 16),
(8677, 118, 1, 660, 3, 14),
(8678, 119, 1, 660, 8, 16),
(8679, 120, 1, 660, 2, 12),
(8680, 121, 1, 660, 8, 5),
(8681, 122, 1, 660, 5, 16),
(8682, 123, 1, 660, 8, 9),
(8683, 124, 1, 660, 1, 12),
(8684, 184, 1, 660, 3, 12),
(8685, 180, 1, 661, 2, 5),
(8686, 181, 1, 661, 5, 13),
(8687, 74, 1, 662, 1, 16),
(8688, 75, 1, 662, 8, 11),
(8689, 76, 1, 662, 7, 13),
(8690, 77, 1, 662, 4, 8),
(8691, 78, 1, 662, 4, 17),
(8692, 79, 1, 662, 1, 17),
(8693, 46, 1, 663, 4, 4),
(8694, 47, 1, 663, 5, 14),
(8695, 48, 1, 663, 5, 12),
(8696, 49, 1, 663, 7, 6),
(8697, 50, 1, 663, 3, 15),
(8698, 51, 1, 663, 5, 9),
(8699, 52, 1, 663, 2, 18),
(8700, 53, 1, 663, 8, 9),
(8701, 54, 1, 663, 8, 12),
(8702, 55, 1, 663, 8, 4),
(8703, 56, 1, 663, 3, 18),
(8704, 57, 1, 663, 5, 5),
(8705, 58, 1, 663, 4, 3),
(8706, 1, 1, 664, 4, 19),
(8707, 71, 1, 664, 7, 12),
(8708, 72, 1, 664, 6, 7),
(8709, 73, 1, 664, 6, 7),
(8710, 59, 1, 664, 7, 6),
(8711, 60, 1, 664, 6, 13),
(8712, 61, 1, 664, 4, 20),
(8713, 62, 1, 664, 3, 20),
(8714, 63, 1, 664, 3, 11),
(8715, 64, 1, 664, 7, 7),
(8716, 65, 1, 664, 7, 17),
(8717, 66, 1, 664, 6, 17),
(8718, 141, 1, 664, 8, 20),
(8719, 142, 1, 664, 6, 11),
(8720, 143, 1, 664, 1, 5),
(8721, 144, 1, 664, 4, 12),
(8722, 145, 1, 664, 1, 7),
(8723, 67, 1, 664, 1, 16),
(8724, 68, 1, 664, 4, 15),
(8725, 69, 1, 664, 1, 8),
(8726, 70, 1, 664, 8, 16),
(8727, 80, 1, 664, 8, 9),
(8728, 81, 1, 664, 6, 6),
(8729, 82, 1, 664, 3, 4),
(8730, 83, 1, 664, 6, 6),
(8731, 84, 1, 664, 3, 12),
(8732, 85, 1, 664, 1, 4),
(8733, 86, 1, 664, 3, 19),
(8734, 87, 1, 664, 1, 3),
(8735, 88, 1, 664, 3, 5),
(8736, 89, 1, 664, 2, 17),
(8737, 90, 1, 664, 6, 6),
(8738, 91, 1, 664, 1, 17),
(8739, 92, 1, 664, 8, 12),
(8740, 93, 1, 664, 5, 20),
(8741, 94, 1, 664, 7, 11),
(8742, 95, 1, 664, 6, 16),
(8743, 96, 1, 664, 7, 11),
(8744, 97, 1, 664, 8, 6),
(8745, 8, 1, 665, 5, 14),
(8746, 9, 1, 665, 4, 18),
(8747, 14, 1, 665, 2, 10),
(8748, 15, 1, 665, 8, 12),
(8749, 22, 1, 665, 3, 3),
(8750, 23, 1, 665, 5, 15),
(8751, 24, 1, 665, 2, 15),
(8752, 25, 1, 665, 5, 18),
(8753, 26, 1, 665, 7, 12),
(8754, 27, 1, 665, 6, 18),
(8755, 28, 1, 665, 1, 6),
(8756, 29, 1, 665, 7, 19),
(8757, 176, 1, 665, 6, 12),
(8758, 191, 1, 665, 6, 12),
(8759, 200, 1, 665, 8, 13),
(8760, 201, 1, 665, 6, 12),
(8761, 202, 1, 665, 2, 5),
(8762, 2, 1, 665, 4, 11),
(8763, 3, 1, 665, 5, 9),
(8764, 4, 1, 665, 8, 19),
(8765, 5, 1, 665, 3, 12),
(8766, 6, 1, 665, 5, 12),
(8767, 7, 1, 665, 2, 5),
(8768, 10, 1, 665, 4, 4),
(8769, 11, 1, 665, 6, 5),
(8770, 12, 1, 665, 8, 16),
(8771, 13, 1, 665, 3, 16),
(8772, 179, 1, 665, 6, 3),
(8773, 125, 1, 666, 3, 8),
(8774, 126, 1, 666, 5, 7),
(8775, 127, 1, 666, 8, 8),
(8776, 128, 1, 666, 7, 5),
(8777, 129, 1, 666, 4, 6),
(8778, 130, 1, 666, 5, 4),
(8779, 131, 1, 666, 5, 13),
(8780, 132, 1, 666, 8, 20),
(8781, 133, 1, 666, 1, 14),
(8782, 134, 1, 666, 5, 8),
(8783, 135, 1, 666, 6, 19),
(8784, 136, 1, 666, 3, 10),
(8785, 137, 1, 666, 1, 7),
(8786, 138, 1, 666, 2, 9),
(8787, 139, 1, 666, 8, 17),
(8788, 140, 1, 666, 4, 7),
(8789, 147, 1, 667, 1, 20),
(8790, 148, 1, 667, 4, 20),
(8791, 149, 1, 667, 3, 7),
(8792, 151, 1, 667, 1, 15),
(8793, 152, 1, 667, 4, 15),
(8794, 153, 1, 667, 7, 4),
(8795, 154, 1, 667, 3, 17),
(8796, 156, 1, 667, 1, 9),
(8797, 157, 1, 667, 4, 12),
(8798, 158, 1, 667, 6, 5),
(8799, 159, 1, 667, 4, 20),
(8800, 160, 1, 667, 5, 12),
(8801, 161, 1, 667, 3, 16),
(8802, 162, 1, 667, 8, 7),
(8803, 163, 1, 667, 5, 7),
(8804, 164, 1, 667, 5, 14),
(8805, 165, 1, 667, 2, 20),
(8806, 203, 1, 668, 6, 11),
(8807, 204, 1, 668, 3, 16),
(8808, 205, 1, 668, 2, 16),
(8809, 206, 1, 668, 4, 20),
(8810, 207, 1, 668, 7, 16),
(8811, 208, 1, 668, 7, 18),
(8812, 209, 1, 668, 1, 5),
(8813, 210, 1, 668, 4, 16),
(8814, 211, 1, 668, 3, 19),
(8815, 185, 1, 669, 6, 18),
(8816, 186, 1, 669, 4, 20),
(8817, 188, 1, 669, 5, 7),
(8818, 189, 1, 669, 2, 6),
(8819, 190, 1, 669, 5, 16),
(8820, 192, 1, 669, 7, 16),
(8821, 36, 1, 670, 6, 11),
(8822, 37, 1, 670, 2, 3),
(8823, 38, 1, 670, 2, 10),
(8824, 39, 1, 670, 7, 14),
(8825, 30, 1, 670, 4, 14),
(8826, 31, 1, 670, 4, 5),
(8827, 32, 1, 670, 4, 11),
(8828, 33, 1, 670, 3, 19),
(8829, 34, 1, 670, 2, 14),
(8830, 35, 1, 670, 7, 19),
(8831, 40, 1, 670, 4, 6),
(8832, 41, 1, 670, 8, 4),
(8833, 42, 1, 670, 4, 5),
(8834, 43, 1, 670, 3, 3),
(8835, 44, 1, 670, 8, 4),
(8836, 45, 1, 670, 7, 14),
(8837, 198, 1, 670, 5, 3),
(8838, 199, 1, 670, 6, 16),
(8839, 172, 1, 671, 4, 10),
(8840, 173, 1, 671, 4, 18),
(8841, 174, 1, 671, 1, 17),
(8842, 175, 1, 671, 8, 12),
(8843, 166, 1, 671, 3, 8),
(8844, 167, 1, 671, 4, 11),
(8845, 168, 1, 671, 8, 7),
(8846, 169, 1, 671, 3, 10),
(8847, 170, 1, 671, 4, 8),
(8848, 182, 1, 672, 5, 20),
(8849, 187, 1, 672, 7, 20),
(8850, 196, 3, 673, 8, 16),
(8851, 197, 3, 673, 4, 16),
(8852, 193, 3, 673, 6, 6),
(8853, 194, 3, 673, 2, 5),
(8854, 195, 3, 673, 2, 10),
(8855, 98, 3, 674, 1, 15),
(8856, 99, 3, 674, 6, 9),
(8857, 100, 3, 674, 2, 4),
(8858, 101, 3, 674, 3, 11),
(8859, 102, 3, 674, 4, 15),
(8860, 103, 3, 674, 8, 16),
(8861, 104, 3, 674, 2, 19),
(8862, 105, 3, 674, 2, 4),
(8863, 106, 3, 674, 7, 13),
(8864, 107, 3, 674, 8, 14),
(8865, 116, 3, 674, 5, 10),
(8866, 112, 3, 674, 4, 7),
(8867, 113, 3, 674, 5, 14),
(8868, 114, 3, 674, 3, 6),
(8869, 115, 3, 674, 6, 12),
(8870, 108, 3, 674, 5, 15),
(8871, 109, 3, 674, 3, 7),
(8872, 110, 3, 674, 1, 10),
(8873, 111, 3, 674, 4, 9),
(8874, 183, 3, 674, 8, 18),
(8875, 177, 3, 674, 1, 18),
(8876, 178, 3, 674, 6, 9),
(8877, 117, 3, 674, 6, 18),
(8878, 118, 3, 674, 4, 13),
(8879, 119, 3, 674, 4, 9),
(8880, 120, 3, 674, 2, 20),
(8881, 121, 3, 674, 7, 14),
(8882, 122, 3, 674, 2, 10),
(8883, 123, 3, 674, 3, 13),
(8884, 124, 3, 674, 5, 19),
(8885, 184, 3, 674, 1, 6),
(8886, 180, 3, 675, 6, 9),
(8887, 181, 3, 675, 4, 16),
(8888, 74, 3, 676, 7, 18),
(8889, 75, 3, 676, 1, 15),
(8890, 76, 3, 676, 6, 6),
(8891, 77, 3, 676, 5, 9),
(8892, 78, 3, 676, 5, 7),
(8893, 79, 3, 676, 2, 20),
(8894, 46, 3, 677, 7, 13),
(8895, 47, 3, 677, 3, 4),
(8896, 48, 3, 677, 5, 4),
(8897, 49, 3, 677, 6, 17),
(8898, 50, 3, 677, 4, 3),
(8899, 51, 3, 677, 3, 4),
(8900, 52, 3, 677, 8, 11),
(8901, 53, 3, 677, 3, 13),
(8902, 54, 3, 677, 7, 17),
(8903, 55, 3, 677, 3, 14),
(8904, 56, 3, 677, 6, 10),
(8905, 57, 3, 677, 3, 10),
(8906, 58, 3, 677, 6, 18),
(8907, 1, 3, 678, 7, 6),
(8908, 71, 3, 678, 1, 20),
(8909, 72, 3, 678, 2, 20),
(8910, 73, 3, 678, 5, 11),
(8911, 59, 3, 678, 1, 5),
(8912, 60, 3, 678, 5, 17),
(8913, 61, 3, 678, 8, 3),
(8914, 62, 3, 678, 7, 7),
(8915, 63, 3, 678, 1, 16),
(8916, 64, 3, 678, 6, 10),
(8917, 65, 3, 678, 3, 13),
(8918, 66, 3, 678, 2, 14),
(8919, 141, 3, 678, 2, 18),
(8920, 142, 3, 678, 1, 12),
(8921, 143, 3, 678, 3, 15),
(8922, 144, 3, 678, 3, 3),
(8923, 145, 3, 678, 8, 10),
(8924, 67, 3, 678, 8, 3),
(8925, 68, 3, 678, 4, 12),
(8926, 69, 3, 678, 4, 10),
(8927, 70, 3, 678, 6, 3),
(8928, 80, 3, 678, 2, 12),
(8929, 81, 3, 678, 1, 3),
(8930, 82, 3, 678, 7, 6),
(8931, 83, 3, 678, 7, 13),
(8932, 84, 3, 678, 5, 4),
(8933, 85, 3, 678, 2, 17),
(8934, 86, 3, 678, 6, 8),
(8935, 87, 3, 678, 6, 17),
(8936, 88, 3, 678, 7, 20),
(8937, 89, 3, 678, 5, 5),
(8938, 90, 3, 678, 1, 10),
(8939, 91, 3, 678, 5, 20),
(8940, 92, 3, 678, 4, 20),
(8941, 93, 3, 678, 5, 20),
(8942, 94, 3, 678, 4, 5),
(8943, 95, 3, 678, 8, 14),
(8944, 96, 3, 678, 6, 4),
(8945, 97, 3, 678, 6, 12),
(8946, 8, 3, 679, 2, 10),
(8947, 9, 3, 679, 1, 17),
(8948, 14, 3, 679, 4, 7),
(8949, 15, 3, 679, 6, 6),
(8950, 22, 3, 679, 5, 9),
(8951, 23, 3, 679, 1, 9),
(8952, 24, 3, 679, 3, 12),
(8953, 25, 3, 679, 5, 9),
(8954, 26, 3, 679, 8, 5),
(8955, 27, 3, 679, 3, 10),
(8956, 28, 3, 679, 1, 18),
(8957, 29, 3, 679, 3, 11),
(8958, 176, 3, 679, 1, 9),
(8959, 191, 3, 679, 2, 16),
(8960, 200, 3, 679, 4, 17),
(8961, 201, 3, 679, 3, 14),
(8962, 202, 3, 679, 2, 10),
(8963, 2, 3, 679, 4, 15),
(8964, 3, 3, 679, 5, 5),
(8965, 4, 3, 679, 8, 5),
(8966, 5, 3, 679, 4, 19),
(8967, 6, 3, 679, 5, 18),
(8968, 7, 3, 679, 4, 4),
(8969, 10, 3, 679, 2, 10),
(8970, 11, 3, 679, 2, 12),
(8971, 12, 3, 679, 7, 7),
(8972, 13, 3, 679, 4, 5),
(8973, 179, 3, 679, 7, 10),
(8974, 125, 3, 680, 5, 19),
(8975, 126, 3, 680, 2, 19),
(8976, 127, 3, 680, 6, 11),
(8977, 128, 3, 680, 5, 18),
(8978, 129, 3, 680, 7, 4),
(8979, 130, 3, 680, 5, 11),
(8980, 131, 3, 680, 2, 11),
(8981, 132, 3, 680, 6, 15),
(8982, 133, 3, 680, 4, 5),
(8983, 134, 3, 680, 5, 18),
(8984, 135, 3, 680, 2, 15),
(8985, 136, 3, 680, 2, 10),
(8986, 137, 3, 680, 2, 3),
(8987, 138, 3, 680, 6, 14),
(8988, 139, 3, 680, 2, 10),
(8989, 140, 3, 680, 1, 15),
(8990, 147, 3, 681, 3, 7),
(8991, 148, 3, 681, 6, 3),
(8992, 149, 3, 681, 6, 7),
(8993, 151, 3, 681, 8, 12),
(8994, 152, 3, 681, 3, 11),
(8995, 153, 3, 681, 1, 11),
(8996, 154, 3, 681, 8, 14),
(8997, 156, 3, 681, 2, 9),
(8998, 157, 3, 681, 7, 15),
(8999, 158, 3, 681, 2, 3),
(9000, 159, 3, 681, 4, 10),
(9001, 160, 3, 681, 4, 14),
(9002, 161, 3, 681, 4, 4),
(9003, 162, 3, 681, 3, 14),
(9004, 163, 3, 681, 5, 9),
(9005, 164, 3, 681, 3, 18),
(9006, 165, 3, 681, 5, 3),
(9007, 203, 3, 682, 8, 8),
(9008, 204, 3, 682, 3, 17),
(9009, 205, 3, 682, 7, 12),
(9010, 206, 3, 682, 3, 18),
(9011, 207, 3, 682, 1, 7),
(9012, 208, 3, 682, 5, 7),
(9013, 209, 3, 682, 5, 9),
(9014, 210, 3, 682, 8, 17),
(9015, 211, 3, 682, 3, 9),
(9016, 185, 3, 683, 2, 17),
(9017, 186, 3, 683, 8, 14),
(9018, 188, 3, 683, 8, 8),
(9019, 189, 3, 683, 3, 10),
(9020, 190, 3, 683, 6, 14),
(9021, 192, 3, 683, 3, 7),
(9022, 36, 3, 684, 6, 6),
(9023, 37, 3, 684, 5, 19),
(9024, 38, 3, 684, 8, 10),
(9025, 39, 3, 684, 4, 7),
(9026, 30, 3, 684, 3, 12),
(9027, 31, 3, 684, 4, 18),
(9028, 32, 3, 684, 7, 4),
(9029, 33, 3, 684, 2, 15),
(9030, 34, 3, 684, 7, 12),
(9031, 35, 3, 684, 1, 4),
(9032, 40, 3, 684, 3, 3),
(9033, 41, 3, 684, 6, 7),
(9034, 42, 3, 684, 3, 3),
(9035, 43, 3, 684, 6, 20),
(9036, 44, 3, 684, 6, 20),
(9037, 45, 3, 684, 2, 9),
(9038, 198, 3, 684, 2, 17),
(9039, 199, 3, 684, 3, 5),
(9040, 172, 3, 685, 2, 17),
(9041, 173, 3, 685, 4, 12),
(9042, 174, 3, 685, 3, 19),
(9043, 175, 3, 685, 4, 4),
(9044, 166, 3, 685, 8, 13),
(9045, 167, 3, 685, 7, 18),
(9046, 168, 3, 685, 1, 17),
(9047, 169, 3, 685, 8, 11),
(9048, 170, 3, 685, 7, 15),
(9049, 182, 3, 686, 3, 10),
(9050, 187, 3, 686, 7, 12),
(9051, 196, 6, 687, 2, 4),
(9052, 197, 6, 687, 6, 11),
(9053, 193, 6, 687, 8, 4),
(9054, 194, 6, 687, 2, 20),
(9055, 195, 6, 687, 4, 7),
(9056, 98, 6, 688, 8, 20),
(9057, 99, 6, 688, 1, 17),
(9058, 100, 6, 688, 1, 18),
(9059, 101, 6, 688, 7, 13),
(9060, 102, 6, 688, 6, 10),
(9061, 103, 6, 688, 3, 19),
(9062, 104, 6, 688, 2, 14),
(9063, 105, 6, 688, 1, 13),
(9064, 106, 6, 688, 1, 11),
(9065, 107, 6, 688, 3, 12),
(9066, 116, 6, 688, 6, 11),
(9067, 112, 6, 688, 2, 5),
(9068, 113, 6, 688, 3, 7),
(9069, 114, 6, 688, 2, 12),
(9070, 115, 6, 688, 2, 13),
(9071, 108, 6, 688, 7, 5),
(9072, 109, 6, 688, 5, 18),
(9073, 110, 6, 688, 8, 15),
(9074, 111, 6, 688, 6, 16),
(9075, 183, 6, 688, 3, 10),
(9076, 177, 6, 688, 2, 12),
(9077, 178, 6, 688, 3, 8),
(9078, 117, 6, 688, 2, 9),
(9079, 118, 6, 688, 8, 6),
(9080, 119, 6, 688, 7, 7),
(9081, 120, 6, 688, 6, 12),
(9082, 121, 6, 688, 6, 19),
(9083, 122, 6, 688, 6, 4),
(9084, 123, 6, 688, 2, 18),
(9085, 124, 6, 688, 5, 8),
(9086, 184, 6, 688, 4, 10),
(9087, 180, 6, 689, 4, 4),
(9088, 181, 6, 689, 3, 11),
(9089, 74, 6, 690, 7, 20),
(9090, 75, 6, 690, 2, 3),
(9091, 76, 6, 690, 4, 8),
(9092, 77, 6, 690, 5, 15),
(9093, 78, 6, 690, 6, 16),
(9094, 79, 6, 690, 1, 12),
(9095, 46, 6, 691, 8, 19),
(9096, 47, 6, 691, 7, 14),
(9097, 48, 6, 691, 4, 12),
(9098, 49, 6, 691, 5, 5),
(9099, 50, 6, 691, 5, 14),
(9100, 51, 6, 691, 1, 6),
(9101, 52, 6, 691, 8, 12),
(9102, 53, 6, 691, 5, 11),
(9103, 54, 6, 691, 5, 18),
(9104, 55, 6, 691, 8, 9),
(9105, 56, 6, 691, 7, 4),
(9106, 57, 6, 691, 4, 7),
(9107, 58, 6, 691, 4, 19),
(9108, 1, 6, 692, 8, 4),
(9109, 71, 6, 692, 6, 4),
(9110, 72, 6, 692, 5, 13),
(9111, 73, 6, 692, 1, 9),
(9112, 59, 6, 692, 2, 11),
(9113, 60, 6, 692, 8, 16),
(9114, 61, 6, 692, 5, 11),
(9115, 62, 6, 692, 4, 14),
(9116, 63, 6, 692, 6, 10),
(9117, 64, 6, 692, 2, 7),
(9118, 65, 6, 692, 8, 16),
(9119, 66, 6, 692, 2, 17),
(9120, 141, 6, 692, 2, 3),
(9121, 142, 6, 692, 8, 12),
(9122, 143, 6, 692, 3, 8),
(9123, 144, 6, 692, 4, 7),
(9124, 145, 6, 692, 4, 4),
(9125, 67, 6, 692, 3, 20),
(9126, 68, 6, 692, 6, 8),
(9127, 69, 6, 692, 3, 18),
(9128, 70, 6, 692, 7, 7),
(9129, 80, 6, 692, 6, 9),
(9130, 81, 6, 692, 6, 3),
(9131, 82, 6, 692, 1, 9),
(9132, 83, 6, 692, 4, 6),
(9133, 84, 6, 692, 6, 9),
(9134, 85, 6, 692, 8, 17),
(9135, 86, 6, 692, 2, 4),
(9136, 87, 6, 692, 7, 3),
(9137, 88, 6, 692, 5, 3),
(9138, 89, 6, 692, 4, 3),
(9139, 90, 6, 692, 3, 16),
(9140, 91, 6, 692, 2, 14),
(9141, 92, 6, 692, 7, 17),
(9142, 93, 6, 692, 8, 5),
(9143, 94, 6, 692, 6, 15),
(9144, 95, 6, 692, 4, 8),
(9145, 96, 6, 692, 1, 4),
(9146, 97, 6, 692, 4, 5),
(9147, 8, 6, 693, 4, 17),
(9148, 9, 6, 693, 3, 5),
(9149, 14, 6, 693, 2, 7),
(9150, 15, 6, 693, 8, 8),
(9151, 22, 6, 693, 3, 15),
(9152, 23, 6, 693, 3, 19),
(9153, 24, 6, 693, 6, 16),
(9154, 25, 6, 693, 8, 3),
(9155, 26, 6, 693, 5, 5),
(9156, 27, 6, 693, 6, 8),
(9157, 28, 6, 693, 8, 13),
(9158, 29, 6, 693, 4, 14),
(9159, 176, 6, 693, 3, 17),
(9160, 191, 6, 693, 8, 10),
(9161, 200, 6, 693, 8, 9),
(9162, 201, 6, 693, 5, 10),
(9163, 202, 6, 693, 2, 17),
(9164, 2, 6, 693, 5, 9),
(9165, 3, 6, 693, 1, 10),
(9166, 4, 6, 693, 6, 10),
(9167, 5, 6, 693, 1, 3),
(9168, 6, 6, 693, 3, 17),
(9169, 7, 6, 693, 7, 8),
(9170, 10, 6, 693, 7, 8),
(9171, 11, 6, 693, 4, 12),
(9172, 12, 6, 693, 5, 9),
(9173, 13, 6, 693, 1, 3),
(9174, 179, 6, 693, 1, 9),
(9175, 125, 6, 694, 7, 20),
(9176, 126, 6, 694, 7, 16),
(9177, 127, 6, 694, 3, 8),
(9178, 128, 6, 694, 2, 12),
(9179, 129, 6, 694, 1, 14),
(9180, 130, 6, 694, 8, 5),
(9181, 131, 6, 694, 1, 12),
(9182, 132, 6, 694, 5, 5),
(9183, 133, 6, 694, 5, 18),
(9184, 134, 6, 694, 8, 9),
(9185, 135, 6, 694, 2, 18),
(9186, 136, 6, 694, 6, 14),
(9187, 137, 6, 694, 3, 8),
(9188, 138, 6, 694, 8, 10),
(9189, 139, 6, 694, 3, 3),
(9190, 140, 6, 694, 7, 5),
(9191, 147, 6, 695, 8, 13),
(9192, 148, 6, 695, 8, 8),
(9193, 149, 6, 695, 7, 3),
(9194, 151, 6, 695, 7, 20),
(9195, 152, 6, 695, 6, 16),
(9196, 153, 6, 695, 2, 16),
(9197, 154, 6, 695, 3, 15),
(9198, 156, 6, 695, 8, 18),
(9199, 157, 6, 695, 5, 19),
(9200, 158, 6, 695, 3, 17),
(9201, 159, 6, 695, 7, 19),
(9202, 160, 6, 695, 4, 4),
(9203, 161, 6, 695, 2, 10),
(9204, 162, 6, 695, 5, 12),
(9205, 163, 6, 695, 4, 9),
(9206, 164, 6, 695, 6, 10),
(9207, 165, 6, 695, 8, 13),
(9208, 203, 6, 696, 6, 17),
(9209, 204, 6, 696, 5, 13),
(9210, 205, 6, 696, 7, 8),
(9211, 206, 6, 696, 3, 19),
(9212, 207, 6, 696, 1, 14),
(9213, 208, 6, 696, 6, 3),
(9214, 209, 6, 696, 4, 6),
(9215, 210, 6, 696, 8, 16),
(9216, 211, 6, 696, 1, 15),
(9217, 185, 6, 697, 6, 10),
(9218, 186, 6, 697, 7, 19),
(9219, 188, 6, 697, 7, 8),
(9220, 189, 6, 697, 4, 7),
(9221, 190, 6, 697, 6, 4),
(9222, 192, 6, 697, 6, 13),
(9223, 36, 6, 698, 6, 10),
(9224, 37, 6, 698, 4, 7),
(9225, 38, 6, 698, 8, 6),
(9226, 39, 6, 698, 5, 8),
(9227, 30, 6, 698, 1, 14),
(9228, 31, 6, 698, 8, 16),
(9229, 32, 6, 698, 6, 10),
(9230, 33, 6, 698, 8, 13),
(9231, 34, 6, 698, 2, 20),
(9232, 35, 6, 698, 3, 18),
(9233, 40, 6, 698, 4, 3),
(9234, 41, 6, 698, 7, 6),
(9235, 42, 6, 698, 3, 7),
(9236, 43, 6, 698, 4, 3),
(9237, 44, 6, 698, 3, 4),
(9238, 45, 6, 698, 6, 3),
(9239, 198, 6, 698, 5, 3),
(9240, 199, 6, 698, 3, 11),
(9241, 172, 6, 699, 2, 18),
(9242, 173, 6, 699, 7, 9),
(9243, 174, 6, 699, 4, 16),
(9244, 175, 6, 699, 1, 5),
(9245, 166, 6, 699, 2, 3),
(9246, 167, 6, 699, 6, 10),
(9247, 168, 6, 699, 1, 19),
(9248, 169, 6, 699, 3, 10),
(9249, 170, 6, 699, 8, 4),
(9250, 182, 6, 700, 3, 8),
(9251, 187, 6, 700, 1, 10),
(9252, 196, 7, 701, 6, 6),
(9253, 197, 7, 701, 6, 15),
(9254, 193, 7, 701, 8, 6),
(9255, 194, 7, 701, 6, 8),
(9256, 195, 7, 701, 4, 20),
(9257, 98, 7, 702, 7, 4),
(9258, 99, 7, 702, 3, 18),
(9259, 100, 7, 702, 1, 14),
(9260, 101, 7, 702, 3, 3),
(9261, 102, 7, 702, 6, 19),
(9262, 103, 7, 702, 3, 3),
(9263, 104, 7, 702, 1, 16),
(9264, 105, 7, 702, 6, 7),
(9265, 106, 7, 702, 7, 9),
(9266, 107, 7, 702, 8, 19),
(9267, 116, 7, 702, 3, 5),
(9268, 112, 7, 702, 2, 4),
(9269, 113, 7, 702, 2, 19),
(9270, 114, 7, 702, 4, 19),
(9271, 115, 7, 702, 6, 17),
(9272, 108, 7, 702, 7, 12),
(9273, 109, 7, 702, 8, 6),
(9274, 110, 7, 702, 4, 19),
(9275, 111, 7, 702, 7, 14),
(9276, 183, 7, 702, 8, 12),
(9277, 177, 7, 702, 5, 7),
(9278, 178, 7, 702, 5, 13),
(9279, 117, 7, 702, 1, 7),
(9280, 118, 7, 702, 7, 18),
(9281, 119, 7, 702, 5, 16),
(9282, 120, 7, 702, 6, 19),
(9283, 121, 7, 702, 8, 20),
(9284, 122, 7, 702, 1, 3),
(9285, 123, 7, 702, 8, 10),
(9286, 124, 7, 702, 8, 13),
(9287, 184, 7, 702, 2, 18),
(9288, 180, 7, 703, 2, 4),
(9289, 181, 7, 703, 1, 12),
(9290, 74, 7, 704, 1, 19),
(9291, 75, 7, 704, 2, 19),
(9292, 76, 7, 704, 4, 16),
(9293, 77, 7, 704, 2, 3),
(9294, 78, 7, 704, 3, 7),
(9295, 79, 7, 704, 3, 6),
(9296, 46, 7, 705, 1, 19),
(9297, 47, 7, 705, 8, 17),
(9298, 48, 7, 705, 7, 18),
(9299, 49, 7, 705, 7, 19),
(9300, 50, 7, 705, 8, 15),
(9301, 51, 7, 705, 3, 18),
(9302, 52, 7, 705, 3, 13),
(9303, 53, 7, 705, 6, 10),
(9304, 54, 7, 705, 6, 16),
(9305, 55, 7, 705, 8, 15),
(9306, 56, 7, 705, 6, 4),
(9307, 57, 7, 705, 5, 5),
(9308, 58, 7, 705, 7, 16),
(9309, 1, 7, 706, 2, 6),
(9310, 71, 7, 706, 8, 11),
(9311, 72, 7, 706, 3, 4),
(9312, 73, 7, 706, 4, 8),
(9313, 59, 7, 706, 7, 8),
(9314, 60, 7, 706, 2, 14),
(9315, 61, 7, 706, 2, 3),
(9316, 62, 7, 706, 3, 12),
(9317, 63, 7, 706, 8, 14),
(9318, 64, 7, 706, 1, 13),
(9319, 65, 7, 706, 1, 17),
(9320, 66, 7, 706, 3, 20),
(9321, 141, 7, 706, 4, 3),
(9322, 142, 7, 706, 1, 3),
(9323, 143, 7, 706, 2, 19),
(9324, 144, 7, 706, 7, 8),
(9325, 145, 7, 706, 2, 17),
(9326, 67, 7, 706, 7, 12),
(9327, 68, 7, 706, 7, 6),
(9328, 69, 7, 706, 7, 15),
(9329, 70, 7, 706, 4, 20),
(9330, 80, 7, 706, 4, 15),
(9331, 81, 7, 706, 8, 15),
(9332, 82, 7, 706, 2, 18),
(9333, 83, 7, 706, 3, 8),
(9334, 84, 7, 706, 4, 10),
(9335, 85, 7, 706, 1, 17),
(9336, 86, 7, 706, 4, 13),
(9337, 87, 7, 706, 7, 11),
(9338, 88, 7, 706, 5, 20),
(9339, 89, 7, 706, 4, 10),
(9340, 90, 7, 706, 3, 12),
(9341, 91, 7, 706, 2, 3),
(9342, 92, 7, 706, 1, 4),
(9343, 93, 7, 706, 2, 18),
(9344, 94, 7, 706, 7, 15),
(9345, 95, 7, 706, 7, 5),
(9346, 96, 7, 706, 4, 18),
(9347, 97, 7, 706, 8, 13),
(9348, 8, 7, 707, 6, 7),
(9349, 9, 7, 707, 8, 6),
(9350, 14, 7, 707, 6, 3),
(9351, 15, 7, 707, 1, 3),
(9352, 22, 7, 707, 5, 18),
(9353, 23, 7, 707, 4, 6),
(9354, 24, 7, 707, 7, 19),
(9355, 25, 7, 707, 6, 3),
(9356, 26, 7, 707, 4, 18),
(9357, 27, 7, 707, 1, 12),
(9358, 28, 7, 707, 8, 8),
(9359, 29, 7, 707, 4, 15),
(9360, 176, 7, 707, 1, 7),
(9361, 191, 7, 707, 7, 10),
(9362, 200, 7, 707, 1, 16),
(9363, 201, 7, 707, 1, 18),
(9364, 202, 7, 707, 8, 20),
(9365, 2, 7, 707, 1, 13),
(9366, 3, 7, 707, 1, 4),
(9367, 4, 7, 707, 6, 14),
(9368, 5, 7, 707, 8, 5),
(9369, 6, 7, 707, 7, 15),
(9370, 7, 7, 707, 1, 11),
(9371, 10, 7, 707, 6, 11),
(9372, 11, 7, 707, 3, 17),
(9373, 12, 7, 707, 1, 7),
(9374, 13, 7, 707, 2, 10),
(9375, 179, 7, 707, 8, 5),
(9376, 125, 7, 708, 6, 16),
(9377, 126, 7, 708, 5, 17),
(9378, 127, 7, 708, 4, 14),
(9379, 128, 7, 708, 6, 11),
(9380, 129, 7, 708, 5, 15),
(9381, 130, 7, 708, 1, 14),
(9382, 131, 7, 708, 7, 15),
(9383, 132, 7, 708, 3, 14),
(9384, 133, 7, 708, 7, 6),
(9385, 134, 7, 708, 3, 18),
(9386, 135, 7, 708, 6, 4),
(9387, 136, 7, 708, 3, 3),
(9388, 137, 7, 708, 7, 9),
(9389, 138, 7, 708, 2, 20),
(9390, 139, 7, 708, 7, 5),
(9391, 140, 7, 708, 2, 11),
(9392, 147, 7, 709, 8, 16),
(9393, 148, 7, 709, 3, 10),
(9394, 149, 7, 709, 4, 19),
(9395, 151, 7, 709, 8, 3),
(9396, 152, 7, 709, 5, 20),
(9397, 153, 7, 709, 6, 8),
(9398, 154, 7, 709, 6, 20),
(9399, 156, 7, 709, 8, 11),
(9400, 157, 7, 709, 1, 8),
(9401, 158, 7, 709, 3, 17),
(9402, 159, 7, 709, 4, 15),
(9403, 160, 7, 709, 7, 7),
(9404, 161, 7, 709, 1, 3),
(9405, 162, 7, 709, 2, 18),
(9406, 163, 7, 709, 2, 10),
(9407, 164, 7, 709, 3, 4),
(9408, 165, 7, 709, 2, 13),
(9409, 203, 7, 710, 5, 12),
(9410, 204, 7, 710, 4, 10),
(9411, 205, 7, 710, 5, 3),
(9412, 206, 7, 710, 3, 6),
(9413, 207, 7, 710, 3, 3),
(9414, 208, 7, 710, 2, 9),
(9415, 209, 7, 710, 4, 7),
(9416, 210, 7, 710, 6, 17),
(9417, 211, 7, 710, 1, 3),
(9418, 185, 7, 711, 5, 18),
(9419, 186, 7, 711, 3, 13),
(9420, 188, 7, 711, 8, 12),
(9421, 189, 7, 711, 4, 3),
(9422, 190, 7, 711, 8, 15),
(9423, 192, 7, 711, 2, 4),
(9424, 36, 7, 712, 3, 15),
(9425, 37, 7, 712, 6, 16),
(9426, 38, 7, 712, 1, 6),
(9427, 39, 7, 712, 7, 10),
(9428, 30, 7, 712, 4, 5),
(9429, 31, 7, 712, 4, 13),
(9430, 32, 7, 712, 5, 19),
(9431, 33, 7, 712, 7, 6),
(9432, 34, 7, 712, 6, 19),
(9433, 35, 7, 712, 2, 7),
(9434, 40, 7, 712, 7, 12),
(9435, 41, 7, 712, 7, 14),
(9436, 42, 7, 712, 1, 6),
(9437, 43, 7, 712, 6, 3),
(9438, 44, 7, 712, 8, 18),
(9439, 45, 7, 712, 2, 6),
(9440, 198, 7, 712, 5, 16),
(9441, 199, 7, 712, 8, 13),
(9442, 172, 7, 713, 8, 15),
(9443, 173, 7, 713, 1, 9),
(9444, 174, 7, 713, 7, 11),
(9445, 175, 7, 713, 8, 9),
(9446, 166, 7, 713, 4, 16),
(9447, 167, 7, 713, 5, 5),
(9448, 168, 7, 713, 6, 16),
(9449, 169, 7, 713, 3, 10),
(9450, 170, 7, 713, 3, 6),
(9451, 182, 7, 714, 1, 9),
(9452, 187, 7, 714, 3, 16),
(9453, 196, 8, 715, 4, 7),
(9454, 197, 8, 715, 4, 4),
(9455, 193, 8, 715, 6, 8),
(9456, 194, 8, 715, 6, 14),
(9457, 195, 8, 715, 2, 13),
(9458, 98, 8, 716, 2, 12),
(9459, 99, 8, 716, 3, 16),
(9460, 100, 8, 716, 6, 20),
(9461, 101, 8, 716, 5, 3),
(9462, 102, 8, 716, 4, 17),
(9463, 103, 8, 716, 2, 10),
(9464, 104, 8, 716, 2, 13),
(9465, 105, 8, 716, 2, 13),
(9466, 106, 8, 716, 7, 16),
(9467, 107, 8, 716, 2, 7),
(9468, 116, 8, 716, 7, 11),
(9469, 112, 8, 716, 5, 11),
(9470, 113, 8, 716, 6, 14),
(9471, 114, 8, 716, 2, 9),
(9472, 115, 8, 716, 4, 8),
(9473, 108, 8, 716, 8, 15),
(9474, 109, 8, 716, 7, 8),
(9475, 110, 8, 716, 4, 11),
(9476, 111, 8, 716, 3, 19),
(9477, 183, 8, 716, 5, 15),
(9478, 177, 8, 716, 7, 15),
(9479, 178, 8, 716, 2, 20),
(9480, 117, 8, 716, 3, 8),
(9481, 118, 8, 716, 5, 4),
(9482, 119, 8, 716, 1, 15),
(9483, 120, 8, 716, 3, 17),
(9484, 121, 8, 716, 2, 19),
(9485, 122, 8, 716, 3, 19),
(9486, 123, 8, 716, 5, 10),
(9487, 124, 8, 716, 3, 3),
(9488, 184, 8, 716, 6, 7),
(9489, 180, 8, 717, 6, 13),
(9490, 181, 8, 717, 5, 6),
(9491, 74, 8, 718, 1, 18),
(9492, 75, 8, 718, 1, 13),
(9493, 76, 8, 718, 5, 18),
(9494, 77, 8, 718, 3, 14),
(9495, 78, 8, 718, 7, 12),
(9496, 79, 8, 718, 8, 9),
(9497, 46, 8, 719, 5, 20),
(9498, 47, 8, 719, 1, 19),
(9499, 48, 8, 719, 7, 7),
(9500, 49, 8, 719, 7, 4),
(9501, 50, 8, 719, 2, 10),
(9502, 51, 8, 719, 5, 10),
(9503, 52, 8, 719, 4, 8),
(9504, 53, 8, 719, 6, 6),
(9505, 54, 8, 719, 7, 6),
(9506, 55, 8, 719, 3, 19),
(9507, 56, 8, 719, 1, 11),
(9508, 57, 8, 719, 4, 13),
(9509, 58, 8, 719, 3, 16),
(9510, 1, 8, 720, 2, 5),
(9511, 71, 8, 720, 2, 6),
(9512, 72, 8, 720, 5, 17),
(9513, 73, 8, 720, 2, 13),
(9514, 59, 8, 720, 7, 20),
(9515, 60, 8, 720, 7, 13),
(9516, 61, 8, 720, 1, 19),
(9517, 62, 8, 720, 1, 14),
(9518, 63, 8, 720, 3, 11),
(9519, 64, 8, 720, 8, 3),
(9520, 65, 8, 720, 6, 16),
(9521, 66, 8, 720, 2, 20),
(9522, 141, 8, 720, 6, 8),
(9523, 142, 8, 720, 4, 5),
(9524, 143, 8, 720, 8, 16),
(9525, 144, 8, 720, 8, 5),
(9526, 145, 8, 720, 8, 5),
(9527, 67, 8, 720, 3, 10),
(9528, 68, 8, 720, 8, 12),
(9529, 69, 8, 720, 8, 15),
(9530, 70, 8, 720, 5, 17),
(9531, 80, 8, 720, 3, 13),
(9532, 81, 8, 720, 6, 9),
(9533, 82, 8, 720, 2, 4),
(9534, 83, 8, 720, 7, 5),
(9535, 84, 8, 720, 1, 10),
(9536, 85, 8, 720, 8, 9),
(9537, 86, 8, 720, 4, 14),
(9538, 87, 8, 720, 6, 18),
(9539, 88, 8, 720, 7, 12),
(9540, 89, 8, 720, 6, 14),
(9541, 90, 8, 720, 6, 12),
(9542, 91, 8, 720, 7, 20),
(9543, 92, 8, 720, 8, 16),
(9544, 93, 8, 720, 4, 19),
(9545, 94, 8, 720, 4, 20),
(9546, 95, 8, 720, 6, 17),
(9547, 96, 8, 720, 5, 11),
(9548, 97, 8, 720, 2, 17),
(9549, 8, 8, 721, 5, 19),
(9550, 9, 8, 721, 8, 15),
(9551, 14, 8, 721, 3, 19),
(9552, 15, 8, 721, 1, 17),
(9553, 22, 8, 721, 5, 15),
(9554, 23, 8, 721, 6, 8),
(9555, 24, 8, 721, 3, 8),
(9556, 25, 8, 721, 8, 19),
(9557, 26, 8, 721, 7, 16),
(9558, 27, 8, 721, 8, 17),
(9559, 28, 8, 721, 5, 10),
(9560, 29, 8, 721, 6, 20),
(9561, 176, 8, 721, 4, 11),
(9562, 191, 8, 721, 7, 3),
(9563, 200, 8, 721, 8, 19),
(9564, 201, 8, 721, 7, 11),
(9565, 202, 8, 721, 7, 17),
(9566, 2, 8, 721, 2, 6),
(9567, 3, 8, 721, 6, 6),
(9568, 4, 8, 721, 8, 8),
(9569, 5, 8, 721, 8, 14),
(9570, 6, 8, 721, 5, 6),
(9571, 7, 8, 721, 8, 12),
(9572, 10, 8, 721, 2, 16),
(9573, 11, 8, 721, 3, 4),
(9574, 12, 8, 721, 5, 17),
(9575, 13, 8, 721, 4, 8),
(9576, 179, 8, 721, 7, 19),
(9577, 125, 8, 722, 7, 13),
(9578, 126, 8, 722, 8, 15),
(9579, 127, 8, 722, 4, 16),
(9580, 128, 8, 722, 2, 8),
(9581, 129, 8, 722, 5, 9),
(9582, 130, 8, 722, 5, 9),
(9583, 131, 8, 722, 5, 11),
(9584, 132, 8, 722, 5, 12),
(9585, 133, 8, 722, 2, 6),
(9586, 134, 8, 722, 7, 3),
(9587, 135, 8, 722, 7, 19),
(9588, 136, 8, 722, 7, 4),
(9589, 137, 8, 722, 8, 9),
(9590, 138, 8, 722, 8, 11),
(9591, 139, 8, 722, 6, 15),
(9592, 140, 8, 722, 4, 11),
(9593, 147, 8, 723, 2, 8),
(9594, 148, 8, 723, 2, 15),
(9595, 149, 8, 723, 1, 9),
(9596, 151, 8, 723, 1, 15),
(9597, 152, 8, 723, 7, 12),
(9598, 153, 8, 723, 1, 9),
(9599, 154, 8, 723, 1, 14),
(9600, 156, 8, 723, 8, 6),
(9601, 157, 8, 723, 7, 14),
(9602, 158, 8, 723, 2, 14),
(9603, 159, 8, 723, 5, 3),
(9604, 160, 8, 723, 6, 12),
(9605, 161, 8, 723, 4, 13),
(9606, 162, 8, 723, 1, 4),
(9607, 163, 8, 723, 3, 10),
(9608, 164, 8, 723, 5, 11),
(9609, 165, 8, 723, 6, 15),
(9610, 203, 8, 724, 2, 17),
(9611, 204, 8, 724, 1, 7),
(9612, 205, 8, 724, 5, 18),
(9613, 206, 8, 724, 7, 12),
(9614, 207, 8, 724, 2, 18),
(9615, 208, 8, 724, 2, 4),
(9616, 209, 8, 724, 1, 3),
(9617, 210, 8, 724, 7, 7),
(9618, 211, 8, 724, 6, 8),
(9619, 185, 8, 725, 3, 9),
(9620, 186, 8, 725, 7, 15),
(9621, 188, 8, 725, 8, 18),
(9622, 189, 8, 725, 7, 6),
(9623, 190, 8, 725, 3, 8),
(9624, 192, 8, 725, 6, 3),
(9625, 36, 8, 726, 1, 18),
(9626, 37, 8, 726, 7, 5),
(9627, 38, 8, 726, 1, 9),
(9628, 39, 8, 726, 8, 19),
(9629, 30, 8, 726, 8, 6),
(9630, 31, 8, 726, 6, 4),
(9631, 32, 8, 726, 3, 16),
(9632, 33, 8, 726, 1, 3),
(9633, 34, 8, 726, 1, 17),
(9634, 35, 8, 726, 3, 8),
(9635, 40, 8, 726, 2, 6),
(9636, 41, 8, 726, 8, 3),
(9637, 42, 8, 726, 1, 16),
(9638, 43, 8, 726, 2, 9),
(9639, 44, 8, 726, 1, 19),
(9640, 45, 8, 726, 4, 4),
(9641, 198, 8, 726, 7, 7),
(9642, 199, 8, 726, 2, 18),
(9643, 172, 8, 727, 5, 6),
(9644, 173, 8, 727, 7, 12),
(9645, 174, 8, 727, 4, 12),
(9646, 175, 8, 727, 5, 15),
(9647, 166, 8, 727, 3, 15),
(9648, 167, 8, 727, 6, 8),
(9649, 168, 8, 727, 4, 4),
(9650, 169, 8, 727, 5, 14),
(9651, 170, 8, 727, 3, 12),
(9652, 182, 8, 728, 3, 8),
(9653, 187, 8, 728, 7, 5),
(9654, 196, 9, 729, 4, 12),
(9655, 197, 9, 729, 4, 16),
(9656, 193, 9, 729, 4, 20),
(9657, 194, 9, 729, 8, 7),
(9658, 195, 9, 729, 4, 9),
(9659, 98, 9, 730, 7, 4),
(9660, 99, 9, 730, 1, 4),
(9661, 100, 9, 730, 7, 16),
(9662, 101, 9, 730, 3, 7),
(9663, 102, 9, 730, 7, 19),
(9664, 103, 9, 730, 7, 5),
(9665, 104, 9, 730, 4, 12),
(9666, 105, 9, 730, 4, 17),
(9667, 106, 9, 730, 4, 6),
(9668, 107, 9, 730, 2, 6),
(9669, 116, 9, 730, 3, 15),
(9670, 112, 9, 730, 7, 16),
(9671, 113, 9, 730, 4, 6),
(9672, 114, 9, 730, 6, 9),
(9673, 115, 9, 730, 4, 6),
(9674, 108, 9, 730, 6, 5),
(9675, 109, 9, 730, 3, 16),
(9676, 110, 9, 730, 2, 3),
(9677, 111, 9, 730, 5, 13),
(9678, 183, 9, 730, 3, 9),
(9679, 177, 9, 730, 5, 6),
(9680, 178, 9, 730, 4, 3),
(9681, 117, 9, 730, 6, 20),
(9682, 118, 9, 730, 7, 5),
(9683, 119, 9, 730, 2, 3),
(9684, 120, 9, 730, 3, 12),
(9685, 121, 9, 730, 6, 4),
(9686, 122, 9, 730, 3, 5),
(9687, 123, 9, 730, 3, 20),
(9688, 124, 9, 730, 4, 15),
(9689, 184, 9, 730, 2, 6),
(9690, 180, 9, 731, 7, 11),
(9691, 181, 9, 731, 8, 4),
(9692, 74, 9, 732, 5, 11),
(9693, 75, 9, 732, 6, 18),
(9694, 76, 9, 732, 7, 6),
(9695, 77, 9, 732, 1, 9),
(9696, 78, 9, 732, 2, 16),
(9697, 79, 9, 732, 3, 4),
(9698, 46, 9, 733, 8, 12),
(9699, 47, 9, 733, 1, 7),
(9700, 48, 9, 733, 1, 17),
(9701, 49, 9, 733, 3, 9),
(9702, 50, 9, 733, 8, 14),
(9703, 51, 9, 733, 3, 9),
(9704, 52, 9, 733, 3, 12),
(9705, 53, 9, 733, 5, 6),
(9706, 54, 9, 733, 8, 12),
(9707, 55, 9, 733, 3, 12),
(9708, 56, 9, 733, 8, 19),
(9709, 57, 9, 733, 3, 17),
(9710, 58, 9, 733, 1, 10),
(9711, 1, 9, 734, 2, 9),
(9712, 71, 9, 734, 2, 11),
(9713, 72, 9, 734, 4, 3),
(9714, 73, 9, 734, 1, 11),
(9715, 59, 9, 734, 3, 4),
(9716, 60, 9, 734, 3, 14),
(9717, 61, 9, 734, 4, 5),
(9718, 62, 9, 734, 3, 16),
(9719, 63, 9, 734, 5, 13),
(9720, 64, 9, 734, 3, 4),
(9721, 65, 9, 734, 7, 7),
(9722, 66, 9, 734, 5, 3),
(9723, 141, 9, 734, 7, 13),
(9724, 142, 9, 734, 8, 5),
(9725, 143, 9, 734, 4, 4),
(9726, 144, 9, 734, 5, 13),
(9727, 145, 9, 734, 4, 15),
(9728, 67, 9, 734, 1, 18),
(9729, 68, 9, 734, 6, 4),
(9730, 69, 9, 734, 3, 3),
(9731, 70, 9, 734, 2, 13),
(9732, 80, 9, 734, 6, 13),
(9733, 81, 9, 734, 6, 19),
(9734, 82, 9, 734, 3, 8),
(9735, 83, 9, 734, 5, 13),
(9736, 84, 9, 734, 4, 8),
(9737, 85, 9, 734, 7, 20),
(9738, 86, 9, 734, 3, 14),
(9739, 87, 9, 734, 5, 8),
(9740, 88, 9, 734, 7, 3),
(9741, 89, 9, 734, 4, 8),
(9742, 90, 9, 734, 6, 17),
(9743, 91, 9, 734, 1, 16),
(9744, 92, 9, 734, 6, 16),
(9745, 93, 9, 734, 7, 20),
(9746, 94, 9, 734, 7, 20),
(9747, 95, 9, 734, 5, 10),
(9748, 96, 9, 734, 5, 8),
(9749, 97, 9, 734, 3, 18),
(9750, 8, 9, 735, 5, 17),
(9751, 9, 9, 735, 4, 20),
(9752, 14, 9, 735, 1, 7),
(9753, 15, 9, 735, 8, 11),
(9754, 22, 9, 735, 7, 13),
(9755, 23, 9, 735, 6, 14),
(9756, 24, 9, 735, 5, 5),
(9757, 25, 9, 735, 8, 7),
(9758, 26, 9, 735, 8, 20),
(9759, 27, 9, 735, 8, 13),
(9760, 28, 9, 735, 6, 17),
(9761, 29, 9, 735, 5, 11),
(9762, 176, 9, 735, 7, 5),
(9763, 191, 9, 735, 8, 9),
(9764, 200, 9, 735, 4, 6),
(9765, 201, 9, 735, 2, 3),
(9766, 202, 9, 735, 1, 14),
(9767, 2, 9, 735, 8, 5),
(9768, 3, 9, 735, 8, 20),
(9769, 4, 9, 735, 5, 16),
(9770, 5, 9, 735, 5, 8),
(9771, 6, 9, 735, 4, 5),
(9772, 7, 9, 735, 4, 9),
(9773, 10, 9, 735, 3, 10),
(9774, 11, 9, 735, 4, 9),
(9775, 12, 9, 735, 1, 5),
(9776, 13, 9, 735, 2, 13),
(9777, 179, 9, 735, 5, 20),
(9778, 125, 9, 736, 6, 11),
(9779, 126, 9, 736, 3, 5),
(9780, 127, 9, 736, 6, 13),
(9781, 128, 9, 736, 2, 15),
(9782, 129, 9, 736, 2, 6),
(9783, 130, 9, 736, 7, 4),
(9784, 131, 9, 736, 2, 10),
(9785, 132, 9, 736, 7, 14),
(9786, 133, 9, 736, 7, 7),
(9787, 134, 9, 736, 7, 6),
(9788, 135, 9, 736, 6, 5),
(9789, 136, 9, 736, 5, 3),
(9790, 137, 9, 736, 5, 14),
(9791, 138, 9, 736, 2, 15),
(9792, 139, 9, 736, 2, 16),
(9793, 140, 9, 736, 6, 19),
(9794, 147, 9, 737, 2, 3),
(9795, 148, 9, 737, 1, 19),
(9796, 149, 9, 737, 5, 7),
(9797, 151, 9, 737, 5, 17),
(9798, 152, 9, 737, 4, 11),
(9799, 153, 9, 737, 8, 12),
(9800, 154, 9, 737, 7, 17),
(9801, 156, 9, 737, 2, 14),
(9802, 157, 9, 737, 1, 20),
(9803, 158, 9, 737, 7, 15),
(9804, 159, 9, 737, 2, 11),
(9805, 160, 9, 737, 6, 15),
(9806, 161, 9, 737, 1, 18),
(9807, 162, 9, 737, 4, 7),
(9808, 163, 9, 737, 5, 4),
(9809, 164, 9, 737, 2, 18),
(9810, 165, 9, 737, 1, 6),
(9811, 203, 9, 738, 7, 16),
(9812, 204, 9, 738, 4, 10),
(9813, 205, 9, 738, 5, 17),
(9814, 206, 9, 738, 7, 11),
(9815, 207, 9, 738, 3, 15),
(9816, 208, 9, 738, 3, 13),
(9817, 209, 9, 738, 3, 8),
(9818, 210, 9, 738, 5, 6),
(9819, 211, 9, 738, 1, 16),
(9820, 185, 9, 739, 6, 16),
(9821, 186, 9, 739, 4, 15),
(9822, 188, 9, 739, 5, 16),
(9823, 189, 9, 739, 8, 7),
(9824, 190, 9, 739, 7, 4),
(9825, 192, 9, 739, 1, 20),
(9826, 36, 9, 740, 3, 18),
(9827, 37, 9, 740, 6, 16),
(9828, 38, 9, 740, 2, 8),
(9829, 39, 9, 740, 5, 4),
(9830, 30, 9, 740, 7, 19),
(9831, 31, 9, 740, 7, 4),
(9832, 32, 9, 740, 5, 5),
(9833, 33, 9, 740, 4, 4),
(9834, 34, 9, 740, 3, 10),
(9835, 35, 9, 740, 7, 20),
(9836, 40, 9, 740, 2, 6),
(9837, 41, 9, 740, 6, 16),
(9838, 42, 9, 740, 8, 13),
(9839, 43, 9, 740, 1, 17),
(9840, 44, 9, 740, 6, 4),
(9841, 45, 9, 740, 7, 3),
(9842, 198, 9, 740, 8, 12),
(9843, 199, 9, 740, 6, 6),
(9844, 172, 9, 741, 7, 8),
(9845, 173, 9, 741, 3, 13),
(9846, 174, 9, 741, 2, 4),
(9847, 175, 9, 741, 6, 15),
(9848, 166, 9, 741, 2, 3),
(9849, 167, 9, 741, 7, 12),
(9850, 168, 9, 741, 4, 13),
(9851, 169, 9, 741, 4, 14),
(9852, 170, 9, 741, 7, 5),
(9853, 182, 9, 742, 7, 16),
(9854, 187, 9, 742, 5, 11),
(9855, 196, 10, 743, 4, 10),
(9856, 197, 10, 743, 4, 10),
(9857, 193, 10, 743, 8, 6),
(9858, 194, 10, 743, 6, 11),
(9859, 195, 10, 743, 6, 19),
(9860, 98, 10, 744, 8, 10),
(9861, 99, 10, 744, 2, 3),
(9862, 100, 10, 744, 2, 15),
(9863, 101, 10, 744, 5, 18),
(9864, 102, 10, 744, 2, 5),
(9865, 103, 10, 744, 6, 8),
(9866, 104, 10, 744, 5, 10),
(9867, 105, 10, 744, 1, 20),
(9868, 106, 10, 744, 1, 12),
(9869, 107, 10, 744, 4, 11),
(9870, 116, 10, 744, 8, 18),
(9871, 112, 10, 744, 4, 6),
(9872, 113, 10, 744, 4, 5),
(9873, 114, 10, 744, 6, 8),
(9874, 115, 10, 744, 4, 10),
(9875, 108, 10, 744, 2, 10),
(9876, 109, 10, 744, 7, 9),
(9877, 110, 10, 744, 4, 3),
(9878, 111, 10, 744, 1, 20),
(9879, 183, 10, 744, 8, 7),
(9880, 177, 10, 744, 1, 12),
(9881, 178, 10, 744, 5, 14),
(9882, 117, 10, 744, 8, 13),
(9883, 118, 10, 744, 5, 3),
(9884, 119, 10, 744, 2, 3),
(9885, 120, 10, 744, 4, 5),
(9886, 121, 10, 744, 8, 18),
(9887, 122, 10, 744, 3, 9),
(9888, 123, 10, 744, 1, 3),
(9889, 124, 10, 744, 6, 11),
(9890, 184, 10, 744, 4, 19),
(9891, 180, 10, 745, 8, 7),
(9892, 181, 10, 745, 3, 9),
(9893, 74, 10, 746, 3, 9),
(9894, 75, 10, 746, 3, 6),
(9895, 76, 10, 746, 5, 11),
(9896, 77, 10, 746, 6, 4),
(9897, 78, 10, 746, 1, 15),
(9898, 79, 10, 746, 6, 15),
(9899, 46, 10, 747, 6, 17),
(9900, 47, 10, 747, 6, 6),
(9901, 48, 10, 747, 8, 13),
(9902, 49, 10, 747, 1, 8),
(9903, 50, 10, 747, 8, 4),
(9904, 51, 10, 747, 3, 13),
(9905, 52, 10, 747, 5, 16),
(9906, 53, 10, 747, 4, 11),
(9907, 54, 10, 747, 8, 16),
(9908, 55, 10, 747, 7, 7),
(9909, 56, 10, 747, 1, 6),
(9910, 57, 10, 747, 4, 14),
(9911, 58, 10, 747, 6, 5),
(9912, 1, 10, 748, 6, 16),
(9913, 71, 10, 748, 7, 11),
(9914, 72, 10, 748, 4, 12),
(9915, 73, 10, 748, 3, 5),
(9916, 59, 10, 748, 6, 7),
(9917, 60, 10, 748, 7, 17),
(9918, 61, 10, 748, 5, 15),
(9919, 62, 10, 748, 8, 17),
(9920, 63, 10, 748, 3, 11),
(9921, 64, 10, 748, 5, 16),
(9922, 65, 10, 748, 8, 12),
(9923, 66, 10, 748, 4, 17),
(9924, 141, 10, 748, 7, 13),
(9925, 142, 10, 748, 1, 7),
(9926, 143, 10, 748, 2, 15),
(9927, 144, 10, 748, 3, 20),
(9928, 145, 10, 748, 4, 6),
(9929, 67, 10, 748, 4, 19),
(9930, 68, 10, 748, 6, 15),
(9931, 69, 10, 748, 1, 10),
(9932, 70, 10, 748, 8, 17),
(9933, 80, 10, 748, 2, 10),
(9934, 81, 10, 748, 5, 4),
(9935, 82, 10, 748, 2, 16),
(9936, 83, 10, 748, 5, 17),
(9937, 84, 10, 748, 4, 11),
(9938, 85, 10, 748, 3, 20),
(9939, 86, 10, 748, 3, 4),
(9940, 87, 10, 748, 5, 8),
(9941, 88, 10, 748, 3, 17),
(9942, 89, 10, 748, 8, 15),
(9943, 90, 10, 748, 7, 10),
(9944, 91, 10, 748, 8, 6),
(9945, 92, 10, 748, 3, 13),
(9946, 93, 10, 748, 8, 10),
(9947, 94, 10, 748, 1, 17),
(9948, 95, 10, 748, 2, 7),
(9949, 96, 10, 748, 2, 16),
(9950, 97, 10, 748, 3, 11),
(9951, 8, 10, 749, 5, 19),
(9952, 9, 10, 749, 3, 3),
(9953, 14, 10, 749, 4, 13),
(9954, 15, 10, 749, 8, 15),
(9955, 22, 10, 749, 6, 12),
(9956, 23, 10, 749, 1, 3),
(9957, 24, 10, 749, 3, 20),
(9958, 25, 10, 749, 6, 4),
(9959, 26, 10, 749, 4, 13),
(9960, 27, 10, 749, 3, 16),
(9961, 28, 10, 749, 2, 5),
(9962, 29, 10, 749, 2, 7),
(9963, 176, 10, 749, 8, 10),
(9964, 191, 10, 749, 5, 6),
(9965, 200, 10, 749, 2, 18),
(9966, 201, 10, 749, 6, 15),
(9967, 202, 10, 749, 7, 19),
(9968, 2, 10, 749, 6, 7),
(9969, 3, 10, 749, 5, 15),
(9970, 4, 10, 749, 8, 6),
(9971, 5, 10, 749, 2, 20),
(9972, 6, 10, 749, 2, 12),
(9973, 7, 10, 749, 8, 19),
(9974, 10, 10, 749, 5, 9),
(9975, 11, 10, 749, 4, 18),
(9976, 12, 10, 749, 2, 15),
(9977, 13, 10, 749, 1, 8),
(9978, 179, 10, 749, 8, 20),
(9979, 125, 10, 750, 6, 11),
(9980, 126, 10, 750, 2, 18),
(9981, 127, 10, 750, 3, 17),
(9982, 128, 10, 750, 5, 5),
(9983, 129, 10, 750, 7, 7),
(9984, 130, 10, 750, 4, 7),
(9985, 131, 10, 750, 8, 9),
(9986, 132, 10, 750, 4, 5),
(9987, 133, 10, 750, 3, 14),
(9988, 134, 10, 750, 6, 8),
(9989, 135, 10, 750, 5, 8),
(9990, 136, 10, 750, 6, 3),
(9991, 137, 10, 750, 2, 17),
(9992, 138, 10, 750, 6, 6),
(9993, 139, 10, 750, 1, 14),
(9994, 140, 10, 750, 2, 17),
(9995, 147, 10, 751, 1, 9),
(9996, 148, 10, 751, 6, 10),
(9997, 149, 10, 751, 2, 7),
(9998, 151, 10, 751, 5, 19),
(9999, 152, 10, 751, 5, 19),
(10000, 153, 10, 751, 2, 11),
(10001, 154, 10, 751, 3, 14),
(10002, 156, 10, 751, 6, 13),
(10003, 157, 10, 751, 3, 8),
(10004, 158, 10, 751, 8, 16),
(10005, 159, 10, 751, 6, 13),
(10006, 160, 10, 751, 7, 17),
(10007, 161, 10, 751, 3, 11),
(10008, 162, 10, 751, 8, 11),
(10009, 163, 10, 751, 2, 6),
(10010, 164, 10, 751, 3, 7),
(10011, 165, 10, 751, 5, 20),
(10012, 203, 10, 752, 6, 15),
(10013, 204, 10, 752, 2, 6),
(10014, 205, 10, 752, 6, 16),
(10015, 206, 10, 752, 2, 18),
(10016, 207, 10, 752, 3, 10),
(10017, 208, 10, 752, 4, 19),
(10018, 209, 10, 752, 1, 15),
(10019, 210, 10, 752, 2, 20),
(10020, 211, 10, 752, 4, 18),
(10021, 185, 10, 753, 5, 7),
(10022, 186, 10, 753, 6, 18),
(10023, 188, 10, 753, 6, 14),
(10024, 189, 10, 753, 3, 18),
(10025, 190, 10, 753, 7, 13),
(10026, 192, 10, 753, 1, 9),
(10027, 36, 10, 754, 5, 16),
(10028, 37, 10, 754, 1, 16),
(10029, 38, 10, 754, 8, 15),
(10030, 39, 10, 754, 5, 5),
(10031, 30, 10, 754, 5, 17),
(10032, 31, 10, 754, 5, 3),
(10033, 32, 10, 754, 6, 13),
(10034, 33, 10, 754, 6, 19),
(10035, 34, 10, 754, 5, 7),
(10036, 35, 10, 754, 7, 4),
(10037, 40, 10, 754, 4, 11),
(10038, 41, 10, 754, 8, 7),
(10039, 42, 10, 754, 1, 8),
(10040, 43, 10, 754, 1, 20),
(10041, 44, 10, 754, 8, 6),
(10042, 45, 10, 754, 3, 11),
(10043, 198, 10, 754, 8, 10),
(10044, 199, 10, 754, 2, 19),
(10045, 172, 10, 755, 1, 16),
(10046, 173, 10, 755, 1, 15),
(10047, 174, 10, 755, 5, 13),
(10048, 175, 10, 755, 6, 7),
(10049, 166, 10, 755, 2, 11),
(10050, 167, 10, 755, 2, 16),
(10051, 168, 10, 755, 6, 20),
(10052, 169, 10, 755, 7, 6),
(10053, 170, 10, 755, 4, 17),
(10054, 182, 10, 756, 5, 5),
(10055, 187, 10, 756, 5, 12),
(10056, 196, 14, 757, 6, 18),
(10057, 197, 14, 757, 4, 15),
(10058, 193, 14, 757, 2, 15),
(10059, 194, 14, 757, 6, 9),
(10060, 195, 14, 757, 4, 15),
(10061, 98, 14, 758, 1, 20),
(10062, 99, 14, 758, 3, 16),
(10063, 100, 14, 758, 2, 12),
(10064, 101, 14, 758, 2, 10),
(10065, 102, 14, 758, 3, 18),
(10066, 103, 14, 758, 4, 5),
(10067, 104, 14, 758, 1, 18),
(10068, 105, 14, 758, 8, 11),
(10069, 106, 14, 758, 4, 4),
(10070, 107, 14, 758, 8, 20),
(10071, 116, 14, 758, 1, 15),
(10072, 112, 14, 758, 7, 13),
(10073, 113, 14, 758, 4, 4),
(10074, 114, 14, 758, 2, 3),
(10075, 115, 14, 758, 4, 15),
(10076, 108, 14, 758, 6, 11),
(10077, 109, 14, 758, 6, 3),
(10078, 110, 14, 758, 2, 19),
(10079, 111, 14, 758, 5, 10),
(10080, 183, 14, 758, 3, 17),
(10081, 177, 14, 758, 3, 17),
(10082, 178, 14, 758, 8, 8),
(10083, 117, 14, 758, 6, 18),
(10084, 118, 14, 758, 7, 5),
(10085, 119, 14, 758, 8, 16),
(10086, 120, 14, 758, 2, 3),
(10087, 121, 14, 758, 4, 20),
(10088, 122, 14, 758, 5, 18),
(10089, 123, 14, 758, 1, 17),
(10090, 124, 14, 758, 8, 12),
(10091, 184, 14, 758, 5, 14),
(10092, 180, 14, 759, 1, 6),
(10093, 181, 14, 759, 6, 7),
(10094, 74, 14, 760, 2, 5),
(10095, 75, 14, 760, 6, 12),
(10096, 76, 14, 760, 8, 19),
(10097, 77, 14, 760, 3, 18),
(10098, 78, 14, 760, 2, 20),
(10099, 79, 14, 760, 6, 20),
(10100, 46, 14, 761, 2, 14),
(10101, 47, 14, 761, 6, 8),
(10102, 48, 14, 761, 6, 6),
(10103, 49, 14, 761, 3, 8),
(10104, 50, 14, 761, 1, 9),
(10105, 51, 14, 761, 1, 20),
(10106, 52, 14, 761, 8, 14),
(10107, 53, 14, 761, 5, 19),
(10108, 54, 14, 761, 7, 7),
(10109, 55, 14, 761, 2, 20),
(10110, 56, 14, 761, 4, 18),
(10111, 57, 14, 761, 5, 9),
(10112, 58, 14, 761, 7, 17),
(10113, 1, 14, 762, 2, 3),
(10114, 71, 14, 762, 7, 19),
(10115, 72, 14, 762, 1, 20),
(10116, 73, 14, 762, 5, 16),
(10117, 59, 14, 762, 2, 7),
(10118, 60, 14, 762, 8, 11),
(10119, 61, 14, 762, 5, 20),
(10120, 62, 14, 762, 7, 14),
(10121, 63, 14, 762, 8, 16),
(10122, 64, 14, 762, 3, 13),
(10123, 65, 14, 762, 6, 5),
(10124, 66, 14, 762, 7, 18),
(10125, 141, 14, 762, 1, 7),
(10126, 142, 14, 762, 6, 14),
(10127, 143, 14, 762, 5, 12),
(10128, 144, 14, 762, 4, 16),
(10129, 145, 14, 762, 5, 7),
(10130, 67, 14, 762, 6, 13),
(10131, 68, 14, 762, 2, 7),
(10132, 69, 14, 762, 3, 10),
(10133, 70, 14, 762, 5, 7),
(10134, 80, 14, 762, 8, 3),
(10135, 81, 14, 762, 3, 16),
(10136, 82, 14, 762, 6, 7),
(10137, 83, 14, 762, 5, 20),
(10138, 84, 14, 762, 7, 6),
(10139, 85, 14, 762, 1, 14),
(10140, 86, 14, 762, 1, 7),
(10141, 87, 14, 762, 8, 16),
(10142, 88, 14, 762, 7, 11),
(10143, 89, 14, 762, 3, 8),
(10144, 90, 14, 762, 2, 17),
(10145, 91, 14, 762, 5, 19),
(10146, 92, 14, 762, 4, 16),
(10147, 93, 14, 762, 2, 15),
(10148, 94, 14, 762, 2, 14),
(10149, 95, 14, 762, 8, 3),
(10150, 96, 14, 762, 6, 6),
(10151, 97, 14, 762, 7, 9),
(10152, 8, 14, 763, 4, 8),
(10153, 9, 14, 763, 3, 7),
(10154, 14, 14, 763, 5, 11),
(10155, 15, 14, 763, 8, 12),
(10156, 22, 14, 763, 6, 16),
(10157, 23, 14, 763, 3, 13),
(10158, 24, 14, 763, 2, 13),
(10159, 25, 14, 763, 7, 10),
(10160, 26, 14, 763, 4, 10),
(10161, 27, 14, 763, 3, 17),
(10162, 28, 14, 763, 2, 11),
(10163, 29, 14, 763, 5, 8),
(10164, 176, 14, 763, 1, 11),
(10165, 191, 14, 763, 3, 17),
(10166, 200, 14, 763, 6, 5),
(10167, 201, 14, 763, 2, 5),
(10168, 202, 14, 763, 4, 12),
(10169, 2, 14, 763, 3, 20),
(10170, 3, 14, 763, 8, 7),
(10171, 4, 14, 763, 5, 15),
(10172, 5, 14, 763, 1, 18),
(10173, 6, 14, 763, 3, 7),
(10174, 7, 14, 763, 4, 5),
(10175, 10, 14, 763, 6, 18),
(10176, 11, 14, 763, 5, 3),
(10177, 12, 14, 763, 6, 15),
(10178, 13, 14, 763, 5, 6),
(10179, 179, 14, 763, 8, 13),
(10180, 125, 14, 764, 6, 8),
(10181, 126, 14, 764, 4, 8),
(10182, 127, 14, 764, 4, 12),
(10183, 128, 14, 764, 4, 19),
(10184, 129, 14, 764, 1, 17),
(10185, 130, 14, 764, 8, 3),
(10186, 131, 14, 764, 1, 10),
(10187, 132, 14, 764, 7, 4),
(10188, 133, 14, 764, 3, 3),
(10189, 134, 14, 764, 3, 15),
(10190, 135, 14, 764, 2, 3),
(10191, 136, 14, 764, 5, 15),
(10192, 137, 14, 764, 1, 6),
(10193, 138, 14, 764, 4, 13),
(10194, 139, 14, 764, 4, 9),
(10195, 140, 14, 764, 2, 3),
(10196, 147, 14, 765, 6, 13),
(10197, 148, 14, 765, 3, 5),
(10198, 149, 14, 765, 2, 16),
(10199, 151, 14, 765, 1, 6),
(10200, 152, 14, 765, 5, 19),
(10201, 153, 14, 765, 3, 13),
(10202, 154, 14, 765, 3, 3),
(10203, 156, 14, 765, 6, 13),
(10204, 157, 14, 765, 1, 3),
(10205, 158, 14, 765, 3, 6),
(10206, 159, 14, 765, 1, 18),
(10207, 160, 14, 765, 8, 6),
(10208, 161, 14, 765, 1, 8),
(10209, 162, 14, 765, 7, 11),
(10210, 163, 14, 765, 6, 20),
(10211, 164, 14, 765, 4, 8),
(10212, 165, 14, 765, 5, 17),
(10213, 203, 14, 766, 4, 15),
(10214, 204, 14, 766, 5, 11),
(10215, 205, 14, 766, 8, 5),
(10216, 206, 14, 766, 4, 5),
(10217, 207, 14, 766, 6, 16),
(10218, 208, 14, 766, 2, 10),
(10219, 209, 14, 766, 3, 5),
(10220, 210, 14, 766, 4, 14),
(10221, 211, 14, 766, 3, 12),
(10222, 185, 14, 767, 5, 7),
(10223, 186, 14, 767, 6, 13),
(10224, 188, 14, 767, 5, 11),
(10225, 189, 14, 767, 1, 5),
(10226, 190, 14, 767, 4, 13),
(10227, 192, 14, 767, 4, 20),
(10228, 36, 14, 768, 4, 18),
(10229, 37, 14, 768, 6, 20),
(10230, 38, 14, 768, 3, 12),
(10231, 39, 14, 768, 1, 15),
(10232, 30, 14, 768, 6, 17),
(10233, 31, 14, 768, 4, 17),
(10234, 32, 14, 768, 2, 18),
(10235, 33, 14, 768, 8, 14),
(10236, 34, 14, 768, 5, 8),
(10237, 35, 14, 768, 2, 3),
(10238, 40, 14, 768, 5, 18),
(10239, 41, 14, 768, 6, 4),
(10240, 42, 14, 768, 3, 15),
(10241, 43, 14, 768, 2, 16),
(10242, 44, 14, 768, 3, 15),
(10243, 45, 14, 768, 6, 14),
(10244, 198, 14, 768, 5, 9),
(10245, 199, 14, 768, 5, 18),
(10246, 172, 14, 769, 8, 15),
(10247, 173, 14, 769, 5, 13),
(10248, 174, 14, 769, 5, 4),
(10249, 175, 14, 769, 4, 15),
(10250, 166, 14, 769, 8, 9),
(10251, 167, 14, 769, 4, 10),
(10252, 168, 14, 769, 6, 13),
(10253, 169, 14, 769, 4, 7),
(10254, 170, 14, 769, 4, 4),
(10255, 182, 14, 770, 3, 16),
(10256, 187, 14, 770, 7, 13),
(10257, 196, 15, 771, 2, 7),
(10258, 197, 15, 771, 6, 17),
(10259, 193, 15, 771, 6, 12),
(10260, 194, 15, 771, 8, 7),
(10261, 195, 15, 771, 4, 8),
(10262, 98, 15, 772, 4, 6),
(10263, 99, 15, 772, 2, 17),
(10264, 100, 15, 772, 5, 13),
(10265, 101, 15, 772, 5, 5),
(10266, 102, 15, 772, 1, 16),
(10267, 103, 15, 772, 5, 4),
(10268, 104, 15, 772, 1, 9),
(10269, 105, 15, 772, 7, 15),
(10270, 106, 15, 772, 8, 19),
(10271, 107, 15, 772, 8, 5),
(10272, 116, 15, 772, 5, 15),
(10273, 112, 15, 772, 6, 18),
(10274, 113, 15, 772, 3, 7),
(10275, 114, 15, 772, 7, 13),
(10276, 115, 15, 772, 3, 8),
(10277, 108, 15, 772, 8, 16),
(10278, 109, 15, 772, 5, 4),
(10279, 110, 15, 772, 5, 4),
(10280, 111, 15, 772, 6, 4),
(10281, 183, 15, 772, 2, 16),
(10282, 177, 15, 772, 8, 18),
(10283, 178, 15, 772, 7, 20),
(10284, 117, 15, 772, 2, 16),
(10285, 118, 15, 772, 6, 4),
(10286, 119, 15, 772, 6, 13),
(10287, 120, 15, 772, 2, 6),
(10288, 121, 15, 772, 3, 20),
(10289, 122, 15, 772, 1, 15),
(10290, 123, 15, 772, 2, 18),
(10291, 124, 15, 772, 3, 12),
(10292, 184, 15, 772, 2, 6),
(10293, 180, 15, 773, 3, 15),
(10294, 181, 15, 773, 3, 18),
(10295, 74, 15, 774, 7, 20),
(10296, 75, 15, 774, 8, 4),
(10297, 76, 15, 774, 6, 18),
(10298, 77, 15, 774, 8, 14),
(10299, 78, 15, 774, 7, 4),
(10300, 79, 15, 774, 3, 12),
(10301, 46, 15, 775, 2, 20),
(10302, 47, 15, 775, 1, 10),
(10303, 48, 15, 775, 2, 10),
(10304, 49, 15, 775, 4, 7),
(10305, 50, 15, 775, 1, 14),
(10306, 51, 15, 775, 2, 9),
(10307, 52, 15, 775, 2, 8),
(10308, 53, 15, 775, 5, 10),
(10309, 54, 15, 775, 1, 17),
(10310, 55, 15, 775, 3, 18),
(10311, 56, 15, 775, 7, 8),
(10312, 57, 15, 775, 8, 13),
(10313, 58, 15, 775, 2, 17),
(10314, 1, 15, 776, 2, 20),
(10315, 71, 15, 776, 8, 12),
(10316, 72, 15, 776, 5, 5),
(10317, 73, 15, 776, 5, 14),
(10318, 59, 15, 776, 5, 15),
(10319, 60, 15, 776, 1, 20),
(10320, 61, 15, 776, 8, 5),
(10321, 62, 15, 776, 5, 4),
(10322, 63, 15, 776, 4, 16),
(10323, 64, 15, 776, 4, 3),
(10324, 65, 15, 776, 2, 11),
(10325, 66, 15, 776, 7, 11),
(10326, 141, 15, 776, 3, 15),
(10327, 142, 15, 776, 7, 7),
(10328, 143, 15, 776, 2, 19),
(10329, 144, 15, 776, 1, 10),
(10330, 145, 15, 776, 8, 20),
(10331, 67, 15, 776, 8, 10),
(10332, 68, 15, 776, 1, 11),
(10333, 69, 15, 776, 1, 15),
(10334, 70, 15, 776, 2, 3),
(10335, 80, 15, 776, 6, 5),
(10336, 81, 15, 776, 2, 8),
(10337, 82, 15, 776, 2, 14),
(10338, 83, 15, 776, 1, 14),
(10339, 84, 15, 776, 6, 6),
(10340, 85, 15, 776, 1, 12),
(10341, 86, 15, 776, 6, 10),
(10342, 87, 15, 776, 2, 10),
(10343, 88, 15, 776, 6, 10),
(10344, 89, 15, 776, 3, 16),
(10345, 90, 15, 776, 7, 7),
(10346, 91, 15, 776, 6, 17),
(10347, 92, 15, 776, 6, 18),
(10348, 93, 15, 776, 2, 14),
(10349, 94, 15, 776, 5, 10),
(10350, 95, 15, 776, 6, 6),
(10351, 96, 15, 776, 5, 18),
(10352, 97, 15, 776, 4, 16),
(10353, 8, 15, 777, 5, 12),
(10354, 9, 15, 777, 4, 6),
(10355, 14, 15, 777, 6, 12),
(10356, 15, 15, 777, 6, 9),
(10357, 22, 15, 777, 8, 19),
(10358, 23, 15, 777, 7, 14),
(10359, 24, 15, 777, 3, 5),
(10360, 25, 15, 777, 4, 6),
(10361, 26, 15, 777, 3, 5),
(10362, 27, 15, 777, 8, 20),
(10363, 28, 15, 777, 8, 6),
(10364, 29, 15, 777, 6, 11),
(10365, 176, 15, 777, 5, 9),
(10366, 191, 15, 777, 6, 5),
(10367, 200, 15, 777, 2, 5),
(10368, 201, 15, 777, 8, 15),
(10369, 202, 15, 777, 6, 8),
(10370, 2, 15, 777, 7, 9),
(10371, 3, 15, 777, 7, 13),
(10372, 4, 15, 777, 6, 17),
(10373, 5, 15, 777, 4, 11),
(10374, 6, 15, 777, 4, 17),
(10375, 7, 15, 777, 5, 18),
(10376, 10, 15, 777, 8, 20),
(10377, 11, 15, 777, 8, 19),
(10378, 12, 15, 777, 8, 19),
(10379, 13, 15, 777, 1, 13),
(10380, 179, 15, 777, 4, 15),
(10381, 125, 15, 778, 8, 4),
(10382, 126, 15, 778, 7, 4),
(10383, 127, 15, 778, 2, 15),
(10384, 128, 15, 778, 7, 18),
(10385, 129, 15, 778, 1, 14),
(10386, 130, 15, 778, 2, 18),
(10387, 131, 15, 778, 2, 19),
(10388, 132, 15, 778, 6, 15),
(10389, 133, 15, 778, 4, 4),
(10390, 134, 15, 778, 4, 3),
(10391, 135, 15, 778, 8, 11),
(10392, 136, 15, 778, 8, 18),
(10393, 137, 15, 778, 3, 19),
(10394, 138, 15, 778, 7, 11),
(10395, 139, 15, 778, 4, 5),
(10396, 140, 15, 778, 2, 10),
(10397, 147, 15, 779, 2, 3),
(10398, 148, 15, 779, 4, 10),
(10399, 149, 15, 779, 6, 8),
(10400, 151, 15, 779, 3, 16),
(10401, 152, 15, 779, 8, 12),
(10402, 153, 15, 779, 5, 6),
(10403, 154, 15, 779, 4, 7),
(10404, 156, 15, 779, 7, 19),
(10405, 157, 15, 779, 3, 9),
(10406, 158, 15, 779, 8, 7),
(10407, 159, 15, 779, 7, 19),
(10408, 160, 15, 779, 2, 6),
(10409, 161, 15, 779, 7, 19),
(10410, 162, 15, 779, 6, 9),
(10411, 163, 15, 779, 1, 18),
(10412, 164, 15, 779, 6, 8),
(10413, 165, 15, 779, 7, 7),
(10414, 203, 15, 780, 6, 13),
(10415, 204, 15, 780, 5, 3),
(10416, 205, 15, 780, 3, 11),
(10417, 206, 15, 780, 5, 19),
(10418, 207, 15, 780, 6, 3),
(10419, 208, 15, 780, 2, 11),
(10420, 209, 15, 780, 8, 11),
(10421, 210, 15, 780, 7, 18),
(10422, 211, 15, 780, 7, 15),
(10423, 185, 15, 781, 7, 19),
(10424, 186, 15, 781, 7, 14),
(10425, 188, 15, 781, 7, 12),
(10426, 189, 15, 781, 8, 18),
(10427, 190, 15, 781, 4, 16),
(10428, 192, 15, 781, 2, 7),
(10429, 36, 15, 782, 8, 18),
(10430, 37, 15, 782, 7, 11),
(10431, 38, 15, 782, 8, 5),
(10432, 39, 15, 782, 8, 10),
(10433, 30, 15, 782, 1, 13),
(10434, 31, 15, 782, 4, 6),
(10435, 32, 15, 782, 1, 9),
(10436, 33, 15, 782, 6, 19),
(10437, 34, 15, 782, 2, 11),
(10438, 35, 15, 782, 5, 20),
(10439, 40, 15, 782, 3, 11),
(10440, 41, 15, 782, 5, 5),
(10441, 42, 15, 782, 8, 13),
(10442, 43, 15, 782, 1, 9),
(10443, 44, 15, 782, 3, 6),
(10444, 45, 15, 782, 5, 8),
(10445, 198, 15, 782, 1, 10),
(10446, 199, 15, 782, 7, 20),
(10447, 172, 15, 783, 5, 15),
(10448, 173, 15, 783, 4, 14),
(10449, 174, 15, 783, 3, 18),
(10450, 175, 15, 783, 7, 8),
(10451, 166, 15, 783, 2, 13),
(10452, 167, 15, 783, 2, 10),
(10453, 168, 15, 783, 1, 18),
(10454, 169, 15, 783, 4, 9),
(10455, 170, 15, 783, 3, 20),
(10456, 182, 15, 784, 5, 8),
(10457, 187, 15, 784, 5, 13),
(10458, 196, 16, 785, 6, 19),
(10459, 197, 16, 785, 2, 18),
(10460, 193, 16, 785, 6, 20),
(10461, 194, 16, 785, 6, 7),
(10462, 195, 16, 785, 8, 19),
(10463, 98, 16, 786, 2, 16),
(10464, 99, 16, 786, 2, 9),
(10465, 100, 16, 786, 3, 11),
(10466, 101, 16, 786, 7, 8),
(10467, 102, 16, 786, 3, 5),
(10468, 103, 16, 786, 6, 14),
(10469, 104, 16, 786, 2, 6),
(10470, 105, 16, 786, 8, 15),
(10471, 106, 16, 786, 7, 13),
(10472, 107, 16, 786, 5, 13),
(10473, 116, 16, 786, 7, 17),
(10474, 112, 16, 786, 4, 13),
(10475, 113, 16, 786, 6, 8),
(10476, 114, 16, 786, 7, 9),
(10477, 115, 16, 786, 5, 16),
(10478, 108, 16, 786, 3, 15),
(10479, 109, 16, 786, 4, 12),
(10480, 110, 16, 786, 1, 17),
(10481, 111, 16, 786, 1, 17),
(10482, 183, 16, 786, 1, 9),
(10483, 177, 16, 786, 8, 17),
(10484, 178, 16, 786, 8, 4),
(10485, 117, 16, 786, 1, 19),
(10486, 118, 16, 786, 7, 17),
(10487, 119, 16, 786, 4, 10),
(10488, 120, 16, 786, 4, 9),
(10489, 121, 16, 786, 2, 17),
(10490, 122, 16, 786, 8, 19),
(10491, 123, 16, 786, 1, 16),
(10492, 124, 16, 786, 3, 14),
(10493, 184, 16, 786, 4, 13),
(10494, 180, 16, 787, 3, 20),
(10495, 181, 16, 787, 2, 10),
(10496, 74, 16, 788, 6, 5),
(10497, 75, 16, 788, 2, 18),
(10498, 76, 16, 788, 4, 5),
(10499, 77, 16, 788, 6, 10),
(10500, 78, 16, 788, 2, 15),
(10501, 79, 16, 788, 3, 3),
(10502, 46, 16, 789, 4, 17),
(10503, 47, 16, 789, 4, 18),
(10504, 48, 16, 789, 2, 14),
(10505, 49, 16, 789, 6, 4),
(10506, 50, 16, 789, 5, 16),
(10507, 51, 16, 789, 7, 18),
(10508, 52, 16, 789, 4, 8),
(10509, 53, 16, 789, 4, 16),
(10510, 54, 16, 789, 3, 13),
(10511, 55, 16, 789, 2, 3),
(10512, 56, 16, 789, 6, 9),
(10513, 57, 16, 789, 7, 6),
(10514, 58, 16, 789, 5, 12),
(10515, 1, 16, 790, 6, 17),
(10516, 71, 16, 790, 2, 20),
(10517, 72, 16, 790, 7, 15),
(10518, 73, 16, 790, 7, 7),
(10519, 59, 16, 790, 5, 20),
(10520, 60, 16, 790, 8, 7),
(10521, 61, 16, 790, 1, 10),
(10522, 62, 16, 790, 8, 19),
(10523, 63, 16, 790, 3, 10),
(10524, 64, 16, 790, 2, 16),
(10525, 65, 16, 790, 2, 11),
(10526, 66, 16, 790, 3, 9),
(10527, 141, 16, 790, 4, 4),
(10528, 142, 16, 790, 6, 9),
(10529, 143, 16, 790, 3, 8),
(10530, 144, 16, 790, 7, 19),
(10531, 145, 16, 790, 1, 3),
(10532, 67, 16, 790, 8, 19),
(10533, 68, 16, 790, 6, 15),
(10534, 69, 16, 790, 2, 8),
(10535, 70, 16, 790, 6, 4),
(10536, 80, 16, 790, 5, 15),
(10537, 81, 16, 790, 4, 12),
(10538, 82, 16, 790, 5, 16),
(10539, 83, 16, 790, 8, 17),
(10540, 84, 16, 790, 5, 5),
(10541, 85, 16, 790, 3, 18),
(10542, 86, 16, 790, 4, 16),
(10543, 87, 16, 790, 8, 6),
(10544, 88, 16, 790, 1, 6),
(10545, 89, 16, 790, 5, 19),
(10546, 90, 16, 790, 1, 13),
(10547, 91, 16, 790, 8, 20),
(10548, 92, 16, 790, 4, 15),
(10549, 93, 16, 790, 6, 15),
(10550, 94, 16, 790, 8, 8),
(10551, 95, 16, 790, 6, 11),
(10552, 96, 16, 790, 1, 6),
(10553, 97, 16, 790, 8, 13),
(10554, 8, 16, 791, 8, 19),
(10555, 9, 16, 791, 4, 12),
(10556, 14, 16, 791, 1, 14),
(10557, 15, 16, 791, 3, 12),
(10558, 22, 16, 791, 4, 8),
(10559, 23, 16, 791, 6, 11),
(10560, 24, 16, 791, 4, 7),
(10561, 25, 16, 791, 4, 13),
(10562, 26, 16, 791, 7, 10),
(10563, 27, 16, 791, 5, 8),
(10564, 28, 16, 791, 1, 7),
(10565, 29, 16, 791, 8, 4),
(10566, 176, 16, 791, 5, 16),
(10567, 191, 16, 791, 5, 12),
(10568, 200, 16, 791, 8, 13),
(10569, 201, 16, 791, 2, 19),
(10570, 202, 16, 791, 5, 12),
(10571, 2, 16, 791, 4, 12),
(10572, 3, 16, 791, 2, 17),
(10573, 4, 16, 791, 1, 13),
(10574, 5, 16, 791, 1, 17),
(10575, 6, 16, 791, 1, 13),
(10576, 7, 16, 791, 1, 11),
(10577, 10, 16, 791, 2, 18),
(10578, 11, 16, 791, 8, 16),
(10579, 12, 16, 791, 2, 20),
(10580, 13, 16, 791, 1, 6),
(10581, 179, 16, 791, 1, 13),
(10582, 125, 16, 792, 8, 15),
(10583, 126, 16, 792, 1, 18);
INSERT INTO `fydp_stocks` (`id`, `product_id`, `store_id`, `aisle_id`, `aisle_position`, `quantity`) VALUES
(10584, 127, 16, 792, 3, 7),
(10585, 128, 16, 792, 7, 16),
(10586, 129, 16, 792, 7, 7),
(10587, 130, 16, 792, 3, 20),
(10588, 131, 16, 792, 1, 9),
(10589, 132, 16, 792, 5, 5),
(10590, 133, 16, 792, 2, 14),
(10591, 134, 16, 792, 6, 6),
(10592, 135, 16, 792, 1, 19),
(10593, 136, 16, 792, 1, 3),
(10594, 137, 16, 792, 6, 6),
(10595, 138, 16, 792, 1, 15),
(10596, 139, 16, 792, 4, 4),
(10597, 140, 16, 792, 2, 8),
(10598, 147, 16, 793, 7, 9),
(10599, 148, 16, 793, 2, 3),
(10600, 149, 16, 793, 5, 19),
(10601, 151, 16, 793, 7, 10),
(10602, 152, 16, 793, 2, 4),
(10603, 153, 16, 793, 3, 6),
(10604, 154, 16, 793, 4, 19),
(10605, 156, 16, 793, 3, 13),
(10606, 157, 16, 793, 5, 20),
(10607, 158, 16, 793, 7, 14),
(10608, 159, 16, 793, 8, 17),
(10609, 160, 16, 793, 6, 12),
(10610, 161, 16, 793, 8, 15),
(10611, 162, 16, 793, 2, 9),
(10612, 163, 16, 793, 7, 11),
(10613, 164, 16, 793, 6, 12),
(10614, 165, 16, 793, 7, 17),
(10615, 203, 16, 794, 5, 10),
(10616, 204, 16, 794, 6, 9),
(10617, 205, 16, 794, 7, 18),
(10618, 206, 16, 794, 4, 6),
(10619, 207, 16, 794, 1, 19),
(10620, 208, 16, 794, 1, 8),
(10621, 209, 16, 794, 4, 14),
(10622, 210, 16, 794, 3, 7),
(10623, 211, 16, 794, 3, 6),
(10624, 185, 16, 795, 1, 20),
(10625, 186, 16, 795, 6, 3),
(10626, 188, 16, 795, 6, 20),
(10627, 189, 16, 795, 4, 10),
(10628, 190, 16, 795, 4, 4),
(10629, 192, 16, 795, 8, 6),
(10630, 36, 16, 796, 7, 13),
(10631, 37, 16, 796, 6, 13),
(10632, 38, 16, 796, 8, 10),
(10633, 39, 16, 796, 4, 10),
(10634, 30, 16, 796, 5, 11),
(10635, 31, 16, 796, 3, 15),
(10636, 32, 16, 796, 7, 17),
(10637, 33, 16, 796, 3, 4),
(10638, 34, 16, 796, 1, 14),
(10639, 35, 16, 796, 3, 4),
(10640, 40, 16, 796, 5, 3),
(10641, 41, 16, 796, 2, 7),
(10642, 42, 16, 796, 8, 12),
(10643, 43, 16, 796, 6, 10),
(10644, 44, 16, 796, 5, 14),
(10645, 45, 16, 796, 5, 11),
(10646, 198, 16, 796, 2, 7),
(10647, 199, 16, 796, 1, 5),
(10648, 172, 16, 797, 6, 10),
(10649, 173, 16, 797, 5, 8),
(10650, 174, 16, 797, 8, 18),
(10651, 175, 16, 797, 8, 14),
(10652, 166, 16, 797, 6, 8),
(10653, 167, 16, 797, 6, 15),
(10654, 168, 16, 797, 8, 3),
(10655, 169, 16, 797, 7, 12),
(10656, 170, 16, 797, 1, 19),
(10657, 182, 16, 798, 7, 3),
(10658, 187, 16, 798, 1, 5),
(10659, 196, 17, 799, 4, 20),
(10660, 197, 17, 799, 8, 3),
(10661, 193, 17, 799, 2, 12),
(10662, 194, 17, 799, 8, 18),
(10663, 195, 17, 799, 4, 10),
(10664, 98, 17, 800, 3, 17),
(10665, 99, 17, 800, 4, 11),
(10666, 100, 17, 800, 8, 3),
(10667, 101, 17, 800, 7, 6),
(10668, 102, 17, 800, 5, 7),
(10669, 103, 17, 800, 2, 12),
(10670, 104, 17, 800, 3, 11),
(10671, 105, 17, 800, 4, 5),
(10672, 106, 17, 800, 6, 19),
(10673, 107, 17, 800, 6, 8),
(10674, 116, 17, 800, 2, 19),
(10675, 112, 17, 800, 7, 11),
(10676, 113, 17, 800, 8, 18),
(10677, 114, 17, 800, 7, 18),
(10678, 115, 17, 800, 6, 7),
(10679, 108, 17, 800, 3, 4),
(10680, 109, 17, 800, 1, 17),
(10681, 110, 17, 800, 5, 20),
(10682, 111, 17, 800, 7, 8),
(10683, 183, 17, 800, 2, 8),
(10684, 177, 17, 800, 5, 9),
(10685, 178, 17, 800, 7, 17),
(10686, 117, 17, 800, 7, 7),
(10687, 118, 17, 800, 8, 12),
(10688, 119, 17, 800, 2, 14),
(10689, 120, 17, 800, 7, 9),
(10690, 121, 17, 800, 5, 14),
(10691, 122, 17, 800, 7, 11),
(10692, 123, 17, 800, 4, 15),
(10693, 124, 17, 800, 3, 7),
(10694, 184, 17, 800, 8, 14),
(10695, 180, 17, 801, 3, 20),
(10696, 181, 17, 801, 4, 17),
(10697, 74, 17, 802, 8, 7),
(10698, 75, 17, 802, 1, 4),
(10699, 76, 17, 802, 5, 14),
(10700, 77, 17, 802, 4, 10),
(10701, 78, 17, 802, 4, 7),
(10702, 79, 17, 802, 6, 11),
(10703, 46, 17, 803, 7, 17),
(10704, 47, 17, 803, 1, 13),
(10705, 48, 17, 803, 1, 14),
(10706, 49, 17, 803, 2, 20),
(10707, 50, 17, 803, 1, 14),
(10708, 51, 17, 803, 6, 11),
(10709, 52, 17, 803, 8, 12),
(10710, 53, 17, 803, 1, 6),
(10711, 54, 17, 803, 5, 12),
(10712, 55, 17, 803, 1, 10),
(10713, 56, 17, 803, 7, 4),
(10714, 57, 17, 803, 5, 9),
(10715, 58, 17, 803, 7, 20),
(10716, 1, 17, 804, 7, 7),
(10717, 71, 17, 804, 2, 10),
(10718, 72, 17, 804, 6, 20),
(10719, 73, 17, 804, 2, 17),
(10720, 59, 17, 804, 5, 8),
(10721, 60, 17, 804, 4, 15),
(10722, 61, 17, 804, 2, 13),
(10723, 62, 17, 804, 3, 18),
(10724, 63, 17, 804, 1, 7),
(10725, 64, 17, 804, 4, 5),
(10726, 65, 17, 804, 4, 19),
(10727, 66, 17, 804, 6, 11),
(10728, 141, 17, 804, 3, 11),
(10729, 142, 17, 804, 5, 18),
(10730, 143, 17, 804, 7, 8),
(10731, 144, 17, 804, 7, 14),
(10732, 145, 17, 804, 5, 3),
(10733, 67, 17, 804, 1, 7),
(10734, 68, 17, 804, 8, 6),
(10735, 69, 17, 804, 1, 12),
(10736, 70, 17, 804, 4, 12),
(10737, 80, 17, 804, 2, 15),
(10738, 81, 17, 804, 1, 13),
(10739, 82, 17, 804, 5, 5),
(10740, 83, 17, 804, 7, 20),
(10741, 84, 17, 804, 3, 8),
(10742, 85, 17, 804, 8, 20),
(10743, 86, 17, 804, 6, 7),
(10744, 87, 17, 804, 4, 8),
(10745, 88, 17, 804, 2, 8),
(10746, 89, 17, 804, 5, 20),
(10747, 90, 17, 804, 8, 6),
(10748, 91, 17, 804, 1, 19),
(10749, 92, 17, 804, 4, 20),
(10750, 93, 17, 804, 1, 12),
(10751, 94, 17, 804, 5, 13),
(10752, 95, 17, 804, 1, 16),
(10753, 96, 17, 804, 3, 6),
(10754, 97, 17, 804, 3, 19),
(10755, 8, 17, 805, 3, 5),
(10756, 9, 17, 805, 8, 13),
(10757, 14, 17, 805, 4, 17),
(10758, 15, 17, 805, 5, 6),
(10759, 22, 17, 805, 1, 3),
(10760, 23, 17, 805, 4, 6),
(10761, 24, 17, 805, 3, 4),
(10762, 25, 17, 805, 2, 7),
(10763, 26, 17, 805, 3, 6),
(10764, 27, 17, 805, 2, 16),
(10765, 28, 17, 805, 2, 8),
(10766, 29, 17, 805, 3, 15),
(10767, 176, 17, 805, 8, 8),
(10768, 191, 17, 805, 4, 7),
(10769, 200, 17, 805, 4, 16),
(10770, 201, 17, 805, 2, 17),
(10771, 202, 17, 805, 8, 4),
(10772, 2, 17, 805, 4, 9),
(10773, 3, 17, 805, 8, 19),
(10774, 4, 17, 805, 5, 20),
(10775, 5, 17, 805, 8, 20),
(10776, 6, 17, 805, 2, 8),
(10777, 7, 17, 805, 1, 8),
(10778, 10, 17, 805, 5, 9),
(10779, 11, 17, 805, 4, 17),
(10780, 12, 17, 805, 1, 14),
(10781, 13, 17, 805, 2, 8),
(10782, 179, 17, 805, 3, 4),
(10783, 125, 17, 806, 6, 16),
(10784, 126, 17, 806, 3, 5),
(10785, 127, 17, 806, 5, 11),
(10786, 128, 17, 806, 8, 10),
(10787, 129, 17, 806, 5, 9),
(10788, 130, 17, 806, 7, 10),
(10789, 131, 17, 806, 3, 8),
(10790, 132, 17, 806, 4, 7),
(10791, 133, 17, 806, 3, 12),
(10792, 134, 17, 806, 5, 9),
(10793, 135, 17, 806, 7, 5),
(10794, 136, 17, 806, 6, 9),
(10795, 137, 17, 806, 8, 16),
(10796, 138, 17, 806, 1, 4),
(10797, 139, 17, 806, 1, 9),
(10798, 140, 17, 806, 2, 16),
(10799, 147, 17, 807, 2, 11),
(10800, 148, 17, 807, 8, 14),
(10801, 149, 17, 807, 8, 18),
(10802, 151, 17, 807, 1, 11),
(10803, 152, 17, 807, 2, 17),
(10804, 153, 17, 807, 8, 11),
(10805, 154, 17, 807, 1, 8),
(10806, 156, 17, 807, 6, 9),
(10807, 157, 17, 807, 7, 7),
(10808, 158, 17, 807, 6, 15),
(10809, 159, 17, 807, 4, 10),
(10810, 160, 17, 807, 1, 9),
(10811, 161, 17, 807, 2, 3),
(10812, 162, 17, 807, 4, 7),
(10813, 163, 17, 807, 4, 13),
(10814, 164, 17, 807, 8, 12),
(10815, 165, 17, 807, 1, 18),
(10816, 203, 17, 808, 2, 20),
(10817, 204, 17, 808, 6, 6),
(10818, 205, 17, 808, 4, 18),
(10819, 206, 17, 808, 1, 8),
(10820, 207, 17, 808, 3, 4),
(10821, 208, 17, 808, 5, 3),
(10822, 209, 17, 808, 4, 10),
(10823, 210, 17, 808, 3, 5),
(10824, 211, 17, 808, 1, 15),
(10825, 185, 17, 809, 5, 5),
(10826, 186, 17, 809, 1, 15),
(10827, 188, 17, 809, 2, 13),
(10828, 189, 17, 809, 8, 13),
(10829, 190, 17, 809, 2, 18),
(10830, 192, 17, 809, 1, 6),
(10831, 36, 17, 810, 6, 8),
(10832, 37, 17, 810, 2, 9),
(10833, 38, 17, 810, 4, 13),
(10834, 39, 17, 810, 2, 12),
(10835, 30, 17, 810, 8, 12),
(10836, 31, 17, 810, 5, 12),
(10837, 32, 17, 810, 5, 3),
(10838, 33, 17, 810, 8, 17),
(10839, 34, 17, 810, 2, 4),
(10840, 35, 17, 810, 5, 15),
(10841, 40, 17, 810, 2, 14),
(10842, 41, 17, 810, 4, 10),
(10843, 42, 17, 810, 2, 7),
(10844, 43, 17, 810, 8, 9),
(10845, 44, 17, 810, 1, 4),
(10846, 45, 17, 810, 5, 17),
(10847, 198, 17, 810, 3, 15),
(10848, 199, 17, 810, 2, 18),
(10849, 172, 17, 811, 3, 9),
(10850, 173, 17, 811, 4, 7),
(10851, 174, 17, 811, 7, 20),
(10852, 175, 17, 811, 7, 9),
(10853, 166, 17, 811, 1, 17),
(10854, 167, 17, 811, 2, 6),
(10855, 168, 17, 811, 8, 15),
(10856, 169, 17, 811, 8, 4),
(10857, 170, 17, 811, 3, 8),
(10858, 182, 17, 812, 5, 12),
(10859, 187, 17, 812, 5, 11),
(10860, 196, 18, 813, 6, 13),
(10861, 197, 18, 813, 4, 11),
(10862, 193, 18, 813, 8, 5),
(10863, 194, 18, 813, 6, 17),
(10864, 195, 18, 813, 4, 20),
(10865, 98, 18, 814, 2, 16),
(10866, 99, 18, 814, 7, 5),
(10867, 100, 18, 814, 5, 7),
(10868, 101, 18, 814, 2, 9),
(10869, 102, 18, 814, 4, 9),
(10870, 103, 18, 814, 2, 5),
(10871, 104, 18, 814, 3, 9),
(10872, 105, 18, 814, 4, 13),
(10873, 106, 18, 814, 7, 20),
(10874, 107, 18, 814, 2, 8),
(10875, 116, 18, 814, 7, 17),
(10876, 112, 18, 814, 8, 8),
(10877, 113, 18, 814, 3, 17),
(10878, 114, 18, 814, 4, 19),
(10879, 115, 18, 814, 5, 18),
(10880, 108, 18, 814, 8, 17),
(10881, 109, 18, 814, 5, 16),
(10882, 110, 18, 814, 8, 5),
(10883, 111, 18, 814, 1, 5),
(10884, 183, 18, 814, 5, 10),
(10885, 177, 18, 814, 5, 16),
(10886, 178, 18, 814, 5, 17),
(10887, 117, 18, 814, 1, 3),
(10888, 118, 18, 814, 3, 19),
(10889, 119, 18, 814, 1, 11),
(10890, 120, 18, 814, 2, 19),
(10891, 121, 18, 814, 3, 5),
(10892, 122, 18, 814, 2, 13),
(10893, 123, 18, 814, 8, 14),
(10894, 124, 18, 814, 5, 12),
(10895, 184, 18, 814, 4, 10),
(10896, 180, 18, 815, 3, 4),
(10897, 181, 18, 815, 2, 7),
(10898, 74, 18, 816, 3, 6),
(10899, 75, 18, 816, 3, 16),
(10900, 76, 18, 816, 6, 18),
(10901, 77, 18, 816, 5, 7),
(10902, 78, 18, 816, 6, 13),
(10903, 79, 18, 816, 3, 3),
(10904, 46, 18, 817, 5, 8),
(10905, 47, 18, 817, 5, 16),
(10906, 48, 18, 817, 2, 17),
(10907, 49, 18, 817, 8, 10),
(10908, 50, 18, 817, 4, 17),
(10909, 51, 18, 817, 1, 19),
(10910, 52, 18, 817, 3, 12),
(10911, 53, 18, 817, 3, 14),
(10912, 54, 18, 817, 6, 12),
(10913, 55, 18, 817, 8, 19),
(10914, 56, 18, 817, 6, 7),
(10915, 57, 18, 817, 6, 9),
(10916, 58, 18, 817, 1, 5),
(10917, 1, 18, 818, 5, 16),
(10918, 71, 18, 818, 6, 18),
(10919, 72, 18, 818, 7, 7),
(10920, 73, 18, 818, 2, 8),
(10921, 59, 18, 818, 1, 10),
(10922, 60, 18, 818, 1, 19),
(10923, 61, 18, 818, 7, 11),
(10924, 62, 18, 818, 6, 19),
(10925, 63, 18, 818, 4, 3),
(10926, 64, 18, 818, 4, 15),
(10927, 65, 18, 818, 6, 4),
(10928, 66, 18, 818, 2, 12),
(10929, 141, 18, 818, 8, 19),
(10930, 142, 18, 818, 7, 14),
(10931, 143, 18, 818, 3, 18),
(10932, 144, 18, 818, 7, 18),
(10933, 145, 18, 818, 6, 13),
(10934, 67, 18, 818, 6, 10),
(10935, 68, 18, 818, 7, 19),
(10936, 69, 18, 818, 6, 18),
(10937, 70, 18, 818, 3, 17),
(10938, 80, 18, 818, 6, 7),
(10939, 81, 18, 818, 3, 10),
(10940, 82, 18, 818, 2, 15),
(10941, 83, 18, 818, 4, 14),
(10942, 84, 18, 818, 4, 5),
(10943, 85, 18, 818, 6, 13),
(10944, 86, 18, 818, 6, 15),
(10945, 87, 18, 818, 5, 10),
(10946, 88, 18, 818, 3, 17),
(10947, 89, 18, 818, 3, 6),
(10948, 90, 18, 818, 6, 20),
(10949, 91, 18, 818, 7, 10),
(10950, 92, 18, 818, 4, 13),
(10951, 93, 18, 818, 3, 5),
(10952, 94, 18, 818, 4, 15),
(10953, 95, 18, 818, 8, 6),
(10954, 96, 18, 818, 8, 7),
(10955, 97, 18, 818, 5, 4),
(10956, 8, 18, 819, 8, 4),
(10957, 9, 18, 819, 6, 9),
(10958, 14, 18, 819, 2, 10),
(10959, 15, 18, 819, 8, 17),
(10960, 22, 18, 819, 1, 12),
(10961, 23, 18, 819, 3, 11),
(10962, 24, 18, 819, 3, 13),
(10963, 25, 18, 819, 6, 20),
(10964, 26, 18, 819, 5, 10),
(10965, 27, 18, 819, 3, 19),
(10966, 28, 18, 819, 1, 15),
(10967, 29, 18, 819, 1, 11),
(10968, 176, 18, 819, 3, 20),
(10969, 191, 18, 819, 6, 8),
(10970, 200, 18, 819, 3, 8),
(10971, 201, 18, 819, 3, 6),
(10972, 202, 18, 819, 3, 3),
(10973, 2, 18, 819, 5, 12),
(10974, 3, 18, 819, 4, 13),
(10975, 4, 18, 819, 3, 13),
(10976, 5, 18, 819, 1, 13),
(10977, 6, 18, 819, 1, 10),
(10978, 7, 18, 819, 2, 15),
(10979, 10, 18, 819, 4, 16),
(10980, 11, 18, 819, 2, 16),
(10981, 12, 18, 819, 6, 6),
(10982, 13, 18, 819, 4, 16),
(10983, 179, 18, 819, 6, 17),
(10984, 125, 18, 820, 6, 9),
(10985, 126, 18, 820, 1, 20),
(10986, 127, 18, 820, 6, 11),
(10987, 128, 18, 820, 2, 20),
(10988, 129, 18, 820, 5, 17),
(10989, 130, 18, 820, 4, 20),
(10990, 131, 18, 820, 4, 18),
(10991, 132, 18, 820, 5, 11),
(10992, 133, 18, 820, 4, 13),
(10993, 134, 18, 820, 8, 14),
(10994, 135, 18, 820, 3, 7),
(10995, 136, 18, 820, 4, 11),
(10996, 137, 18, 820, 1, 4),
(10997, 138, 18, 820, 6, 11),
(10998, 139, 18, 820, 7, 9),
(10999, 140, 18, 820, 3, 12),
(11000, 147, 18, 821, 6, 10),
(11001, 148, 18, 821, 5, 9),
(11002, 149, 18, 821, 7, 16),
(11003, 151, 18, 821, 3, 9),
(11004, 152, 18, 821, 5, 17),
(11005, 153, 18, 821, 3, 19),
(11006, 154, 18, 821, 6, 18),
(11007, 156, 18, 821, 4, 4),
(11008, 157, 18, 821, 4, 8),
(11009, 158, 18, 821, 6, 16),
(11010, 159, 18, 821, 5, 5),
(11011, 160, 18, 821, 2, 13),
(11012, 161, 18, 821, 2, 17),
(11013, 162, 18, 821, 1, 20),
(11014, 163, 18, 821, 2, 9),
(11015, 164, 18, 821, 5, 18),
(11016, 165, 18, 821, 6, 4),
(11017, 203, 18, 822, 2, 13),
(11018, 204, 18, 822, 7, 12),
(11019, 205, 18, 822, 8, 9),
(11020, 206, 18, 822, 3, 8),
(11021, 207, 18, 822, 3, 20),
(11022, 208, 18, 822, 2, 15),
(11023, 209, 18, 822, 1, 13),
(11024, 210, 18, 822, 8, 18),
(11025, 211, 18, 822, 3, 12),
(11026, 185, 18, 823, 8, 12),
(11027, 186, 18, 823, 2, 6),
(11028, 188, 18, 823, 3, 6),
(11029, 189, 18, 823, 2, 11),
(11030, 190, 18, 823, 5, 15),
(11031, 192, 18, 823, 3, 7),
(11032, 36, 18, 824, 6, 13),
(11033, 37, 18, 824, 7, 12),
(11034, 38, 18, 824, 1, 17),
(11035, 39, 18, 824, 8, 10),
(11036, 30, 18, 824, 2, 5),
(11037, 31, 18, 824, 4, 8),
(11038, 32, 18, 824, 7, 12),
(11039, 33, 18, 824, 8, 17),
(11040, 34, 18, 824, 4, 7),
(11041, 35, 18, 824, 3, 9),
(11042, 40, 18, 824, 6, 11),
(11043, 41, 18, 824, 5, 4),
(11044, 42, 18, 824, 6, 15),
(11045, 43, 18, 824, 5, 7),
(11046, 44, 18, 824, 4, 19),
(11047, 45, 18, 824, 5, 5),
(11048, 198, 18, 824, 5, 9),
(11049, 199, 18, 824, 6, 14),
(11050, 172, 18, 825, 2, 12),
(11051, 173, 18, 825, 1, 9),
(11052, 174, 18, 825, 6, 11),
(11053, 175, 18, 825, 6, 12),
(11054, 166, 18, 825, 1, 12),
(11055, 167, 18, 825, 3, 9),
(11056, 168, 18, 825, 7, 14),
(11057, 169, 18, 825, 6, 12),
(11058, 170, 18, 825, 2, 7),
(11059, 182, 18, 826, 5, 17),
(11060, 187, 18, 826, 1, 9),
(11061, 196, 19, 827, 4, 14),
(11062, 197, 19, 827, 8, 5),
(11063, 193, 19, 827, 2, 5),
(11064, 194, 19, 827, 6, 8),
(11065, 195, 19, 827, 4, 9),
(11066, 98, 19, 828, 7, 4),
(11067, 99, 19, 828, 7, 16),
(11068, 100, 19, 828, 6, 5),
(11069, 101, 19, 828, 2, 10),
(11070, 102, 19, 828, 7, 19),
(11071, 103, 19, 828, 8, 19),
(11072, 104, 19, 828, 2, 12),
(11073, 105, 19, 828, 7, 5),
(11074, 106, 19, 828, 6, 17),
(11075, 107, 19, 828, 4, 17),
(11076, 116, 19, 828, 3, 20),
(11077, 112, 19, 828, 4, 7),
(11078, 113, 19, 828, 1, 14),
(11079, 114, 19, 828, 3, 16),
(11080, 115, 19, 828, 8, 17),
(11081, 108, 19, 828, 2, 15),
(11082, 109, 19, 828, 8, 20),
(11083, 110, 19, 828, 4, 13),
(11084, 111, 19, 828, 2, 14),
(11085, 183, 19, 828, 8, 20),
(11086, 177, 19, 828, 5, 20),
(11087, 178, 19, 828, 8, 15),
(11088, 117, 19, 828, 5, 14),
(11089, 118, 19, 828, 7, 6),
(11090, 119, 19, 828, 4, 8),
(11091, 120, 19, 828, 1, 17),
(11092, 121, 19, 828, 3, 11),
(11093, 122, 19, 828, 1, 9),
(11094, 123, 19, 828, 2, 10),
(11095, 124, 19, 828, 2, 4),
(11096, 184, 19, 828, 2, 7),
(11097, 180, 19, 829, 7, 5),
(11098, 181, 19, 829, 3, 7),
(11099, 74, 19, 830, 6, 10),
(11100, 75, 19, 830, 7, 15),
(11101, 76, 19, 830, 4, 10),
(11102, 77, 19, 830, 6, 8),
(11103, 78, 19, 830, 1, 5),
(11104, 79, 19, 830, 8, 20),
(11105, 46, 19, 831, 3, 9),
(11106, 47, 19, 831, 3, 10),
(11107, 48, 19, 831, 2, 13),
(11108, 49, 19, 831, 7, 6),
(11109, 50, 19, 831, 8, 20),
(11110, 51, 19, 831, 5, 4),
(11111, 52, 19, 831, 1, 18),
(11112, 53, 19, 831, 3, 17),
(11113, 54, 19, 831, 1, 13),
(11114, 55, 19, 831, 1, 15),
(11115, 56, 19, 831, 1, 19),
(11116, 57, 19, 831, 4, 10),
(11117, 58, 19, 831, 3, 3),
(11118, 1, 19, 832, 6, 10),
(11119, 71, 19, 832, 2, 14),
(11120, 72, 19, 832, 4, 13),
(11121, 73, 19, 832, 8, 15),
(11122, 59, 19, 832, 8, 5),
(11123, 60, 19, 832, 2, 18),
(11124, 61, 19, 832, 3, 6),
(11125, 62, 19, 832, 7, 20),
(11126, 63, 19, 832, 3, 19),
(11127, 64, 19, 832, 7, 13),
(11128, 65, 19, 832, 6, 18),
(11129, 66, 19, 832, 2, 17),
(11130, 141, 19, 832, 5, 7),
(11131, 142, 19, 832, 7, 20),
(11132, 143, 19, 832, 6, 4),
(11133, 144, 19, 832, 1, 8),
(11134, 145, 19, 832, 5, 6),
(11135, 67, 19, 832, 8, 19),
(11136, 68, 19, 832, 7, 19),
(11137, 69, 19, 832, 5, 16),
(11138, 70, 19, 832, 1, 17),
(11139, 80, 19, 832, 5, 11),
(11140, 81, 19, 832, 8, 11),
(11141, 82, 19, 832, 4, 7),
(11142, 83, 19, 832, 3, 8),
(11143, 84, 19, 832, 7, 4),
(11144, 85, 19, 832, 2, 4),
(11145, 86, 19, 832, 8, 15),
(11146, 87, 19, 832, 3, 15),
(11147, 88, 19, 832, 6, 19),
(11148, 89, 19, 832, 7, 14),
(11149, 90, 19, 832, 3, 8),
(11150, 91, 19, 832, 7, 6),
(11151, 92, 19, 832, 2, 14),
(11152, 93, 19, 832, 2, 16),
(11153, 94, 19, 832, 4, 7),
(11154, 95, 19, 832, 5, 3),
(11155, 96, 19, 832, 6, 13),
(11156, 97, 19, 832, 4, 5),
(11157, 8, 19, 833, 7, 18),
(11158, 9, 19, 833, 4, 15),
(11159, 14, 19, 833, 8, 13),
(11160, 15, 19, 833, 6, 18),
(11161, 22, 19, 833, 2, 3),
(11162, 23, 19, 833, 5, 18),
(11163, 24, 19, 833, 8, 8),
(11164, 25, 19, 833, 5, 7),
(11165, 26, 19, 833, 5, 10),
(11166, 27, 19, 833, 4, 17),
(11167, 28, 19, 833, 1, 14),
(11168, 29, 19, 833, 5, 11),
(11169, 176, 19, 833, 8, 5),
(11170, 191, 19, 833, 5, 13),
(11171, 200, 19, 833, 6, 20),
(11172, 201, 19, 833, 7, 13),
(11173, 202, 19, 833, 7, 6),
(11174, 2, 19, 833, 3, 17),
(11175, 3, 19, 833, 7, 3),
(11176, 4, 19, 833, 6, 3),
(11177, 5, 19, 833, 1, 7),
(11178, 6, 19, 833, 8, 3),
(11179, 7, 19, 833, 5, 10),
(11180, 10, 19, 833, 3, 5),
(11181, 11, 19, 833, 7, 16),
(11182, 12, 19, 833, 8, 19),
(11183, 13, 19, 833, 4, 12),
(11184, 179, 19, 833, 4, 8),
(11185, 125, 19, 834, 6, 18),
(11186, 126, 19, 834, 8, 10),
(11187, 127, 19, 834, 7, 14),
(11188, 128, 19, 834, 8, 15),
(11189, 129, 19, 834, 7, 7),
(11190, 130, 19, 834, 5, 14),
(11191, 131, 19, 834, 3, 6),
(11192, 132, 19, 834, 6, 8),
(11193, 133, 19, 834, 4, 12),
(11194, 134, 19, 834, 3, 3),
(11195, 135, 19, 834, 8, 14),
(11196, 136, 19, 834, 2, 17),
(11197, 137, 19, 834, 4, 5),
(11198, 138, 19, 834, 6, 17),
(11199, 139, 19, 834, 6, 5),
(11200, 140, 19, 834, 1, 8),
(11201, 147, 19, 835, 1, 20),
(11202, 148, 19, 835, 6, 18),
(11203, 149, 19, 835, 5, 15),
(11204, 151, 19, 835, 5, 11),
(11205, 152, 19, 835, 8, 4),
(11206, 153, 19, 835, 1, 6),
(11207, 154, 19, 835, 3, 15),
(11208, 156, 19, 835, 4, 17),
(11209, 157, 19, 835, 2, 18),
(11210, 158, 19, 835, 7, 7),
(11211, 159, 19, 835, 4, 3),
(11212, 160, 19, 835, 1, 18),
(11213, 161, 19, 835, 2, 17),
(11214, 162, 19, 835, 6, 17),
(11215, 163, 19, 835, 8, 15),
(11216, 164, 19, 835, 1, 19),
(11217, 165, 19, 835, 6, 17),
(11218, 203, 19, 836, 7, 7),
(11219, 204, 19, 836, 5, 10),
(11220, 205, 19, 836, 6, 11),
(11221, 206, 19, 836, 5, 17),
(11222, 207, 19, 836, 6, 17),
(11223, 208, 19, 836, 5, 6),
(11224, 209, 19, 836, 5, 16),
(11225, 210, 19, 836, 1, 10),
(11226, 211, 19, 836, 8, 11),
(11227, 185, 19, 837, 4, 3),
(11228, 186, 19, 837, 3, 13),
(11229, 188, 19, 837, 7, 20),
(11230, 189, 19, 837, 3, 16),
(11231, 190, 19, 837, 6, 11),
(11232, 192, 19, 837, 6, 9),
(11233, 36, 19, 838, 3, 12),
(11234, 37, 19, 838, 6, 18),
(11235, 38, 19, 838, 8, 9),
(11236, 39, 19, 838, 3, 10),
(11237, 30, 19, 838, 2, 20),
(11238, 31, 19, 838, 2, 15),
(11239, 32, 19, 838, 2, 18),
(11240, 33, 19, 838, 4, 5),
(11241, 34, 19, 838, 3, 10),
(11242, 35, 19, 838, 6, 15),
(11243, 40, 19, 838, 4, 20),
(11244, 41, 19, 838, 3, 8),
(11245, 42, 19, 838, 8, 14),
(11246, 43, 19, 838, 1, 14),
(11247, 44, 19, 838, 1, 16),
(11248, 45, 19, 838, 8, 10),
(11249, 198, 19, 838, 3, 14),
(11250, 199, 19, 838, 3, 6),
(11251, 172, 19, 839, 1, 14),
(11252, 173, 19, 839, 5, 6),
(11253, 174, 19, 839, 5, 17),
(11254, 175, 19, 839, 7, 16),
(11255, 166, 19, 839, 6, 8),
(11256, 167, 19, 839, 8, 19),
(11257, 168, 19, 839, 6, 13),
(11258, 169, 19, 839, 5, 6),
(11259, 170, 19, 839, 5, 18),
(11260, 182, 19, 840, 5, 5),
(11261, 187, 19, 840, 5, 8),
(11262, 196, 20, 841, 6, 8),
(11263, 197, 20, 841, 8, 8),
(11264, 193, 20, 841, 8, 12),
(11265, 194, 20, 841, 2, 17),
(11266, 195, 20, 841, 6, 17),
(11267, 98, 20, 842, 7, 8),
(11268, 99, 20, 842, 8, 9),
(11269, 100, 20, 842, 1, 11),
(11270, 101, 20, 842, 7, 13),
(11271, 102, 20, 842, 1, 20),
(11272, 103, 20, 842, 2, 8),
(11273, 104, 20, 842, 1, 6),
(11274, 105, 20, 842, 8, 17),
(11275, 106, 20, 842, 4, 15),
(11276, 107, 20, 842, 5, 10),
(11277, 116, 20, 842, 8, 12),
(11278, 112, 20, 842, 8, 5),
(11279, 113, 20, 842, 3, 7),
(11280, 114, 20, 842, 8, 10),
(11281, 115, 20, 842, 5, 14),
(11282, 108, 20, 842, 2, 9),
(11283, 109, 20, 842, 8, 6),
(11284, 110, 20, 842, 6, 3),
(11285, 111, 20, 842, 6, 13),
(11286, 183, 20, 842, 5, 14),
(11287, 177, 20, 842, 5, 16),
(11288, 178, 20, 842, 8, 13),
(11289, 117, 20, 842, 8, 19),
(11290, 118, 20, 842, 4, 10),
(11291, 119, 20, 842, 5, 3),
(11292, 120, 20, 842, 7, 13),
(11293, 121, 20, 842, 5, 17),
(11294, 122, 20, 842, 6, 17),
(11295, 123, 20, 842, 1, 14),
(11296, 124, 20, 842, 2, 12),
(11297, 184, 20, 842, 3, 10),
(11298, 180, 20, 843, 8, 6),
(11299, 181, 20, 843, 5, 13),
(11300, 74, 20, 844, 2, 7),
(11301, 75, 20, 844, 2, 18),
(11302, 76, 20, 844, 8, 15),
(11303, 77, 20, 844, 5, 18),
(11304, 78, 20, 844, 3, 13),
(11305, 79, 20, 844, 7, 16),
(11306, 46, 20, 845, 8, 9),
(11307, 47, 20, 845, 6, 17),
(11308, 48, 20, 845, 8, 7),
(11309, 49, 20, 845, 5, 14),
(11310, 50, 20, 845, 1, 14),
(11311, 51, 20, 845, 3, 8),
(11312, 52, 20, 845, 2, 13),
(11313, 53, 20, 845, 6, 4),
(11314, 54, 20, 845, 7, 7),
(11315, 55, 20, 845, 6, 20),
(11316, 56, 20, 845, 4, 18),
(11317, 57, 20, 845, 7, 10),
(11318, 58, 20, 845, 5, 11),
(11319, 1, 20, 846, 3, 17),
(11320, 71, 20, 846, 1, 4),
(11321, 72, 20, 846, 5, 3),
(11322, 73, 20, 846, 4, 8),
(11323, 59, 20, 846, 7, 9),
(11324, 60, 20, 846, 5, 11),
(11325, 61, 20, 846, 1, 14),
(11326, 62, 20, 846, 1, 8),
(11327, 63, 20, 846, 8, 8),
(11328, 64, 20, 846, 8, 13),
(11329, 65, 20, 846, 4, 14),
(11330, 66, 20, 846, 7, 4),
(11331, 141, 20, 846, 6, 9),
(11332, 142, 20, 846, 8, 11),
(11333, 143, 20, 846, 7, 11),
(11334, 144, 20, 846, 8, 3),
(11335, 145, 20, 846, 3, 20),
(11336, 67, 20, 846, 1, 18),
(11337, 68, 20, 846, 8, 12),
(11338, 69, 20, 846, 2, 17),
(11339, 70, 20, 846, 8, 15),
(11340, 80, 20, 846, 3, 18),
(11341, 81, 20, 846, 3, 10),
(11342, 82, 20, 846, 2, 7),
(11343, 83, 20, 846, 6, 4),
(11344, 84, 20, 846, 7, 4),
(11345, 85, 20, 846, 6, 16),
(11346, 86, 20, 846, 2, 9),
(11347, 87, 20, 846, 1, 4),
(11348, 88, 20, 846, 7, 18),
(11349, 89, 20, 846, 5, 16),
(11350, 90, 20, 846, 8, 17),
(11351, 91, 20, 846, 6, 20),
(11352, 92, 20, 846, 6, 15),
(11353, 93, 20, 846, 4, 17),
(11354, 94, 20, 846, 5, 9),
(11355, 95, 20, 846, 5, 18),
(11356, 96, 20, 846, 3, 19),
(11357, 97, 20, 846, 2, 11),
(11358, 8, 20, 847, 2, 19),
(11359, 9, 20, 847, 5, 4),
(11360, 14, 20, 847, 1, 6),
(11361, 15, 20, 847, 7, 6),
(11362, 22, 20, 847, 5, 19),
(11363, 23, 20, 847, 3, 10),
(11364, 24, 20, 847, 7, 18),
(11365, 25, 20, 847, 2, 14),
(11366, 26, 20, 847, 6, 19),
(11367, 27, 20, 847, 5, 9),
(11368, 28, 20, 847, 5, 4),
(11369, 29, 20, 847, 2, 5),
(11370, 176, 20, 847, 4, 16),
(11371, 191, 20, 847, 1, 16),
(11372, 200, 20, 847, 6, 7),
(11373, 201, 20, 847, 2, 17),
(11374, 202, 20, 847, 2, 15),
(11375, 2, 20, 847, 8, 6),
(11376, 3, 20, 847, 8, 15),
(11377, 4, 20, 847, 4, 11),
(11378, 5, 20, 847, 5, 15),
(11379, 6, 20, 847, 8, 8),
(11380, 7, 20, 847, 5, 3),
(11381, 10, 20, 847, 8, 7),
(11382, 11, 20, 847, 8, 13),
(11383, 12, 20, 847, 5, 12),
(11384, 13, 20, 847, 6, 16),
(11385, 179, 20, 847, 6, 5),
(11386, 125, 20, 848, 4, 15),
(11387, 126, 20, 848, 8, 5),
(11388, 127, 20, 848, 8, 4),
(11389, 128, 20, 848, 8, 5),
(11390, 129, 20, 848, 7, 17),
(11391, 130, 20, 848, 3, 15),
(11392, 131, 20, 848, 5, 16),
(11393, 132, 20, 848, 2, 4),
(11394, 133, 20, 848, 4, 3),
(11395, 134, 20, 848, 4, 3),
(11396, 135, 20, 848, 1, 9),
(11397, 136, 20, 848, 3, 3),
(11398, 137, 20, 848, 8, 18),
(11399, 138, 20, 848, 5, 13),
(11400, 139, 20, 848, 6, 8),
(11401, 140, 20, 848, 7, 5),
(11402, 147, 20, 849, 1, 14),
(11403, 148, 20, 849, 2, 20),
(11404, 149, 20, 849, 6, 6),
(11405, 151, 20, 849, 1, 11),
(11406, 152, 20, 849, 1, 10),
(11407, 153, 20, 849, 2, 12),
(11408, 154, 20, 849, 2, 8),
(11409, 156, 20, 849, 5, 15),
(11410, 157, 20, 849, 3, 20),
(11411, 158, 20, 849, 6, 11),
(11412, 159, 20, 849, 3, 20),
(11413, 160, 20, 849, 4, 7),
(11414, 161, 20, 849, 7, 3),
(11415, 162, 20, 849, 7, 11),
(11416, 163, 20, 849, 3, 14),
(11417, 164, 20, 849, 5, 9),
(11418, 165, 20, 849, 3, 18),
(11419, 203, 20, 850, 3, 20),
(11420, 204, 20, 850, 1, 10),
(11421, 205, 20, 850, 4, 4),
(11422, 206, 20, 850, 7, 14),
(11423, 207, 20, 850, 5, 4),
(11424, 208, 20, 850, 8, 6),
(11425, 209, 20, 850, 6, 8),
(11426, 210, 20, 850, 2, 11),
(11427, 211, 20, 850, 7, 12),
(11428, 185, 20, 851, 4, 7),
(11429, 186, 20, 851, 7, 8),
(11430, 188, 20, 851, 3, 15),
(11431, 189, 20, 851, 7, 14),
(11432, 190, 20, 851, 3, 10),
(11433, 192, 20, 851, 8, 13),
(11434, 36, 20, 852, 3, 8),
(11435, 37, 20, 852, 5, 9),
(11436, 38, 20, 852, 6, 3),
(11437, 39, 20, 852, 4, 12),
(11438, 30, 20, 852, 6, 3),
(11439, 31, 20, 852, 5, 13),
(11440, 32, 20, 852, 3, 9),
(11441, 33, 20, 852, 8, 11),
(11442, 34, 20, 852, 7, 14),
(11443, 35, 20, 852, 8, 7),
(11444, 40, 20, 852, 8, 17),
(11445, 41, 20, 852, 5, 6),
(11446, 42, 20, 852, 4, 9),
(11447, 43, 20, 852, 7, 17),
(11448, 44, 20, 852, 7, 16),
(11449, 45, 20, 852, 4, 4),
(11450, 198, 20, 852, 1, 20),
(11451, 199, 20, 852, 4, 16),
(11452, 172, 20, 853, 8, 18),
(11453, 173, 20, 853, 3, 14),
(11454, 174, 20, 853, 8, 19),
(11455, 175, 20, 853, 2, 5),
(11456, 166, 20, 853, 2, 5),
(11457, 167, 20, 853, 5, 3),
(11458, 168, 20, 853, 7, 13),
(11459, 169, 20, 853, 3, 15),
(11460, 170, 20, 853, 4, 17),
(11461, 182, 20, 854, 7, 19),
(11462, 187, 20, 854, 1, 3),
(11463, 196, 21, 855, 4, 4),
(11464, 197, 21, 855, 4, 6),
(11465, 193, 21, 855, 6, 6),
(11466, 194, 21, 855, 4, 19),
(11467, 195, 21, 855, 4, 14),
(11468, 98, 21, 856, 1, 20),
(11469, 99, 21, 856, 6, 18),
(11470, 100, 21, 856, 5, 20),
(11471, 101, 21, 856, 5, 20),
(11472, 102, 21, 856, 7, 10),
(11473, 103, 21, 856, 8, 20),
(11474, 104, 21, 856, 1, 14),
(11475, 105, 21, 856, 8, 11),
(11476, 106, 21, 856, 6, 20),
(11477, 107, 21, 856, 8, 17),
(11478, 116, 21, 856, 4, 5),
(11479, 112, 21, 856, 8, 16),
(11480, 113, 21, 856, 6, 13),
(11481, 114, 21, 856, 8, 4),
(11482, 115, 21, 856, 5, 9),
(11483, 108, 21, 856, 6, 12),
(11484, 109, 21, 856, 3, 10),
(11485, 110, 21, 856, 4, 19),
(11486, 111, 21, 856, 4, 19),
(11487, 183, 21, 856, 8, 6),
(11488, 177, 21, 856, 3, 17),
(11489, 178, 21, 856, 2, 9),
(11490, 117, 21, 856, 4, 5),
(11491, 118, 21, 856, 7, 6),
(11492, 119, 21, 856, 2, 16),
(11493, 120, 21, 856, 1, 13),
(11494, 121, 21, 856, 8, 19),
(11495, 122, 21, 856, 3, 13),
(11496, 123, 21, 856, 5, 8),
(11497, 124, 21, 856, 5, 3),
(11498, 184, 21, 856, 6, 9),
(11499, 180, 21, 857, 5, 3),
(11500, 181, 21, 857, 7, 20),
(11501, 74, 21, 858, 8, 5),
(11502, 75, 21, 858, 7, 18),
(11503, 76, 21, 858, 3, 5),
(11504, 77, 21, 858, 6, 13),
(11505, 78, 21, 858, 5, 5),
(11506, 79, 21, 858, 6, 9),
(11507, 46, 21, 859, 3, 18),
(11508, 47, 21, 859, 1, 8),
(11509, 48, 21, 859, 4, 3),
(11510, 49, 21, 859, 2, 17),
(11511, 50, 21, 859, 5, 16),
(11512, 51, 21, 859, 1, 6),
(11513, 52, 21, 859, 6, 17),
(11514, 53, 21, 859, 5, 8),
(11515, 54, 21, 859, 7, 8),
(11516, 55, 21, 859, 3, 16),
(11517, 56, 21, 859, 4, 5),
(11518, 57, 21, 859, 5, 18),
(11519, 58, 21, 859, 3, 8),
(11520, 1, 21, 860, 4, 17),
(11521, 71, 21, 860, 4, 5),
(11522, 72, 21, 860, 2, 15),
(11523, 73, 21, 860, 1, 7),
(11524, 59, 21, 860, 1, 10),
(11525, 60, 21, 860, 3, 7),
(11526, 61, 21, 860, 2, 18),
(11527, 62, 21, 860, 1, 9),
(11528, 63, 21, 860, 1, 16),
(11529, 64, 21, 860, 2, 14),
(11530, 65, 21, 860, 1, 20),
(11531, 66, 21, 860, 8, 8),
(11532, 141, 21, 860, 6, 11),
(11533, 142, 21, 860, 4, 9),
(11534, 143, 21, 860, 3, 16),
(11535, 144, 21, 860, 6, 16),
(11536, 145, 21, 860, 5, 3),
(11537, 67, 21, 860, 8, 14),
(11538, 68, 21, 860, 6, 19),
(11539, 69, 21, 860, 8, 17),
(11540, 70, 21, 860, 3, 6),
(11541, 80, 21, 860, 1, 13),
(11542, 81, 21, 860, 1, 4),
(11543, 82, 21, 860, 8, 5),
(11544, 83, 21, 860, 7, 4),
(11545, 84, 21, 860, 7, 18),
(11546, 85, 21, 860, 1, 16),
(11547, 86, 21, 860, 2, 16),
(11548, 87, 21, 860, 2, 14),
(11549, 88, 21, 860, 1, 12),
(11550, 89, 21, 860, 4, 16),
(11551, 90, 21, 860, 3, 19),
(11552, 91, 21, 860, 7, 6),
(11553, 92, 21, 860, 5, 12),
(11554, 93, 21, 860, 1, 11),
(11555, 94, 21, 860, 3, 11),
(11556, 95, 21, 860, 6, 9),
(11557, 96, 21, 860, 1, 15),
(11558, 97, 21, 860, 4, 19),
(11559, 8, 21, 861, 7, 7),
(11560, 9, 21, 861, 8, 13),
(11561, 14, 21, 861, 1, 3),
(11562, 15, 21, 861, 3, 8),
(11563, 22, 21, 861, 7, 12),
(11564, 23, 21, 861, 8, 18),
(11565, 24, 21, 861, 1, 9),
(11566, 25, 21, 861, 5, 8),
(11567, 26, 21, 861, 3, 9),
(11568, 27, 21, 861, 5, 17),
(11569, 28, 21, 861, 8, 13),
(11570, 29, 21, 861, 3, 6),
(11571, 176, 21, 861, 1, 19),
(11572, 191, 21, 861, 5, 4),
(11573, 200, 21, 861, 5, 20),
(11574, 201, 21, 861, 1, 10),
(11575, 202, 21, 861, 2, 3),
(11576, 2, 21, 861, 8, 8),
(11577, 3, 21, 861, 1, 8),
(11578, 4, 21, 861, 5, 17),
(11579, 5, 21, 861, 7, 13),
(11580, 6, 21, 861, 6, 18),
(11581, 7, 21, 861, 8, 8),
(11582, 10, 21, 861, 2, 7),
(11583, 11, 21, 861, 6, 15),
(11584, 12, 21, 861, 1, 13),
(11585, 13, 21, 861, 3, 8),
(11586, 179, 21, 861, 7, 8),
(11587, 125, 21, 862, 2, 8),
(11588, 126, 21, 862, 4, 17),
(11589, 127, 21, 862, 3, 10),
(11590, 128, 21, 862, 2, 10),
(11591, 129, 21, 862, 4, 6),
(11592, 130, 21, 862, 6, 10),
(11593, 131, 21, 862, 5, 9),
(11594, 132, 21, 862, 2, 8),
(11595, 133, 21, 862, 8, 19),
(11596, 134, 21, 862, 2, 19),
(11597, 135, 21, 862, 2, 9),
(11598, 136, 21, 862, 2, 18),
(11599, 137, 21, 862, 1, 6),
(11600, 138, 21, 862, 4, 8),
(11601, 139, 21, 862, 4, 6),
(11602, 140, 21, 862, 5, 15),
(11603, 147, 21, 863, 4, 20),
(11604, 148, 21, 863, 5, 16),
(11605, 149, 21, 863, 4, 16),
(11606, 151, 21, 863, 2, 17),
(11607, 152, 21, 863, 8, 19),
(11608, 153, 21, 863, 2, 11),
(11609, 154, 21, 863, 3, 11),
(11610, 156, 21, 863, 7, 7),
(11611, 157, 21, 863, 3, 3),
(11612, 158, 21, 863, 2, 13),
(11613, 159, 21, 863, 3, 8),
(11614, 160, 21, 863, 4, 9),
(11615, 161, 21, 863, 5, 18),
(11616, 162, 21, 863, 6, 20),
(11617, 163, 21, 863, 1, 8),
(11618, 164, 21, 863, 6, 12),
(11619, 165, 21, 863, 3, 7),
(11620, 203, 21, 864, 3, 14),
(11621, 204, 21, 864, 1, 11),
(11622, 205, 21, 864, 4, 20),
(11623, 206, 21, 864, 3, 15),
(11624, 207, 21, 864, 4, 14),
(11625, 208, 21, 864, 2, 8),
(11626, 209, 21, 864, 8, 11),
(11627, 210, 21, 864, 3, 3),
(11628, 211, 21, 864, 1, 14),
(11629, 185, 21, 865, 3, 11),
(11630, 186, 21, 865, 1, 18),
(11631, 188, 21, 865, 3, 15),
(11632, 189, 21, 865, 7, 8),
(11633, 190, 21, 865, 8, 13),
(11634, 192, 21, 865, 7, 7),
(11635, 36, 21, 866, 7, 4),
(11636, 37, 21, 866, 8, 18),
(11637, 38, 21, 866, 5, 9),
(11638, 39, 21, 866, 7, 19),
(11639, 30, 21, 866, 1, 7),
(11640, 31, 21, 866, 5, 5),
(11641, 32, 21, 866, 5, 10),
(11642, 33, 21, 866, 6, 18),
(11643, 34, 21, 866, 4, 15),
(11644, 35, 21, 866, 4, 18),
(11645, 40, 21, 866, 2, 12),
(11646, 41, 21, 866, 6, 11),
(11647, 42, 21, 866, 2, 13),
(11648, 43, 21, 866, 7, 6),
(11649, 44, 21, 866, 2, 14),
(11650, 45, 21, 866, 4, 3),
(11651, 198, 21, 866, 6, 9),
(11652, 199, 21, 866, 7, 7),
(11653, 172, 21, 867, 6, 14),
(11654, 173, 21, 867, 2, 16),
(11655, 174, 21, 867, 8, 16),
(11656, 175, 21, 867, 8, 11),
(11657, 166, 21, 867, 2, 12),
(11658, 167, 21, 867, 3, 14),
(11659, 168, 21, 867, 3, 17),
(11660, 169, 21, 867, 5, 11),
(11661, 170, 21, 867, 3, 7),
(11662, 182, 21, 868, 7, 16),
(11663, 187, 21, 868, 1, 10),
(11664, 196, 22, 869, 2, 10),
(11665, 197, 22, 869, 4, 5),
(11666, 193, 22, 869, 4, 13),
(11667, 194, 22, 869, 4, 8),
(11668, 195, 22, 869, 8, 12),
(11669, 98, 22, 870, 3, 6),
(11670, 99, 22, 870, 2, 13),
(11671, 100, 22, 870, 1, 15),
(11672, 101, 22, 870, 1, 8),
(11673, 102, 22, 870, 8, 20),
(11674, 103, 22, 870, 7, 16),
(11675, 104, 22, 870, 6, 11),
(11676, 105, 22, 870, 7, 5),
(11677, 106, 22, 870, 5, 16),
(11678, 107, 22, 870, 3, 20),
(11679, 116, 22, 870, 5, 15),
(11680, 112, 22, 870, 1, 4),
(11681, 113, 22, 870, 3, 20),
(11682, 114, 22, 870, 5, 14),
(11683, 115, 22, 870, 6, 10),
(11684, 108, 22, 870, 2, 3),
(11685, 109, 22, 870, 6, 8),
(11686, 110, 22, 870, 5, 14),
(11687, 111, 22, 870, 8, 14),
(11688, 183, 22, 870, 8, 18),
(11689, 177, 22, 870, 5, 16),
(11690, 178, 22, 870, 6, 8),
(11691, 117, 22, 870, 2, 9),
(11692, 118, 22, 870, 4, 16),
(11693, 119, 22, 870, 2, 15),
(11694, 120, 22, 870, 6, 16),
(11695, 121, 22, 870, 4, 18),
(11696, 122, 22, 870, 7, 15),
(11697, 123, 22, 870, 7, 9),
(11698, 124, 22, 870, 3, 13),
(11699, 184, 22, 870, 7, 10),
(11700, 180, 22, 871, 6, 11),
(11701, 181, 22, 871, 6, 7),
(11702, 74, 22, 872, 1, 15),
(11703, 75, 22, 872, 8, 4),
(11704, 76, 22, 872, 5, 11),
(11705, 77, 22, 872, 7, 6),
(11706, 78, 22, 872, 7, 3),
(11707, 79, 22, 872, 5, 6),
(11708, 46, 22, 873, 7, 16),
(11709, 47, 22, 873, 8, 12),
(11710, 48, 22, 873, 4, 8),
(11711, 49, 22, 873, 4, 9),
(11712, 50, 22, 873, 8, 6),
(11713, 51, 22, 873, 6, 8),
(11714, 52, 22, 873, 7, 12),
(11715, 53, 22, 873, 6, 10),
(11716, 54, 22, 873, 1, 10),
(11717, 55, 22, 873, 6, 5),
(11718, 56, 22, 873, 2, 12),
(11719, 57, 22, 873, 2, 15),
(11720, 58, 22, 873, 1, 3),
(11721, 1, 22, 874, 8, 17),
(11722, 71, 22, 874, 1, 11),
(11723, 72, 22, 874, 8, 17),
(11724, 73, 22, 874, 2, 18),
(11725, 59, 22, 874, 3, 16),
(11726, 60, 22, 874, 2, 16),
(11727, 61, 22, 874, 1, 4),
(11728, 62, 22, 874, 8, 17),
(11729, 63, 22, 874, 3, 16),
(11730, 64, 22, 874, 3, 4),
(11731, 65, 22, 874, 2, 9),
(11732, 66, 22, 874, 5, 18),
(11733, 141, 22, 874, 4, 14),
(11734, 142, 22, 874, 4, 15),
(11735, 143, 22, 874, 3, 10),
(11736, 144, 22, 874, 6, 7),
(11737, 145, 22, 874, 2, 16),
(11738, 67, 22, 874, 7, 5),
(11739, 68, 22, 874, 5, 20),
(11740, 69, 22, 874, 1, 19),
(11741, 70, 22, 874, 6, 5),
(11742, 80, 22, 874, 6, 17),
(11743, 81, 22, 874, 2, 13),
(11744, 82, 22, 874, 5, 14),
(11745, 83, 22, 874, 3, 19),
(11746, 84, 22, 874, 6, 12),
(11747, 85, 22, 874, 3, 7),
(11748, 86, 22, 874, 3, 17),
(11749, 87, 22, 874, 8, 16),
(11750, 88, 22, 874, 4, 7),
(11751, 89, 22, 874, 2, 6),
(11752, 90, 22, 874, 5, 9),
(11753, 91, 22, 874, 8, 7),
(11754, 92, 22, 874, 5, 12),
(11755, 93, 22, 874, 3, 12),
(11756, 94, 22, 874, 4, 20),
(11757, 95, 22, 874, 6, 5),
(11758, 96, 22, 874, 7, 19),
(11759, 97, 22, 874, 6, 9),
(11760, 8, 22, 875, 5, 4),
(11761, 9, 22, 875, 3, 7),
(11762, 14, 22, 875, 5, 13),
(11763, 15, 22, 875, 4, 19),
(11764, 22, 22, 875, 3, 10),
(11765, 23, 22, 875, 6, 18),
(11766, 24, 22, 875, 6, 18),
(11767, 25, 22, 875, 1, 5),
(11768, 26, 22, 875, 3, 20),
(11769, 27, 22, 875, 4, 17),
(11770, 28, 22, 875, 4, 15),
(11771, 29, 22, 875, 3, 19),
(11772, 176, 22, 875, 6, 3),
(11773, 191, 22, 875, 1, 11),
(11774, 200, 22, 875, 8, 16),
(11775, 201, 22, 875, 7, 12),
(11776, 202, 22, 875, 7, 5),
(11777, 2, 22, 875, 7, 10),
(11778, 3, 22, 875, 6, 8),
(11779, 4, 22, 875, 3, 4),
(11780, 5, 22, 875, 6, 3),
(11781, 6, 22, 875, 8, 9),
(11782, 7, 22, 875, 8, 20),
(11783, 10, 22, 875, 4, 6),
(11784, 11, 22, 875, 8, 19),
(11785, 12, 22, 875, 8, 10),
(11786, 13, 22, 875, 6, 9),
(11787, 179, 22, 875, 3, 9),
(11788, 125, 22, 876, 4, 10),
(11789, 126, 22, 876, 7, 10),
(11790, 127, 22, 876, 2, 14),
(11791, 128, 22, 876, 8, 20),
(11792, 129, 22, 876, 7, 16),
(11793, 130, 22, 876, 4, 12),
(11794, 131, 22, 876, 1, 16),
(11795, 132, 22, 876, 6, 16),
(11796, 133, 22, 876, 7, 13),
(11797, 134, 22, 876, 1, 15),
(11798, 135, 22, 876, 5, 13),
(11799, 136, 22, 876, 8, 10),
(11800, 137, 22, 876, 5, 19),
(11801, 138, 22, 876, 7, 5),
(11802, 139, 22, 876, 2, 5),
(11803, 140, 22, 876, 4, 14),
(11804, 147, 22, 877, 5, 8),
(11805, 148, 22, 877, 1, 15),
(11806, 149, 22, 877, 8, 20),
(11807, 151, 22, 877, 6, 16),
(11808, 152, 22, 877, 6, 4),
(11809, 153, 22, 877, 3, 17),
(11810, 154, 22, 877, 7, 19),
(11811, 156, 22, 877, 5, 13),
(11812, 157, 22, 877, 4, 14),
(11813, 158, 22, 877, 3, 3),
(11814, 159, 22, 877, 2, 6),
(11815, 160, 22, 877, 4, 16),
(11816, 161, 22, 877, 1, 7),
(11817, 162, 22, 877, 8, 9),
(11818, 163, 22, 877, 4, 10),
(11819, 164, 22, 877, 1, 20),
(11820, 165, 22, 877, 6, 4),
(11821, 203, 22, 878, 6, 15),
(11822, 204, 22, 878, 1, 10),
(11823, 205, 22, 878, 4, 17),
(11824, 206, 22, 878, 5, 15),
(11825, 207, 22, 878, 5, 8),
(11826, 208, 22, 878, 6, 5),
(11827, 209, 22, 878, 8, 5),
(11828, 210, 22, 878, 7, 7),
(11829, 211, 22, 878, 1, 3),
(11830, 185, 22, 879, 4, 13),
(11831, 186, 22, 879, 7, 13),
(11832, 188, 22, 879, 7, 15),
(11833, 189, 22, 879, 8, 8),
(11834, 190, 22, 879, 2, 19),
(11835, 192, 22, 879, 3, 18),
(11836, 36, 22, 880, 1, 20),
(11837, 37, 22, 880, 5, 4),
(11838, 38, 22, 880, 4, 20),
(11839, 39, 22, 880, 7, 18),
(11840, 30, 22, 880, 6, 10),
(11841, 31, 22, 880, 2, 8),
(11842, 32, 22, 880, 5, 5),
(11843, 33, 22, 880, 4, 9),
(11844, 34, 22, 880, 4, 12),
(11845, 35, 22, 880, 4, 18),
(11846, 40, 22, 880, 1, 6),
(11847, 41, 22, 880, 4, 20),
(11848, 42, 22, 880, 8, 9),
(11849, 43, 22, 880, 2, 4),
(11850, 44, 22, 880, 3, 11),
(11851, 45, 22, 880, 8, 8),
(11852, 198, 22, 880, 4, 11),
(11853, 199, 22, 880, 3, 18),
(11854, 172, 22, 881, 4, 6),
(11855, 173, 22, 881, 6, 4),
(11856, 174, 22, 881, 6, 19),
(11857, 175, 22, 881, 4, 6),
(11858, 166, 22, 881, 1, 17),
(11859, 167, 22, 881, 5, 11),
(11860, 168, 22, 881, 3, 20),
(11861, 169, 22, 881, 3, 10),
(11862, 170, 22, 881, 2, 16),
(11863, 182, 22, 882, 1, 4),
(11864, 187, 22, 882, 5, 5),
(11865, 196, 23, 883, 6, 13),
(11866, 197, 23, 883, 4, 19),
(11867, 193, 23, 883, 2, 5),
(11868, 194, 23, 883, 4, 4),
(11869, 195, 23, 883, 2, 6),
(11870, 98, 23, 884, 6, 14),
(11871, 99, 23, 884, 5, 14),
(11872, 100, 23, 884, 8, 20),
(11873, 101, 23, 884, 7, 15),
(11874, 102, 23, 884, 3, 20),
(11875, 103, 23, 884, 7, 19),
(11876, 104, 23, 884, 1, 5),
(11877, 105, 23, 884, 1, 6),
(11878, 106, 23, 884, 7, 13),
(11879, 107, 23, 884, 6, 17),
(11880, 116, 23, 884, 1, 14),
(11881, 112, 23, 884, 1, 5),
(11882, 113, 23, 884, 6, 19),
(11883, 114, 23, 884, 2, 3),
(11884, 115, 23, 884, 1, 10),
(11885, 108, 23, 884, 2, 15),
(11886, 109, 23, 884, 1, 16),
(11887, 110, 23, 884, 3, 20),
(11888, 111, 23, 884, 6, 6),
(11889, 183, 23, 884, 6, 3),
(11890, 177, 23, 884, 2, 10),
(11891, 178, 23, 884, 8, 7),
(11892, 117, 23, 884, 5, 20),
(11893, 118, 23, 884, 4, 8),
(11894, 119, 23, 884, 5, 6),
(11895, 120, 23, 884, 2, 13),
(11896, 121, 23, 884, 7, 6),
(11897, 122, 23, 884, 7, 11),
(11898, 123, 23, 884, 2, 20),
(11899, 124, 23, 884, 5, 5),
(11900, 184, 23, 884, 4, 16),
(11901, 180, 23, 885, 7, 10),
(11902, 181, 23, 885, 5, 6),
(11903, 74, 23, 886, 3, 6),
(11904, 75, 23, 886, 3, 20),
(11905, 76, 23, 886, 2, 12),
(11906, 77, 23, 886, 3, 6),
(11907, 78, 23, 886, 7, 19),
(11908, 79, 23, 886, 2, 6),
(11909, 46, 23, 887, 2, 16),
(11910, 47, 23, 887, 4, 9),
(11911, 48, 23, 887, 3, 6),
(11912, 49, 23, 887, 5, 4),
(11913, 50, 23, 887, 6, 15),
(11914, 51, 23, 887, 1, 7),
(11915, 52, 23, 887, 7, 11),
(11916, 53, 23, 887, 1, 15),
(11917, 54, 23, 887, 7, 12),
(11918, 55, 23, 887, 7, 6),
(11919, 56, 23, 887, 7, 6),
(11920, 57, 23, 887, 2, 20),
(11921, 58, 23, 887, 6, 12),
(11922, 1, 23, 888, 2, 11),
(11923, 71, 23, 888, 4, 8),
(11924, 72, 23, 888, 6, 14),
(11925, 73, 23, 888, 1, 4),
(11926, 59, 23, 888, 1, 10),
(11927, 60, 23, 888, 3, 14),
(11928, 61, 23, 888, 4, 3),
(11929, 62, 23, 888, 3, 12),
(11930, 63, 23, 888, 3, 6),
(11931, 64, 23, 888, 8, 7),
(11932, 65, 23, 888, 7, 17),
(11933, 66, 23, 888, 7, 15),
(11934, 141, 23, 888, 1, 13),
(11935, 142, 23, 888, 8, 6),
(11936, 143, 23, 888, 5, 14),
(11937, 144, 23, 888, 7, 16),
(11938, 145, 23, 888, 1, 6),
(11939, 67, 23, 888, 1, 17),
(11940, 68, 23, 888, 8, 5),
(11941, 69, 23, 888, 7, 19),
(11942, 70, 23, 888, 5, 6),
(11943, 80, 23, 888, 5, 20),
(11944, 81, 23, 888, 2, 18),
(11945, 82, 23, 888, 5, 11),
(11946, 83, 23, 888, 1, 12),
(11947, 84, 23, 888, 6, 19),
(11948, 85, 23, 888, 3, 12),
(11949, 86, 23, 888, 6, 9),
(11950, 87, 23, 888, 1, 12),
(11951, 88, 23, 888, 5, 14),
(11952, 89, 23, 888, 2, 9),
(11953, 90, 23, 888, 4, 8),
(11954, 91, 23, 888, 5, 10),
(11955, 92, 23, 888, 1, 10),
(11956, 93, 23, 888, 5, 20),
(11957, 94, 23, 888, 3, 4),
(11958, 95, 23, 888, 2, 18),
(11959, 96, 23, 888, 1, 8),
(11960, 97, 23, 888, 6, 13),
(11961, 8, 23, 889, 7, 17),
(11962, 9, 23, 889, 1, 11),
(11963, 14, 23, 889, 6, 10),
(11964, 15, 23, 889, 1, 9),
(11965, 22, 23, 889, 7, 5),
(11966, 23, 23, 889, 8, 9),
(11967, 24, 23, 889, 7, 4),
(11968, 25, 23, 889, 6, 5),
(11969, 26, 23, 889, 3, 7),
(11970, 27, 23, 889, 5, 10),
(11971, 28, 23, 889, 6, 5),
(11972, 29, 23, 889, 4, 3),
(11973, 176, 23, 889, 2, 12),
(11974, 191, 23, 889, 8, 8),
(11975, 200, 23, 889, 7, 15),
(11976, 201, 23, 889, 8, 14),
(11977, 202, 23, 889, 4, 20),
(11978, 2, 23, 889, 1, 6),
(11979, 3, 23, 889, 4, 5),
(11980, 4, 23, 889, 5, 5),
(11981, 5, 23, 889, 2, 10),
(11982, 6, 23, 889, 5, 3),
(11983, 7, 23, 889, 4, 7),
(11984, 10, 23, 889, 2, 18),
(11985, 11, 23, 889, 4, 16),
(11986, 12, 23, 889, 3, 6),
(11987, 13, 23, 889, 8, 15),
(11988, 179, 23, 889, 2, 5),
(11989, 125, 23, 890, 2, 6),
(11990, 126, 23, 890, 4, 3),
(11991, 127, 23, 890, 7, 8),
(11992, 128, 23, 890, 6, 9),
(11993, 129, 23, 890, 3, 16),
(11994, 130, 23, 890, 5, 14),
(11995, 131, 23, 890, 8, 3),
(11996, 132, 23, 890, 7, 5),
(11997, 133, 23, 890, 4, 9),
(11998, 134, 23, 890, 2, 19),
(11999, 135, 23, 890, 5, 8),
(12000, 136, 23, 890, 7, 3),
(12001, 137, 23, 890, 1, 3),
(12002, 138, 23, 890, 2, 20),
(12003, 139, 23, 890, 6, 11),
(12004, 140, 23, 890, 1, 19),
(12005, 147, 23, 891, 6, 12),
(12006, 148, 23, 891, 8, 11),
(12007, 149, 23, 891, 7, 14),
(12008, 151, 23, 891, 7, 4),
(12009, 152, 23, 891, 4, 9),
(12010, 153, 23, 891, 7, 7),
(12011, 154, 23, 891, 4, 13),
(12012, 156, 23, 891, 4, 18),
(12013, 157, 23, 891, 8, 13),
(12014, 158, 23, 891, 7, 11),
(12015, 159, 23, 891, 8, 12),
(12016, 160, 23, 891, 5, 19),
(12017, 161, 23, 891, 5, 16),
(12018, 162, 23, 891, 8, 8),
(12019, 163, 23, 891, 2, 20),
(12020, 164, 23, 891, 2, 18),
(12021, 165, 23, 891, 5, 6),
(12022, 203, 23, 892, 3, 9),
(12023, 204, 23, 892, 7, 6),
(12024, 205, 23, 892, 4, 6),
(12025, 206, 23, 892, 5, 6),
(12026, 207, 23, 892, 4, 19),
(12027, 208, 23, 892, 7, 19),
(12028, 209, 23, 892, 6, 15),
(12029, 210, 23, 892, 4, 12),
(12030, 211, 23, 892, 2, 9),
(12031, 185, 23, 893, 1, 16),
(12032, 186, 23, 893, 3, 14),
(12033, 188, 23, 893, 5, 6),
(12034, 189, 23, 893, 8, 16),
(12035, 190, 23, 893, 2, 7),
(12036, 192, 23, 893, 6, 15),
(12037, 36, 23, 894, 4, 3),
(12038, 37, 23, 894, 1, 7),
(12039, 38, 23, 894, 2, 11),
(12040, 39, 23, 894, 4, 15),
(12041, 30, 23, 894, 6, 20),
(12042, 31, 23, 894, 6, 11),
(12043, 32, 23, 894, 7, 9),
(12044, 33, 23, 894, 2, 8),
(12045, 34, 23, 894, 8, 9),
(12046, 35, 23, 894, 6, 20),
(12047, 40, 23, 894, 1, 19),
(12048, 41, 23, 894, 5, 14),
(12049, 42, 23, 894, 2, 13),
(12050, 43, 23, 894, 4, 8),
(12051, 44, 23, 894, 7, 3),
(12052, 45, 23, 894, 8, 7),
(12053, 198, 23, 894, 1, 3),
(12054, 199, 23, 894, 5, 7),
(12055, 172, 23, 895, 5, 20),
(12056, 173, 23, 895, 8, 6),
(12057, 174, 23, 895, 8, 13),
(12058, 175, 23, 895, 6, 17),
(12059, 166, 23, 895, 8, 17),
(12060, 167, 23, 895, 1, 18),
(12061, 168, 23, 895, 2, 16),
(12062, 169, 23, 895, 7, 8),
(12063, 170, 23, 895, 6, 10),
(12064, 182, 23, 896, 7, 3),
(12065, 187, 23, 896, 3, 5),
(12066, 196, 24, 897, 2, 4),
(12067, 197, 24, 897, 4, 6),
(12068, 193, 24, 897, 6, 15),
(12069, 194, 24, 897, 2, 11),
(12070, 195, 24, 897, 2, 8),
(12071, 98, 24, 898, 4, 3),
(12072, 99, 24, 898, 4, 6),
(12073, 100, 24, 898, 7, 16),
(12074, 101, 24, 898, 8, 7),
(12075, 102, 24, 898, 6, 16),
(12076, 103, 24, 898, 3, 3),
(12077, 104, 24, 898, 8, 4),
(12078, 105, 24, 898, 4, 3),
(12079, 106, 24, 898, 2, 17),
(12080, 107, 24, 898, 2, 16),
(12081, 116, 24, 898, 4, 18),
(12082, 112, 24, 898, 3, 4),
(12083, 113, 24, 898, 6, 19),
(12084, 114, 24, 898, 3, 6),
(12085, 115, 24, 898, 2, 10),
(12086, 108, 24, 898, 5, 15),
(12087, 109, 24, 898, 4, 20),
(12088, 110, 24, 898, 8, 8),
(12089, 111, 24, 898, 6, 17),
(12090, 183, 24, 898, 5, 10),
(12091, 177, 24, 898, 5, 17),
(12092, 178, 24, 898, 4, 11),
(12093, 117, 24, 898, 8, 18),
(12094, 118, 24, 898, 4, 4),
(12095, 119, 24, 898, 6, 15),
(12096, 120, 24, 898, 7, 4),
(12097, 121, 24, 898, 5, 7),
(12098, 122, 24, 898, 2, 7),
(12099, 123, 24, 898, 2, 10),
(12100, 124, 24, 898, 4, 9),
(12101, 184, 24, 898, 7, 20),
(12102, 180, 24, 899, 1, 8),
(12103, 181, 24, 899, 8, 20),
(12104, 74, 24, 900, 5, 15),
(12105, 75, 24, 900, 7, 5),
(12106, 76, 24, 900, 2, 9),
(12107, 77, 24, 900, 8, 13),
(12108, 78, 24, 900, 7, 19),
(12109, 79, 24, 900, 4, 8),
(12110, 46, 24, 901, 1, 3),
(12111, 47, 24, 901, 8, 18),
(12112, 48, 24, 901, 2, 12),
(12113, 49, 24, 901, 1, 8),
(12114, 50, 24, 901, 7, 7),
(12115, 51, 24, 901, 6, 7),
(12116, 52, 24, 901, 6, 12),
(12117, 53, 24, 901, 2, 15),
(12118, 54, 24, 901, 7, 5),
(12119, 55, 24, 901, 6, 10),
(12120, 56, 24, 901, 7, 11),
(12121, 57, 24, 901, 5, 20),
(12122, 58, 24, 901, 7, 12),
(12123, 1, 24, 902, 5, 15),
(12124, 71, 24, 902, 4, 20),
(12125, 72, 24, 902, 8, 11),
(12126, 73, 24, 902, 1, 20),
(12127, 59, 24, 902, 3, 6),
(12128, 60, 24, 902, 4, 10),
(12129, 61, 24, 902, 4, 7),
(12130, 62, 24, 902, 6, 6),
(12131, 63, 24, 902, 4, 8),
(12132, 64, 24, 902, 6, 15),
(12133, 65, 24, 902, 1, 13),
(12134, 66, 24, 902, 7, 15),
(12135, 141, 24, 902, 1, 15),
(12136, 142, 24, 902, 2, 13),
(12137, 143, 24, 902, 6, 4),
(12138, 144, 24, 902, 2, 7),
(12139, 145, 24, 902, 6, 13),
(12140, 67, 24, 902, 2, 16),
(12141, 68, 24, 902, 1, 6),
(12142, 69, 24, 902, 6, 9),
(12143, 70, 24, 902, 4, 5),
(12144, 80, 24, 902, 7, 18),
(12145, 81, 24, 902, 3, 11),
(12146, 82, 24, 902, 1, 18),
(12147, 83, 24, 902, 7, 16),
(12148, 84, 24, 902, 5, 17),
(12149, 85, 24, 902, 3, 9),
(12150, 86, 24, 902, 5, 9),
(12151, 87, 24, 902, 1, 16),
(12152, 88, 24, 902, 8, 16),
(12153, 89, 24, 902, 7, 4),
(12154, 90, 24, 902, 8, 13),
(12155, 91, 24, 902, 6, 5),
(12156, 92, 24, 902, 3, 15),
(12157, 93, 24, 902, 4, 20),
(12158, 94, 24, 902, 1, 16),
(12159, 95, 24, 902, 1, 18),
(12160, 96, 24, 902, 5, 11),
(12161, 97, 24, 902, 3, 14),
(12162, 8, 24, 903, 3, 4),
(12163, 9, 24, 903, 4, 18),
(12164, 14, 24, 903, 8, 17),
(12165, 15, 24, 903, 2, 11),
(12166, 22, 24, 903, 2, 8),
(12167, 23, 24, 903, 2, 5),
(12168, 24, 24, 903, 1, 3),
(12169, 25, 24, 903, 2, 20),
(12170, 26, 24, 903, 5, 19),
(12171, 27, 24, 903, 2, 18),
(12172, 28, 24, 903, 5, 12),
(12173, 29, 24, 903, 7, 15),
(12174, 176, 24, 903, 3, 20),
(12175, 191, 24, 903, 5, 19),
(12176, 200, 24, 903, 4, 17),
(12177, 201, 24, 903, 5, 16),
(12178, 202, 24, 903, 8, 20),
(12179, 2, 24, 903, 5, 18),
(12180, 3, 24, 903, 7, 17),
(12181, 4, 24, 903, 3, 19),
(12182, 5, 24, 903, 1, 11),
(12183, 6, 24, 903, 1, 5),
(12184, 7, 24, 903, 5, 7),
(12185, 10, 24, 903, 1, 4),
(12186, 11, 24, 903, 2, 7),
(12187, 12, 24, 903, 8, 16),
(12188, 13, 24, 903, 6, 17),
(12189, 179, 24, 903, 4, 3),
(12190, 125, 24, 904, 7, 19),
(12191, 126, 24, 904, 8, 6),
(12192, 127, 24, 904, 7, 11),
(12193, 128, 24, 904, 8, 15),
(12194, 129, 24, 904, 4, 12),
(12195, 130, 24, 904, 5, 6),
(12196, 131, 24, 904, 3, 17),
(12197, 132, 24, 904, 1, 11),
(12198, 133, 24, 904, 3, 5),
(12199, 134, 24, 904, 6, 18),
(12200, 135, 24, 904, 4, 16),
(12201, 136, 24, 904, 8, 12),
(12202, 137, 24, 904, 8, 19),
(12203, 138, 24, 904, 3, 16),
(12204, 139, 24, 904, 7, 15),
(12205, 140, 24, 904, 7, 12),
(12206, 147, 24, 905, 6, 14),
(12207, 148, 24, 905, 6, 10),
(12208, 149, 24, 905, 2, 14),
(12209, 151, 24, 905, 1, 13),
(12210, 152, 24, 905, 2, 14),
(12211, 153, 24, 905, 7, 13),
(12212, 154, 24, 905, 4, 18),
(12213, 156, 24, 905, 1, 17),
(12214, 157, 24, 905, 1, 15),
(12215, 158, 24, 905, 5, 10),
(12216, 159, 24, 905, 4, 13),
(12217, 160, 24, 905, 8, 10),
(12218, 161, 24, 905, 4, 6),
(12219, 162, 24, 905, 2, 7),
(12220, 163, 24, 905, 8, 19),
(12221, 164, 24, 905, 7, 13),
(12222, 165, 24, 905, 5, 11),
(12223, 203, 24, 906, 8, 15),
(12224, 204, 24, 906, 2, 4),
(12225, 205, 24, 906, 3, 9),
(12226, 206, 24, 906, 6, 3),
(12227, 207, 24, 906, 8, 5),
(12228, 208, 24, 906, 8, 20),
(12229, 209, 24, 906, 8, 19),
(12230, 210, 24, 906, 6, 12),
(12231, 211, 24, 906, 3, 4),
(12232, 185, 24, 907, 1, 6),
(12233, 186, 24, 907, 4, 14),
(12234, 188, 24, 907, 4, 14),
(12235, 189, 24, 907, 7, 9),
(12236, 190, 24, 907, 5, 14),
(12237, 192, 24, 907, 8, 4),
(12238, 36, 24, 908, 2, 18),
(12239, 37, 24, 908, 7, 7),
(12240, 38, 24, 908, 8, 4),
(12241, 39, 24, 908, 5, 14),
(12242, 30, 24, 908, 1, 12),
(12243, 31, 24, 908, 7, 20),
(12244, 32, 24, 908, 4, 15),
(12245, 33, 24, 908, 7, 4),
(12246, 34, 24, 908, 2, 5),
(12247, 35, 24, 908, 2, 9),
(12248, 40, 24, 908, 4, 14),
(12249, 41, 24, 908, 8, 17),
(12250, 42, 24, 908, 3, 18),
(12251, 43, 24, 908, 2, 17),
(12252, 44, 24, 908, 4, 3),
(12253, 45, 24, 908, 8, 14),
(12254, 198, 24, 908, 8, 15),
(12255, 199, 24, 908, 8, 18),
(12256, 172, 24, 909, 7, 12),
(12257, 173, 24, 909, 4, 18),
(12258, 174, 24, 909, 1, 7),
(12259, 175, 24, 909, 7, 11),
(12260, 166, 24, 909, 8, 15),
(12261, 167, 24, 909, 5, 6),
(12262, 168, 24, 909, 7, 16),
(12263, 169, 24, 909, 5, 7),
(12264, 170, 24, 909, 4, 12),
(12265, 182, 24, 910, 1, 14),
(12266, 187, 24, 910, 3, 12),
(12267, 196, 25, 911, 4, 19),
(12268, 197, 25, 911, 8, 10),
(12269, 193, 25, 911, 8, 14),
(12270, 194, 25, 911, 4, 11),
(12271, 195, 25, 911, 8, 17),
(12272, 98, 25, 912, 3, 6),
(12273, 99, 25, 912, 2, 19),
(12274, 100, 25, 912, 2, 18),
(12275, 101, 25, 912, 3, 9),
(12276, 102, 25, 912, 3, 6),
(12277, 103, 25, 912, 5, 14),
(12278, 104, 25, 912, 6, 15),
(12279, 105, 25, 912, 6, 4),
(12280, 106, 25, 912, 5, 11),
(12281, 107, 25, 912, 1, 3),
(12282, 116, 25, 912, 1, 3),
(12283, 112, 25, 912, 6, 12),
(12284, 113, 25, 912, 4, 7),
(12285, 114, 25, 912, 5, 12),
(12286, 115, 25, 912, 1, 13),
(12287, 108, 25, 912, 4, 10),
(12288, 109, 25, 912, 7, 13),
(12289, 110, 25, 912, 3, 20),
(12290, 111, 25, 912, 4, 13),
(12291, 183, 25, 912, 3, 17),
(12292, 177, 25, 912, 6, 19),
(12293, 178, 25, 912, 4, 10),
(12294, 117, 25, 912, 6, 5),
(12295, 118, 25, 912, 5, 7),
(12296, 119, 25, 912, 5, 13),
(12297, 120, 25, 912, 3, 14),
(12298, 121, 25, 912, 5, 20),
(12299, 122, 25, 912, 2, 3),
(12300, 123, 25, 912, 2, 16),
(12301, 124, 25, 912, 5, 8),
(12302, 184, 25, 912, 3, 20),
(12303, 180, 25, 913, 6, 5),
(12304, 181, 25, 913, 5, 20),
(12305, 74, 25, 914, 1, 4),
(12306, 75, 25, 914, 5, 11),
(12307, 76, 25, 914, 8, 8),
(12308, 77, 25, 914, 4, 9),
(12309, 78, 25, 914, 6, 3),
(12310, 79, 25, 914, 4, 7),
(12311, 46, 25, 915, 3, 3),
(12312, 47, 25, 915, 7, 13),
(12313, 48, 25, 915, 6, 10),
(12314, 49, 25, 915, 5, 17),
(12315, 50, 25, 915, 4, 16),
(12316, 51, 25, 915, 5, 4),
(12317, 52, 25, 915, 1, 20),
(12318, 53, 25, 915, 1, 16),
(12319, 54, 25, 915, 1, 14),
(12320, 55, 25, 915, 6, 6),
(12321, 56, 25, 915, 6, 8),
(12322, 57, 25, 915, 6, 13),
(12323, 58, 25, 915, 5, 5),
(12324, 1, 25, 916, 8, 9),
(12325, 71, 25, 916, 2, 10),
(12326, 72, 25, 916, 5, 11),
(12327, 73, 25, 916, 4, 11),
(12328, 59, 25, 916, 1, 4),
(12329, 60, 25, 916, 7, 13),
(12330, 61, 25, 916, 8, 8),
(12331, 62, 25, 916, 3, 12),
(12332, 63, 25, 916, 3, 9),
(12333, 64, 25, 916, 4, 10),
(12334, 65, 25, 916, 1, 13),
(12335, 66, 25, 916, 1, 18),
(12336, 141, 25, 916, 7, 16),
(12337, 142, 25, 916, 2, 11),
(12338, 143, 25, 916, 3, 16),
(12339, 144, 25, 916, 5, 8),
(12340, 145, 25, 916, 1, 16),
(12341, 67, 25, 916, 6, 15),
(12342, 68, 25, 916, 2, 5),
(12343, 69, 25, 916, 2, 7),
(12344, 70, 25, 916, 2, 20),
(12345, 80, 25, 916, 7, 6),
(12346, 81, 25, 916, 3, 5),
(12347, 82, 25, 916, 6, 15),
(12348, 83, 25, 916, 5, 6),
(12349, 84, 25, 916, 1, 14),
(12350, 85, 25, 916, 7, 5),
(12351, 86, 25, 916, 4, 12),
(12352, 87, 25, 916, 8, 13),
(12353, 88, 25, 916, 1, 8),
(12354, 89, 25, 916, 3, 13),
(12355, 90, 25, 916, 5, 10),
(12356, 91, 25, 916, 3, 8),
(12357, 92, 25, 916, 1, 12),
(12358, 93, 25, 916, 4, 7),
(12359, 94, 25, 916, 6, 15),
(12360, 95, 25, 916, 3, 13),
(12361, 96, 25, 916, 7, 13),
(12362, 97, 25, 916, 6, 13),
(12363, 8, 25, 917, 3, 7),
(12364, 9, 25, 917, 7, 9),
(12365, 14, 25, 917, 8, 12),
(12366, 15, 25, 917, 4, 9),
(12367, 22, 25, 917, 1, 10),
(12368, 23, 25, 917, 8, 4),
(12369, 24, 25, 917, 6, 8),
(12370, 25, 25, 917, 6, 8),
(12371, 26, 25, 917, 6, 20),
(12372, 27, 25, 917, 5, 18),
(12373, 28, 25, 917, 4, 3),
(12374, 29, 25, 917, 2, 7),
(12375, 176, 25, 917, 6, 10),
(12376, 191, 25, 917, 7, 13),
(12377, 200, 25, 917, 8, 12),
(12378, 201, 25, 917, 2, 7),
(12379, 202, 25, 917, 7, 19),
(12380, 2, 25, 917, 5, 14),
(12381, 3, 25, 917, 4, 4),
(12382, 4, 25, 917, 1, 13),
(12383, 5, 25, 917, 4, 20),
(12384, 6, 25, 917, 6, 5),
(12385, 7, 25, 917, 3, 9),
(12386, 10, 25, 917, 4, 3),
(12387, 11, 25, 917, 3, 3),
(12388, 12, 25, 917, 8, 17),
(12389, 13, 25, 917, 1, 3),
(12390, 179, 25, 917, 1, 16),
(12391, 125, 25, 918, 4, 18),
(12392, 126, 25, 918, 3, 10),
(12393, 127, 25, 918, 3, 11),
(12394, 128, 25, 918, 6, 5),
(12395, 129, 25, 918, 4, 7),
(12396, 130, 25, 918, 7, 19),
(12397, 131, 25, 918, 3, 16),
(12398, 132, 25, 918, 5, 16),
(12399, 133, 25, 918, 7, 7),
(12400, 134, 25, 918, 8, 3),
(12401, 135, 25, 918, 5, 9),
(12402, 136, 25, 918, 1, 19),
(12403, 137, 25, 918, 3, 20),
(12404, 138, 25, 918, 7, 9),
(12405, 139, 25, 918, 8, 17),
(12406, 140, 25, 918, 1, 10),
(12407, 147, 25, 919, 6, 10),
(12408, 148, 25, 919, 7, 3),
(12409, 149, 25, 919, 8, 11),
(12410, 151, 25, 919, 2, 9),
(12411, 152, 25, 919, 6, 20),
(12412, 153, 25, 919, 3, 3),
(12413, 154, 25, 919, 6, 17),
(12414, 156, 25, 919, 7, 11),
(12415, 157, 25, 919, 1, 15),
(12416, 158, 25, 919, 5, 14),
(12417, 159, 25, 919, 1, 13),
(12418, 160, 25, 919, 5, 9),
(12419, 161, 25, 919, 5, 8),
(12420, 162, 25, 919, 7, 12),
(12421, 163, 25, 919, 2, 18),
(12422, 164, 25, 919, 8, 17),
(12423, 165, 25, 919, 3, 17);
INSERT INTO `fydp_stocks` (`id`, `product_id`, `store_id`, `aisle_id`, `aisle_position`, `quantity`) VALUES
(12424, 203, 25, 920, 8, 7),
(12425, 204, 25, 920, 3, 3),
(12426, 205, 25, 920, 5, 3),
(12427, 206, 25, 920, 1, 18),
(12428, 207, 25, 920, 1, 16),
(12429, 208, 25, 920, 6, 18),
(12430, 209, 25, 920, 2, 15),
(12431, 210, 25, 920, 5, 16),
(12432, 211, 25, 920, 3, 13),
(12433, 185, 25, 921, 3, 18),
(12434, 186, 25, 921, 8, 18),
(12435, 188, 25, 921, 2, 16),
(12436, 189, 25, 921, 4, 9),
(12437, 190, 25, 921, 6, 10),
(12438, 192, 25, 921, 2, 20),
(12439, 36, 25, 922, 2, 3),
(12440, 37, 25, 922, 2, 12),
(12441, 38, 25, 922, 1, 17),
(12442, 39, 25, 922, 5, 4),
(12443, 30, 25, 922, 6, 14),
(12444, 31, 25, 922, 7, 9),
(12445, 32, 25, 922, 4, 3),
(12446, 33, 25, 922, 1, 3),
(12447, 34, 25, 922, 7, 9),
(12448, 35, 25, 922, 6, 4),
(12449, 40, 25, 922, 2, 14),
(12450, 41, 25, 922, 8, 10),
(12451, 42, 25, 922, 4, 9),
(12452, 43, 25, 922, 6, 3),
(12453, 44, 25, 922, 7, 19),
(12454, 45, 25, 922, 1, 20),
(12455, 198, 25, 922, 8, 6),
(12456, 199, 25, 922, 5, 3),
(12457, 172, 25, 923, 1, 4),
(12458, 173, 25, 923, 2, 15),
(12459, 174, 25, 923, 6, 20),
(12460, 175, 25, 923, 1, 6),
(12461, 166, 25, 923, 1, 4),
(12462, 167, 25, 923, 3, 16),
(12463, 168, 25, 923, 4, 19),
(12464, 169, 25, 923, 7, 14),
(12465, 170, 25, 923, 5, 17),
(12466, 182, 25, 924, 1, 20),
(12467, 187, 25, 924, 1, 19),
(12468, 196, 26, 925, 6, 3),
(12469, 197, 26, 925, 8, 13),
(12470, 193, 26, 925, 2, 11),
(12471, 194, 26, 925, 6, 7),
(12472, 195, 26, 925, 8, 8),
(12473, 98, 26, 926, 7, 20),
(12474, 99, 26, 926, 4, 17),
(12475, 100, 26, 926, 1, 16),
(12476, 101, 26, 926, 5, 11),
(12477, 102, 26, 926, 6, 10),
(12478, 103, 26, 926, 1, 6),
(12479, 104, 26, 926, 2, 4),
(12480, 105, 26, 926, 2, 9),
(12481, 106, 26, 926, 7, 5),
(12482, 107, 26, 926, 3, 11),
(12483, 116, 26, 926, 2, 7),
(12484, 112, 26, 926, 1, 10),
(12485, 113, 26, 926, 6, 15),
(12486, 114, 26, 926, 6, 8),
(12487, 115, 26, 926, 5, 14),
(12488, 108, 26, 926, 5, 8),
(12489, 109, 26, 926, 5, 4),
(12490, 110, 26, 926, 1, 15),
(12491, 111, 26, 926, 7, 15),
(12492, 183, 26, 926, 2, 11),
(12493, 177, 26, 926, 1, 7),
(12494, 178, 26, 926, 6, 8),
(12495, 117, 26, 926, 3, 17),
(12496, 118, 26, 926, 6, 5),
(12497, 119, 26, 926, 8, 20),
(12498, 120, 26, 926, 6, 5),
(12499, 121, 26, 926, 2, 15),
(12500, 122, 26, 926, 5, 20),
(12501, 123, 26, 926, 4, 7),
(12502, 124, 26, 926, 2, 19),
(12503, 184, 26, 926, 7, 17),
(12504, 180, 26, 927, 2, 11),
(12505, 181, 26, 927, 7, 8),
(12506, 74, 26, 928, 2, 15),
(12507, 75, 26, 928, 8, 8),
(12508, 76, 26, 928, 1, 4),
(12509, 77, 26, 928, 5, 16),
(12510, 78, 26, 928, 4, 18),
(12511, 79, 26, 928, 5, 4),
(12512, 46, 26, 929, 1, 12),
(12513, 47, 26, 929, 1, 15),
(12514, 48, 26, 929, 6, 8),
(12515, 49, 26, 929, 4, 7),
(12516, 50, 26, 929, 3, 17),
(12517, 51, 26, 929, 5, 12),
(12518, 52, 26, 929, 6, 9),
(12519, 53, 26, 929, 3, 19),
(12520, 54, 26, 929, 7, 6),
(12521, 55, 26, 929, 3, 3),
(12522, 56, 26, 929, 8, 7),
(12523, 57, 26, 929, 3, 3),
(12524, 58, 26, 929, 3, 18),
(12525, 1, 26, 930, 7, 16),
(12526, 71, 26, 930, 6, 9),
(12527, 72, 26, 930, 7, 16),
(12528, 73, 26, 930, 8, 19),
(12529, 59, 26, 930, 4, 13),
(12530, 60, 26, 930, 2, 17),
(12531, 61, 26, 930, 7, 11),
(12532, 62, 26, 930, 5, 9),
(12533, 63, 26, 930, 1, 8),
(12534, 64, 26, 930, 7, 9),
(12535, 65, 26, 930, 2, 13),
(12536, 66, 26, 930, 5, 12),
(12537, 141, 26, 930, 5, 11),
(12538, 142, 26, 930, 7, 19),
(12539, 143, 26, 930, 4, 5),
(12540, 144, 26, 930, 7, 7),
(12541, 145, 26, 930, 7, 12),
(12542, 67, 26, 930, 5, 15),
(12543, 68, 26, 930, 2, 11),
(12544, 69, 26, 930, 5, 14),
(12545, 70, 26, 930, 1, 17),
(12546, 80, 26, 930, 4, 20),
(12547, 81, 26, 930, 3, 3),
(12548, 82, 26, 930, 3, 8),
(12549, 83, 26, 930, 3, 4),
(12550, 84, 26, 930, 6, 13),
(12551, 85, 26, 930, 6, 7),
(12552, 86, 26, 930, 1, 8),
(12553, 87, 26, 930, 6, 18),
(12554, 88, 26, 930, 3, 5),
(12555, 89, 26, 930, 8, 3),
(12556, 90, 26, 930, 3, 18),
(12557, 91, 26, 930, 5, 20),
(12558, 92, 26, 930, 5, 17),
(12559, 93, 26, 930, 4, 5),
(12560, 94, 26, 930, 4, 12),
(12561, 95, 26, 930, 8, 19),
(12562, 96, 26, 930, 4, 7),
(12563, 97, 26, 930, 8, 17),
(12564, 8, 26, 931, 5, 8),
(12565, 9, 26, 931, 8, 6),
(12566, 14, 26, 931, 8, 13),
(12567, 15, 26, 931, 4, 3),
(12568, 22, 26, 931, 8, 4),
(12569, 23, 26, 931, 8, 6),
(12570, 24, 26, 931, 2, 18),
(12571, 25, 26, 931, 2, 13),
(12572, 26, 26, 931, 6, 17),
(12573, 27, 26, 931, 5, 7),
(12574, 28, 26, 931, 5, 20),
(12575, 29, 26, 931, 4, 4),
(12576, 176, 26, 931, 4, 8),
(12577, 191, 26, 931, 8, 20),
(12578, 200, 26, 931, 5, 20),
(12579, 201, 26, 931, 7, 4),
(12580, 202, 26, 931, 3, 15),
(12581, 2, 26, 931, 3, 6),
(12582, 3, 26, 931, 3, 15),
(12583, 4, 26, 931, 2, 6),
(12584, 5, 26, 931, 7, 4),
(12585, 6, 26, 931, 4, 3),
(12586, 7, 26, 931, 8, 14),
(12587, 10, 26, 931, 6, 15),
(12588, 11, 26, 931, 4, 6),
(12589, 12, 26, 931, 8, 4),
(12590, 13, 26, 931, 2, 8),
(12591, 179, 26, 931, 2, 15),
(12592, 125, 26, 932, 5, 5),
(12593, 126, 26, 932, 6, 6),
(12594, 127, 26, 932, 1, 10),
(12595, 128, 26, 932, 3, 9),
(12596, 129, 26, 932, 1, 12),
(12597, 130, 26, 932, 5, 9),
(12598, 131, 26, 932, 2, 16),
(12599, 132, 26, 932, 5, 3),
(12600, 133, 26, 932, 7, 3),
(12601, 134, 26, 932, 1, 17),
(12602, 135, 26, 932, 6, 16),
(12603, 136, 26, 932, 4, 5),
(12604, 137, 26, 932, 8, 9),
(12605, 138, 26, 932, 2, 6),
(12606, 139, 26, 932, 6, 8),
(12607, 140, 26, 932, 8, 8),
(12608, 147, 26, 933, 4, 12),
(12609, 148, 26, 933, 4, 12),
(12610, 149, 26, 933, 8, 16),
(12611, 151, 26, 933, 8, 4),
(12612, 152, 26, 933, 3, 10),
(12613, 153, 26, 933, 4, 11),
(12614, 154, 26, 933, 2, 3),
(12615, 156, 26, 933, 5, 20),
(12616, 157, 26, 933, 1, 14),
(12617, 158, 26, 933, 7, 15),
(12618, 159, 26, 933, 4, 6),
(12619, 160, 26, 933, 7, 9),
(12620, 161, 26, 933, 5, 3),
(12621, 162, 26, 933, 5, 7),
(12622, 163, 26, 933, 3, 10),
(12623, 164, 26, 933, 5, 17),
(12624, 165, 26, 933, 8, 3),
(12625, 203, 26, 934, 3, 19),
(12626, 204, 26, 934, 6, 7),
(12627, 205, 26, 934, 1, 3),
(12628, 206, 26, 934, 6, 11),
(12629, 207, 26, 934, 4, 17),
(12630, 208, 26, 934, 4, 3),
(12631, 209, 26, 934, 7, 12),
(12632, 210, 26, 934, 6, 13),
(12633, 211, 26, 934, 2, 4),
(12634, 185, 26, 935, 7, 4),
(12635, 186, 26, 935, 4, 9),
(12636, 188, 26, 935, 1, 3),
(12637, 189, 26, 935, 5, 11),
(12638, 190, 26, 935, 4, 5),
(12639, 192, 26, 935, 3, 10),
(12640, 36, 26, 936, 2, 14),
(12641, 37, 26, 936, 4, 19),
(12642, 38, 26, 936, 8, 9),
(12643, 39, 26, 936, 8, 13),
(12644, 30, 26, 936, 7, 10),
(12645, 31, 26, 936, 4, 8),
(12646, 32, 26, 936, 4, 6),
(12647, 33, 26, 936, 7, 5),
(12648, 34, 26, 936, 7, 4),
(12649, 35, 26, 936, 2, 13),
(12650, 40, 26, 936, 2, 14),
(12651, 41, 26, 936, 8, 7),
(12652, 42, 26, 936, 6, 12),
(12653, 43, 26, 936, 6, 5),
(12654, 44, 26, 936, 6, 20),
(12655, 45, 26, 936, 5, 18),
(12656, 198, 26, 936, 6, 19),
(12657, 199, 26, 936, 7, 12),
(12658, 172, 26, 937, 3, 16),
(12659, 173, 26, 937, 1, 5),
(12660, 174, 26, 937, 2, 11),
(12661, 175, 26, 937, 4, 14),
(12662, 166, 26, 937, 6, 9),
(12663, 167, 26, 937, 6, 11),
(12664, 168, 26, 937, 4, 19),
(12665, 169, 26, 937, 1, 13),
(12666, 170, 26, 937, 5, 19),
(12667, 182, 26, 938, 7, 7),
(12668, 187, 26, 938, 5, 9),
(12669, 196, 27, 939, 2, 12),
(12670, 197, 27, 939, 8, 3),
(12671, 193, 27, 939, 2, 18),
(12672, 194, 27, 939, 6, 6),
(12673, 195, 27, 939, 6, 7),
(12674, 98, 27, 940, 7, 9),
(12675, 99, 27, 940, 8, 5),
(12676, 100, 27, 940, 1, 10),
(12677, 101, 27, 940, 5, 3),
(12678, 102, 27, 940, 4, 5),
(12679, 103, 27, 940, 5, 9),
(12680, 104, 27, 940, 8, 17),
(12681, 105, 27, 940, 7, 12),
(12682, 106, 27, 940, 2, 20),
(12683, 107, 27, 940, 1, 4),
(12684, 116, 27, 940, 8, 6),
(12685, 112, 27, 940, 8, 17),
(12686, 113, 27, 940, 7, 5),
(12687, 114, 27, 940, 3, 14),
(12688, 115, 27, 940, 4, 4),
(12689, 108, 27, 940, 7, 8),
(12690, 109, 27, 940, 4, 17),
(12691, 110, 27, 940, 4, 11),
(12692, 111, 27, 940, 2, 3),
(12693, 183, 27, 940, 4, 14),
(12694, 177, 27, 940, 2, 4),
(12695, 178, 27, 940, 1, 5),
(12696, 117, 27, 940, 8, 18),
(12697, 118, 27, 940, 6, 4),
(12698, 119, 27, 940, 7, 15),
(12699, 120, 27, 940, 2, 17),
(12700, 121, 27, 940, 8, 4),
(12701, 122, 27, 940, 5, 17),
(12702, 123, 27, 940, 2, 19),
(12703, 124, 27, 940, 4, 15),
(12704, 184, 27, 940, 1, 8),
(12705, 180, 27, 941, 8, 10),
(12706, 181, 27, 941, 1, 9),
(12707, 74, 27, 942, 8, 8),
(12708, 75, 27, 942, 4, 10),
(12709, 76, 27, 942, 8, 13),
(12710, 77, 27, 942, 4, 20),
(12711, 78, 27, 942, 6, 9),
(12712, 79, 27, 942, 7, 9),
(12713, 46, 27, 943, 4, 14),
(12714, 47, 27, 943, 1, 13),
(12715, 48, 27, 943, 4, 20),
(12716, 49, 27, 943, 6, 3),
(12717, 50, 27, 943, 7, 19),
(12718, 51, 27, 943, 8, 6),
(12719, 52, 27, 943, 5, 20),
(12720, 53, 27, 943, 4, 13),
(12721, 54, 27, 943, 4, 13),
(12722, 55, 27, 943, 8, 8),
(12723, 56, 27, 943, 7, 9),
(12724, 57, 27, 943, 6, 17),
(12725, 58, 27, 943, 8, 5),
(12726, 1, 27, 944, 7, 13),
(12727, 71, 27, 944, 5, 13),
(12728, 72, 27, 944, 8, 20),
(12729, 73, 27, 944, 2, 3),
(12730, 59, 27, 944, 5, 14),
(12731, 60, 27, 944, 1, 8),
(12732, 61, 27, 944, 6, 17),
(12733, 62, 27, 944, 2, 14),
(12734, 63, 27, 944, 1, 17),
(12735, 64, 27, 944, 5, 11),
(12736, 65, 27, 944, 4, 3),
(12737, 66, 27, 944, 1, 9),
(12738, 141, 27, 944, 3, 19),
(12739, 142, 27, 944, 6, 20),
(12740, 143, 27, 944, 7, 13),
(12741, 144, 27, 944, 1, 12),
(12742, 145, 27, 944, 2, 14),
(12743, 67, 27, 944, 2, 6),
(12744, 68, 27, 944, 5, 9),
(12745, 69, 27, 944, 2, 6),
(12746, 70, 27, 944, 1, 7),
(12747, 80, 27, 944, 4, 15),
(12748, 81, 27, 944, 1, 15),
(12749, 82, 27, 944, 3, 4),
(12750, 83, 27, 944, 5, 19),
(12751, 84, 27, 944, 5, 19),
(12752, 85, 27, 944, 8, 14),
(12753, 86, 27, 944, 2, 7),
(12754, 87, 27, 944, 5, 19),
(12755, 88, 27, 944, 2, 8),
(12756, 89, 27, 944, 4, 8),
(12757, 90, 27, 944, 7, 15),
(12758, 91, 27, 944, 8, 20),
(12759, 92, 27, 944, 7, 12),
(12760, 93, 27, 944, 3, 4),
(12761, 94, 27, 944, 6, 9),
(12762, 95, 27, 944, 3, 6),
(12763, 96, 27, 944, 1, 11),
(12764, 97, 27, 944, 7, 9),
(12765, 8, 27, 945, 5, 9),
(12766, 9, 27, 945, 3, 5),
(12767, 14, 27, 945, 2, 6),
(12768, 15, 27, 945, 7, 11),
(12769, 22, 27, 945, 4, 9),
(12770, 23, 27, 945, 4, 14),
(12771, 24, 27, 945, 6, 18),
(12772, 25, 27, 945, 8, 12),
(12773, 26, 27, 945, 5, 18),
(12774, 27, 27, 945, 5, 10),
(12775, 28, 27, 945, 4, 18),
(12776, 29, 27, 945, 5, 5),
(12777, 176, 27, 945, 2, 19),
(12778, 191, 27, 945, 3, 7),
(12779, 200, 27, 945, 3, 5),
(12780, 201, 27, 945, 5, 19),
(12781, 202, 27, 945, 5, 19),
(12782, 2, 27, 945, 1, 16),
(12783, 3, 27, 945, 1, 17),
(12784, 4, 27, 945, 2, 12),
(12785, 5, 27, 945, 2, 14),
(12786, 6, 27, 945, 2, 17),
(12787, 7, 27, 945, 4, 4),
(12788, 10, 27, 945, 3, 4),
(12789, 11, 27, 945, 8, 18),
(12790, 12, 27, 945, 5, 10),
(12791, 13, 27, 945, 6, 3),
(12792, 179, 27, 945, 5, 20),
(12793, 125, 27, 946, 8, 17),
(12794, 126, 27, 946, 2, 8),
(12795, 127, 27, 946, 8, 18),
(12796, 128, 27, 946, 2, 11),
(12797, 129, 27, 946, 6, 8),
(12798, 130, 27, 946, 2, 18),
(12799, 131, 27, 946, 1, 11),
(12800, 132, 27, 946, 4, 7),
(12801, 133, 27, 946, 1, 12),
(12802, 134, 27, 946, 1, 13),
(12803, 135, 27, 946, 6, 10),
(12804, 136, 27, 946, 6, 14),
(12805, 137, 27, 946, 3, 5),
(12806, 138, 27, 946, 1, 3),
(12807, 139, 27, 946, 2, 13),
(12808, 140, 27, 946, 8, 5),
(12809, 147, 27, 947, 4, 6),
(12810, 148, 27, 947, 4, 9),
(12811, 149, 27, 947, 1, 15),
(12812, 151, 27, 947, 7, 17),
(12813, 152, 27, 947, 8, 4),
(12814, 153, 27, 947, 6, 4),
(12815, 154, 27, 947, 5, 3),
(12816, 156, 27, 947, 3, 14),
(12817, 157, 27, 947, 5, 9),
(12818, 158, 27, 947, 2, 6),
(12819, 159, 27, 947, 7, 18),
(12820, 160, 27, 947, 7, 3),
(12821, 161, 27, 947, 8, 18),
(12822, 162, 27, 947, 1, 6),
(12823, 163, 27, 947, 4, 3),
(12824, 164, 27, 947, 3, 17),
(12825, 165, 27, 947, 2, 17),
(12826, 203, 27, 948, 2, 8),
(12827, 204, 27, 948, 5, 4),
(12828, 205, 27, 948, 1, 12),
(12829, 206, 27, 948, 2, 15),
(12830, 207, 27, 948, 5, 16),
(12831, 208, 27, 948, 6, 19),
(12832, 209, 27, 948, 4, 7),
(12833, 210, 27, 948, 3, 14),
(12834, 211, 27, 948, 4, 3),
(12835, 185, 27, 949, 4, 8),
(12836, 186, 27, 949, 1, 11),
(12837, 188, 27, 949, 2, 5),
(12838, 189, 27, 949, 6, 13),
(12839, 190, 27, 949, 2, 20),
(12840, 192, 27, 949, 4, 10),
(12841, 36, 27, 950, 7, 14),
(12842, 37, 27, 950, 6, 9),
(12843, 38, 27, 950, 6, 17),
(12844, 39, 27, 950, 7, 19),
(12845, 30, 27, 950, 5, 10),
(12846, 31, 27, 950, 6, 7),
(12847, 32, 27, 950, 3, 3),
(12848, 33, 27, 950, 4, 14),
(12849, 34, 27, 950, 6, 20),
(12850, 35, 27, 950, 6, 5),
(12851, 40, 27, 950, 2, 16),
(12852, 41, 27, 950, 5, 10),
(12853, 42, 27, 950, 8, 7),
(12854, 43, 27, 950, 8, 4),
(12855, 44, 27, 950, 2, 10),
(12856, 45, 27, 950, 4, 3),
(12857, 198, 27, 950, 1, 6),
(12858, 199, 27, 950, 4, 16),
(12859, 172, 27, 951, 8, 7),
(12860, 173, 27, 951, 6, 11),
(12861, 174, 27, 951, 6, 8),
(12862, 175, 27, 951, 6, 3),
(12863, 166, 27, 951, 3, 6),
(12864, 167, 27, 951, 6, 20),
(12865, 168, 27, 951, 2, 8),
(12866, 169, 27, 951, 1, 10),
(12867, 170, 27, 951, 1, 15),
(12868, 182, 27, 952, 7, 20),
(12869, 187, 27, 952, 7, 3),
(12870, 196, 28, 953, 2, 6),
(12871, 197, 28, 953, 2, 7),
(12872, 193, 28, 953, 6, 13),
(12873, 194, 28, 953, 6, 17),
(12874, 195, 28, 953, 6, 5),
(12875, 98, 28, 954, 4, 20),
(12876, 99, 28, 954, 8, 11),
(12877, 100, 28, 954, 3, 4),
(12878, 101, 28, 954, 1, 7),
(12879, 102, 28, 954, 3, 10),
(12880, 103, 28, 954, 3, 14),
(12881, 104, 28, 954, 5, 3),
(12882, 105, 28, 954, 4, 12),
(12883, 106, 28, 954, 8, 7),
(12884, 107, 28, 954, 5, 4),
(12885, 116, 28, 954, 4, 4),
(12886, 112, 28, 954, 3, 15),
(12887, 113, 28, 954, 7, 17),
(12888, 114, 28, 954, 6, 10),
(12889, 115, 28, 954, 5, 10),
(12890, 108, 28, 954, 5, 4),
(12891, 109, 28, 954, 4, 11),
(12892, 110, 28, 954, 5, 15),
(12893, 111, 28, 954, 5, 14),
(12894, 183, 28, 954, 8, 18),
(12895, 177, 28, 954, 1, 8),
(12896, 178, 28, 954, 4, 14),
(12897, 117, 28, 954, 3, 20),
(12898, 118, 28, 954, 2, 7),
(12899, 119, 28, 954, 2, 15),
(12900, 120, 28, 954, 3, 14),
(12901, 121, 28, 954, 7, 13),
(12902, 122, 28, 954, 3, 12),
(12903, 123, 28, 954, 4, 4),
(12904, 124, 28, 954, 8, 20),
(12905, 184, 28, 954, 4, 13),
(12906, 180, 28, 955, 1, 18),
(12907, 181, 28, 955, 1, 13),
(12908, 74, 28, 956, 5, 14),
(12909, 75, 28, 956, 2, 11),
(12910, 76, 28, 956, 4, 9),
(12911, 77, 28, 956, 7, 20),
(12912, 78, 28, 956, 8, 4),
(12913, 79, 28, 956, 8, 5),
(12914, 46, 28, 957, 3, 4),
(12915, 47, 28, 957, 7, 15),
(12916, 48, 28, 957, 7, 13),
(12917, 49, 28, 957, 3, 4),
(12918, 50, 28, 957, 1, 15),
(12919, 51, 28, 957, 2, 3),
(12920, 52, 28, 957, 6, 15),
(12921, 53, 28, 957, 6, 15),
(12922, 54, 28, 957, 5, 15),
(12923, 55, 28, 957, 3, 4),
(12924, 56, 28, 957, 3, 12),
(12925, 57, 28, 957, 5, 17),
(12926, 58, 28, 957, 8, 8),
(12927, 1, 28, 958, 7, 18),
(12928, 71, 28, 958, 4, 15),
(12929, 72, 28, 958, 8, 16),
(12930, 73, 28, 958, 7, 17),
(12931, 59, 28, 958, 4, 13),
(12932, 60, 28, 958, 3, 15),
(12933, 61, 28, 958, 6, 10),
(12934, 62, 28, 958, 4, 18),
(12935, 63, 28, 958, 4, 3),
(12936, 64, 28, 958, 5, 4),
(12937, 65, 28, 958, 7, 4),
(12938, 66, 28, 958, 7, 4),
(12939, 141, 28, 958, 2, 5),
(12940, 142, 28, 958, 5, 16),
(12941, 143, 28, 958, 8, 12),
(12942, 144, 28, 958, 1, 16),
(12943, 145, 28, 958, 4, 11),
(12944, 67, 28, 958, 4, 9),
(12945, 68, 28, 958, 2, 8),
(12946, 69, 28, 958, 2, 15),
(12947, 70, 28, 958, 8, 12),
(12948, 80, 28, 958, 4, 13),
(12949, 81, 28, 958, 8, 16),
(12950, 82, 28, 958, 4, 10),
(12951, 83, 28, 958, 7, 20),
(12952, 84, 28, 958, 5, 13),
(12953, 85, 28, 958, 1, 8),
(12954, 86, 28, 958, 6, 7),
(12955, 87, 28, 958, 4, 7),
(12956, 88, 28, 958, 8, 10),
(12957, 89, 28, 958, 7, 3),
(12958, 90, 28, 958, 2, 6),
(12959, 91, 28, 958, 5, 15),
(12960, 92, 28, 958, 5, 16),
(12961, 93, 28, 958, 8, 15),
(12962, 94, 28, 958, 4, 18),
(12963, 95, 28, 958, 2, 17),
(12964, 96, 28, 958, 4, 6),
(12965, 97, 28, 958, 5, 18),
(12966, 8, 28, 959, 5, 10),
(12967, 9, 28, 959, 7, 5),
(12968, 14, 28, 959, 8, 19),
(12969, 15, 28, 959, 4, 14),
(12970, 22, 28, 959, 2, 19),
(12971, 23, 28, 959, 8, 5),
(12972, 24, 28, 959, 3, 15),
(12973, 25, 28, 959, 2, 13),
(12974, 26, 28, 959, 8, 16),
(12975, 27, 28, 959, 2, 10),
(12976, 28, 28, 959, 4, 7),
(12977, 29, 28, 959, 2, 19),
(12978, 176, 28, 959, 1, 9),
(12979, 191, 28, 959, 6, 12),
(12980, 200, 28, 959, 5, 7),
(12981, 201, 28, 959, 4, 5),
(12982, 202, 28, 959, 6, 7),
(12983, 2, 28, 959, 3, 14),
(12984, 3, 28, 959, 2, 15),
(12985, 4, 28, 959, 3, 9),
(12986, 5, 28, 959, 6, 6),
(12987, 6, 28, 959, 5, 20),
(12988, 7, 28, 959, 8, 15),
(12989, 10, 28, 959, 5, 16),
(12990, 11, 28, 959, 4, 17),
(12991, 12, 28, 959, 2, 19),
(12992, 13, 28, 959, 1, 9),
(12993, 179, 28, 959, 7, 5),
(12994, 125, 28, 960, 6, 12),
(12995, 126, 28, 960, 6, 7),
(12996, 127, 28, 960, 7, 5),
(12997, 128, 28, 960, 4, 10),
(12998, 129, 28, 960, 4, 15),
(12999, 130, 28, 960, 1, 13),
(13000, 131, 28, 960, 4, 8),
(13001, 132, 28, 960, 8, 3),
(13002, 133, 28, 960, 5, 10),
(13003, 134, 28, 960, 8, 10),
(13004, 135, 28, 960, 2, 12),
(13005, 136, 28, 960, 2, 13),
(13006, 137, 28, 960, 3, 9),
(13007, 138, 28, 960, 5, 9),
(13008, 139, 28, 960, 6, 8),
(13009, 140, 28, 960, 4, 10),
(13010, 147, 28, 961, 7, 6),
(13011, 148, 28, 961, 6, 13),
(13012, 149, 28, 961, 3, 5),
(13013, 151, 28, 961, 1, 15),
(13014, 152, 28, 961, 7, 4),
(13015, 153, 28, 961, 3, 6),
(13016, 154, 28, 961, 4, 6),
(13017, 156, 28, 961, 2, 19),
(13018, 157, 28, 961, 5, 6),
(13019, 158, 28, 961, 3, 16),
(13020, 159, 28, 961, 6, 11),
(13021, 160, 28, 961, 3, 3),
(13022, 161, 28, 961, 7, 18),
(13023, 162, 28, 961, 4, 12),
(13024, 163, 28, 961, 2, 18),
(13025, 164, 28, 961, 8, 20),
(13026, 165, 28, 961, 1, 14),
(13027, 203, 28, 962, 5, 9),
(13028, 204, 28, 962, 7, 13),
(13029, 205, 28, 962, 1, 12),
(13030, 206, 28, 962, 6, 8),
(13031, 207, 28, 962, 6, 3),
(13032, 208, 28, 962, 4, 19),
(13033, 209, 28, 962, 8, 4),
(13034, 210, 28, 962, 1, 6),
(13035, 211, 28, 962, 7, 17),
(13036, 185, 28, 963, 6, 5),
(13037, 186, 28, 963, 7, 12),
(13038, 188, 28, 963, 1, 6),
(13039, 189, 28, 963, 1, 6),
(13040, 190, 28, 963, 1, 20),
(13041, 192, 28, 963, 2, 5),
(13042, 36, 28, 964, 5, 16),
(13043, 37, 28, 964, 4, 9),
(13044, 38, 28, 964, 3, 12),
(13045, 39, 28, 964, 8, 20),
(13046, 30, 28, 964, 7, 13),
(13047, 31, 28, 964, 8, 7),
(13048, 32, 28, 964, 5, 18),
(13049, 33, 28, 964, 3, 13),
(13050, 34, 28, 964, 1, 5),
(13051, 35, 28, 964, 3, 17),
(13052, 40, 28, 964, 3, 6),
(13053, 41, 28, 964, 3, 8),
(13054, 42, 28, 964, 3, 8),
(13055, 43, 28, 964, 4, 11),
(13056, 44, 28, 964, 3, 14),
(13057, 45, 28, 964, 5, 18),
(13058, 198, 28, 964, 4, 3),
(13059, 199, 28, 964, 2, 15),
(13060, 172, 28, 965, 5, 5),
(13061, 173, 28, 965, 6, 9),
(13062, 174, 28, 965, 6, 14),
(13063, 175, 28, 965, 5, 7),
(13064, 166, 28, 965, 4, 19),
(13065, 167, 28, 965, 7, 13),
(13066, 168, 28, 965, 1, 6),
(13067, 169, 28, 965, 4, 9),
(13068, 170, 28, 965, 3, 15),
(13069, 182, 28, 966, 1, 5),
(13070, 187, 28, 966, 3, 16),
(13071, 196, 29, 967, 6, 5),
(13072, 197, 29, 967, 4, 15),
(13073, 193, 29, 967, 2, 4),
(13074, 194, 29, 967, 4, 13),
(13075, 195, 29, 967, 2, 8),
(13076, 98, 29, 968, 2, 7),
(13077, 99, 29, 968, 4, 13),
(13078, 100, 29, 968, 5, 17),
(13079, 101, 29, 968, 2, 7),
(13080, 102, 29, 968, 5, 6),
(13081, 103, 29, 968, 3, 15),
(13082, 104, 29, 968, 4, 4),
(13083, 105, 29, 968, 4, 14),
(13084, 106, 29, 968, 2, 6),
(13085, 107, 29, 968, 8, 3),
(13086, 116, 29, 968, 5, 11),
(13087, 112, 29, 968, 4, 6),
(13088, 113, 29, 968, 6, 13),
(13089, 114, 29, 968, 4, 6),
(13090, 115, 29, 968, 2, 15),
(13091, 108, 29, 968, 5, 8),
(13092, 109, 29, 968, 8, 20),
(13093, 110, 29, 968, 7, 12),
(13094, 111, 29, 968, 7, 4),
(13095, 183, 29, 968, 6, 8),
(13096, 177, 29, 968, 3, 4),
(13097, 178, 29, 968, 8, 17),
(13098, 117, 29, 968, 2, 10),
(13099, 118, 29, 968, 4, 9),
(13100, 119, 29, 968, 5, 10),
(13101, 120, 29, 968, 4, 4),
(13102, 121, 29, 968, 8, 18),
(13103, 122, 29, 968, 3, 14),
(13104, 123, 29, 968, 4, 17),
(13105, 124, 29, 968, 7, 13),
(13106, 184, 29, 968, 4, 9),
(13107, 180, 29, 969, 8, 9),
(13108, 181, 29, 969, 3, 17),
(13109, 74, 29, 970, 8, 5),
(13110, 75, 29, 970, 8, 14),
(13111, 76, 29, 970, 4, 6),
(13112, 77, 29, 970, 6, 11),
(13113, 78, 29, 970, 1, 18),
(13114, 79, 29, 970, 8, 10),
(13115, 46, 29, 971, 2, 11),
(13116, 47, 29, 971, 7, 14),
(13117, 48, 29, 971, 5, 16),
(13118, 49, 29, 971, 5, 18),
(13119, 50, 29, 971, 3, 20),
(13120, 51, 29, 971, 6, 6),
(13121, 52, 29, 971, 5, 4),
(13122, 53, 29, 971, 5, 11),
(13123, 54, 29, 971, 4, 19),
(13124, 55, 29, 971, 3, 9),
(13125, 56, 29, 971, 1, 5),
(13126, 57, 29, 971, 8, 13),
(13127, 58, 29, 971, 4, 15),
(13128, 1, 29, 972, 1, 10),
(13129, 71, 29, 972, 5, 19),
(13130, 72, 29, 972, 7, 16),
(13131, 73, 29, 972, 4, 14),
(13132, 59, 29, 972, 4, 20),
(13133, 60, 29, 972, 4, 19),
(13134, 61, 29, 972, 7, 16),
(13135, 62, 29, 972, 7, 11),
(13136, 63, 29, 972, 8, 10),
(13137, 64, 29, 972, 5, 12),
(13138, 65, 29, 972, 8, 3),
(13139, 66, 29, 972, 4, 6),
(13140, 141, 29, 972, 4, 12),
(13141, 142, 29, 972, 3, 9),
(13142, 143, 29, 972, 1, 15),
(13143, 144, 29, 972, 1, 5),
(13144, 145, 29, 972, 1, 13),
(13145, 67, 29, 972, 1, 19),
(13146, 68, 29, 972, 3, 10),
(13147, 69, 29, 972, 5, 16),
(13148, 70, 29, 972, 3, 20),
(13149, 80, 29, 972, 5, 6),
(13150, 81, 29, 972, 6, 11),
(13151, 82, 29, 972, 6, 15),
(13152, 83, 29, 972, 8, 6),
(13153, 84, 29, 972, 2, 17),
(13154, 85, 29, 972, 2, 14),
(13155, 86, 29, 972, 8, 13),
(13156, 87, 29, 972, 2, 8),
(13157, 88, 29, 972, 8, 7),
(13158, 89, 29, 972, 1, 20),
(13159, 90, 29, 972, 3, 5),
(13160, 91, 29, 972, 5, 9),
(13161, 92, 29, 972, 1, 18),
(13162, 93, 29, 972, 7, 15),
(13163, 94, 29, 972, 5, 5),
(13164, 95, 29, 972, 6, 7),
(13165, 96, 29, 972, 3, 10),
(13166, 97, 29, 972, 6, 20),
(13167, 8, 29, 973, 1, 14),
(13168, 9, 29, 973, 2, 8),
(13169, 14, 29, 973, 4, 8),
(13170, 15, 29, 973, 8, 10),
(13171, 22, 29, 973, 8, 4),
(13172, 23, 29, 973, 7, 17),
(13173, 24, 29, 973, 3, 17),
(13174, 25, 29, 973, 7, 15),
(13175, 26, 29, 973, 8, 8),
(13176, 27, 29, 973, 1, 3),
(13177, 28, 29, 973, 2, 18),
(13178, 29, 29, 973, 6, 17),
(13179, 176, 29, 973, 8, 9),
(13180, 191, 29, 973, 1, 8),
(13181, 200, 29, 973, 7, 16),
(13182, 201, 29, 973, 3, 19),
(13183, 202, 29, 973, 4, 10),
(13184, 2, 29, 973, 2, 17),
(13185, 3, 29, 973, 6, 6),
(13186, 4, 29, 973, 3, 14),
(13187, 5, 29, 973, 3, 3),
(13188, 6, 29, 973, 4, 14),
(13189, 7, 29, 973, 7, 7),
(13190, 10, 29, 973, 3, 16),
(13191, 11, 29, 973, 5, 9),
(13192, 12, 29, 973, 7, 16),
(13193, 13, 29, 973, 2, 12),
(13194, 179, 29, 973, 5, 6),
(13195, 125, 29, 974, 8, 14),
(13196, 126, 29, 974, 5, 15),
(13197, 127, 29, 974, 4, 17),
(13198, 128, 29, 974, 5, 17),
(13199, 129, 29, 974, 2, 16),
(13200, 130, 29, 974, 6, 20),
(13201, 131, 29, 974, 8, 19),
(13202, 132, 29, 974, 5, 7),
(13203, 133, 29, 974, 8, 4),
(13204, 134, 29, 974, 7, 16),
(13205, 135, 29, 974, 3, 5),
(13206, 136, 29, 974, 5, 18),
(13207, 137, 29, 974, 4, 8),
(13208, 138, 29, 974, 5, 14),
(13209, 139, 29, 974, 7, 6),
(13210, 140, 29, 974, 7, 15),
(13211, 147, 29, 975, 7, 8),
(13212, 148, 29, 975, 3, 7),
(13213, 149, 29, 975, 1, 19),
(13214, 151, 29, 975, 1, 9),
(13215, 152, 29, 975, 6, 15),
(13216, 153, 29, 975, 3, 14),
(13217, 154, 29, 975, 5, 19),
(13218, 156, 29, 975, 8, 11),
(13219, 157, 29, 975, 8, 15),
(13220, 158, 29, 975, 2, 8),
(13221, 159, 29, 975, 7, 16),
(13222, 160, 29, 975, 2, 8),
(13223, 161, 29, 975, 1, 16),
(13224, 162, 29, 975, 8, 18),
(13225, 163, 29, 975, 8, 16),
(13226, 164, 29, 975, 5, 17),
(13227, 165, 29, 975, 1, 19),
(13228, 203, 29, 976, 1, 6),
(13229, 204, 29, 976, 7, 4),
(13230, 205, 29, 976, 5, 13),
(13231, 206, 29, 976, 7, 18),
(13232, 207, 29, 976, 2, 9),
(13233, 208, 29, 976, 7, 4),
(13234, 209, 29, 976, 7, 16),
(13235, 210, 29, 976, 7, 3),
(13236, 211, 29, 976, 1, 15),
(13237, 185, 29, 977, 7, 5),
(13238, 186, 29, 977, 8, 17),
(13239, 188, 29, 977, 8, 19),
(13240, 189, 29, 977, 6, 18),
(13241, 190, 29, 977, 6, 7),
(13242, 192, 29, 977, 6, 16),
(13243, 36, 29, 978, 2, 15),
(13244, 37, 29, 978, 8, 3),
(13245, 38, 29, 978, 7, 11),
(13246, 39, 29, 978, 5, 12),
(13247, 30, 29, 978, 3, 17),
(13248, 31, 29, 978, 8, 4),
(13249, 32, 29, 978, 8, 16),
(13250, 33, 29, 978, 7, 16),
(13251, 34, 29, 978, 7, 18),
(13252, 35, 29, 978, 4, 12),
(13253, 40, 29, 978, 8, 10),
(13254, 41, 29, 978, 3, 19),
(13255, 42, 29, 978, 3, 3),
(13256, 43, 29, 978, 7, 20),
(13257, 44, 29, 978, 3, 10),
(13258, 45, 29, 978, 6, 10),
(13259, 198, 29, 978, 1, 15),
(13260, 199, 29, 978, 4, 18),
(13261, 172, 29, 979, 2, 20),
(13262, 173, 29, 979, 4, 11),
(13263, 174, 29, 979, 7, 8),
(13264, 175, 29, 979, 5, 16),
(13265, 166, 29, 979, 1, 9),
(13266, 167, 29, 979, 4, 17),
(13267, 168, 29, 979, 2, 19),
(13268, 169, 29, 979, 3, 6),
(13269, 170, 29, 979, 3, 16),
(13270, 182, 29, 980, 1, 14),
(13271, 187, 29, 980, 7, 18),
(13272, 196, 30, 981, 6, 3),
(13273, 197, 30, 981, 2, 9),
(13274, 193, 30, 981, 4, 8),
(13275, 194, 30, 981, 2, 6),
(13276, 195, 30, 981, 6, 14),
(13277, 98, 30, 982, 6, 20),
(13278, 99, 30, 982, 2, 9),
(13279, 100, 30, 982, 1, 12),
(13280, 101, 30, 982, 7, 17),
(13281, 102, 30, 982, 6, 16),
(13282, 103, 30, 982, 2, 19),
(13283, 104, 30, 982, 1, 19),
(13284, 105, 30, 982, 8, 15),
(13285, 106, 30, 982, 6, 17),
(13286, 107, 30, 982, 3, 15),
(13287, 116, 30, 982, 1, 15),
(13288, 112, 30, 982, 2, 9),
(13289, 113, 30, 982, 6, 20),
(13290, 114, 30, 982, 5, 20),
(13291, 115, 30, 982, 7, 6),
(13292, 108, 30, 982, 5, 11),
(13293, 109, 30, 982, 2, 17),
(13294, 110, 30, 982, 7, 5),
(13295, 111, 30, 982, 3, 15),
(13296, 183, 30, 982, 8, 3),
(13297, 177, 30, 982, 4, 6),
(13298, 178, 30, 982, 8, 12),
(13299, 117, 30, 982, 1, 19),
(13300, 118, 30, 982, 2, 17),
(13301, 119, 30, 982, 7, 12),
(13302, 120, 30, 982, 4, 17),
(13303, 121, 30, 982, 2, 14),
(13304, 122, 30, 982, 2, 20),
(13305, 123, 30, 982, 5, 17),
(13306, 124, 30, 982, 8, 10),
(13307, 184, 30, 982, 1, 12),
(13308, 180, 30, 983, 8, 5),
(13309, 181, 30, 983, 3, 17),
(13310, 74, 30, 984, 3, 14),
(13311, 75, 30, 984, 5, 8),
(13312, 76, 30, 984, 6, 20),
(13313, 77, 30, 984, 4, 14),
(13314, 78, 30, 984, 5, 13),
(13315, 79, 30, 984, 5, 15),
(13316, 46, 30, 985, 3, 9),
(13317, 47, 30, 985, 2, 18),
(13318, 48, 30, 985, 2, 11),
(13319, 49, 30, 985, 4, 9),
(13320, 50, 30, 985, 4, 4),
(13321, 51, 30, 985, 2, 8),
(13322, 52, 30, 985, 5, 6),
(13323, 53, 30, 985, 7, 10),
(13324, 54, 30, 985, 3, 5),
(13325, 55, 30, 985, 2, 14),
(13326, 56, 30, 985, 7, 15),
(13327, 57, 30, 985, 8, 10),
(13328, 58, 30, 985, 6, 10),
(13329, 1, 30, 986, 1, 6),
(13330, 71, 30, 986, 1, 14),
(13331, 72, 30, 986, 8, 9),
(13332, 73, 30, 986, 8, 5),
(13333, 59, 30, 986, 2, 5),
(13334, 60, 30, 986, 5, 15),
(13335, 61, 30, 986, 5, 3),
(13336, 62, 30, 986, 7, 15),
(13337, 63, 30, 986, 3, 7),
(13338, 64, 30, 986, 7, 6),
(13339, 65, 30, 986, 6, 6),
(13340, 66, 30, 986, 3, 18),
(13341, 141, 30, 986, 7, 5),
(13342, 142, 30, 986, 5, 17),
(13343, 143, 30, 986, 5, 7),
(13344, 144, 30, 986, 2, 14),
(13345, 145, 30, 986, 4, 7),
(13346, 67, 30, 986, 3, 9),
(13347, 68, 30, 986, 6, 7),
(13348, 69, 30, 986, 4, 18),
(13349, 70, 30, 986, 3, 4),
(13350, 80, 30, 986, 5, 18),
(13351, 81, 30, 986, 2, 9),
(13352, 82, 30, 986, 5, 12),
(13353, 83, 30, 986, 6, 10),
(13354, 84, 30, 986, 6, 8),
(13355, 85, 30, 986, 5, 4),
(13356, 86, 30, 986, 2, 10),
(13357, 87, 30, 986, 2, 17),
(13358, 88, 30, 986, 2, 17),
(13359, 89, 30, 986, 1, 11),
(13360, 90, 30, 986, 4, 12),
(13361, 91, 30, 986, 7, 15),
(13362, 92, 30, 986, 7, 10),
(13363, 93, 30, 986, 8, 9),
(13364, 94, 30, 986, 3, 8),
(13365, 95, 30, 986, 4, 18),
(13366, 96, 30, 986, 2, 14),
(13367, 97, 30, 986, 2, 16),
(13368, 8, 30, 987, 2, 18),
(13369, 9, 30, 987, 2, 18),
(13370, 14, 30, 987, 2, 16),
(13371, 15, 30, 987, 8, 9),
(13372, 22, 30, 987, 2, 5),
(13373, 23, 30, 987, 2, 10),
(13374, 24, 30, 987, 8, 6),
(13375, 25, 30, 987, 8, 9),
(13376, 26, 30, 987, 6, 15),
(13377, 27, 30, 987, 1, 13),
(13378, 28, 30, 987, 1, 20),
(13379, 29, 30, 987, 8, 10),
(13380, 176, 30, 987, 3, 10),
(13381, 191, 30, 987, 3, 11),
(13382, 200, 30, 987, 1, 12),
(13383, 201, 30, 987, 2, 6),
(13384, 202, 30, 987, 3, 8),
(13385, 2, 30, 987, 1, 12),
(13386, 3, 30, 987, 1, 20),
(13387, 4, 30, 987, 8, 7),
(13388, 5, 30, 987, 2, 3),
(13389, 6, 30, 987, 6, 4),
(13390, 7, 30, 987, 3, 13),
(13391, 10, 30, 987, 4, 3),
(13392, 11, 30, 987, 3, 12),
(13393, 12, 30, 987, 5, 9),
(13394, 13, 30, 987, 4, 12),
(13395, 179, 30, 987, 7, 16),
(13396, 125, 30, 988, 8, 3),
(13397, 126, 30, 988, 2, 3),
(13398, 127, 30, 988, 5, 10),
(13399, 128, 30, 988, 2, 19),
(13400, 129, 30, 988, 6, 6),
(13401, 130, 30, 988, 4, 16),
(13402, 131, 30, 988, 2, 8),
(13403, 132, 30, 988, 1, 8),
(13404, 133, 30, 988, 3, 15),
(13405, 134, 30, 988, 4, 14),
(13406, 135, 30, 988, 3, 18),
(13407, 136, 30, 988, 6, 12),
(13408, 137, 30, 988, 3, 7),
(13409, 138, 30, 988, 8, 18),
(13410, 139, 30, 988, 7, 15),
(13411, 140, 30, 988, 5, 16),
(13412, 147, 30, 989, 7, 17),
(13413, 148, 30, 989, 7, 8),
(13414, 149, 30, 989, 2, 20),
(13415, 151, 30, 989, 2, 20),
(13416, 152, 30, 989, 2, 14),
(13417, 153, 30, 989, 6, 10),
(13418, 154, 30, 989, 8, 16),
(13419, 156, 30, 989, 6, 8),
(13420, 157, 30, 989, 4, 5),
(13421, 158, 30, 989, 8, 15),
(13422, 159, 30, 989, 8, 14),
(13423, 160, 30, 989, 2, 9),
(13424, 161, 30, 989, 7, 5),
(13425, 162, 30, 989, 2, 14),
(13426, 163, 30, 989, 7, 17),
(13427, 164, 30, 989, 4, 14),
(13428, 165, 30, 989, 6, 6),
(13429, 203, 30, 990, 8, 18),
(13430, 204, 30, 990, 2, 5),
(13431, 205, 30, 990, 7, 9),
(13432, 206, 30, 990, 7, 12),
(13433, 207, 30, 990, 7, 15),
(13434, 208, 30, 990, 3, 12),
(13435, 209, 30, 990, 1, 15),
(13436, 210, 30, 990, 6, 3),
(13437, 211, 30, 990, 3, 14),
(13438, 185, 30, 991, 6, 13),
(13439, 186, 30, 991, 8, 12),
(13440, 188, 30, 991, 6, 6),
(13441, 189, 30, 991, 2, 13),
(13442, 190, 30, 991, 1, 13),
(13443, 192, 30, 991, 2, 14),
(13444, 36, 30, 992, 7, 5),
(13445, 37, 30, 992, 5, 3),
(13446, 38, 30, 992, 3, 9),
(13447, 39, 30, 992, 4, 3),
(13448, 30, 30, 992, 8, 6),
(13449, 31, 30, 992, 6, 6),
(13450, 32, 30, 992, 6, 16),
(13451, 33, 30, 992, 8, 8),
(13452, 34, 30, 992, 7, 7),
(13453, 35, 30, 992, 8, 9),
(13454, 40, 30, 992, 7, 20),
(13455, 41, 30, 992, 8, 13),
(13456, 42, 30, 992, 2, 4),
(13457, 43, 30, 992, 2, 5),
(13458, 44, 30, 992, 6, 9),
(13459, 45, 30, 992, 7, 12),
(13460, 198, 30, 992, 5, 9),
(13461, 199, 30, 992, 5, 16),
(13462, 172, 30, 993, 6, 19),
(13463, 173, 30, 993, 7, 14),
(13464, 174, 30, 993, 2, 11),
(13465, 175, 30, 993, 7, 17),
(13466, 166, 30, 993, 2, 15),
(13467, 167, 30, 993, 2, 20),
(13468, 168, 30, 993, 8, 5),
(13469, 169, 30, 993, 3, 16),
(13470, 170, 30, 993, 1, 7),
(13471, 182, 30, 994, 3, 6),
(13472, 187, 30, 994, 3, 11),
(13473, 196, 31, 995, 4, 20),
(13474, 197, 31, 995, 2, 11),
(13475, 193, 31, 995, 4, 13),
(13476, 194, 31, 995, 2, 8),
(13477, 195, 31, 995, 8, 19),
(13478, 98, 31, 996, 8, 4),
(13479, 99, 31, 996, 4, 17),
(13480, 100, 31, 996, 8, 13),
(13481, 101, 31, 996, 5, 3),
(13482, 102, 31, 996, 5, 11),
(13483, 103, 31, 996, 2, 19),
(13484, 104, 31, 996, 2, 7),
(13485, 105, 31, 996, 2, 13),
(13486, 106, 31, 996, 4, 11),
(13487, 107, 31, 996, 1, 17),
(13488, 116, 31, 996, 4, 19),
(13489, 112, 31, 996, 1, 20),
(13490, 113, 31, 996, 3, 13),
(13491, 114, 31, 996, 8, 10),
(13492, 115, 31, 996, 8, 19),
(13493, 108, 31, 996, 3, 18),
(13494, 109, 31, 996, 8, 15),
(13495, 110, 31, 996, 6, 18),
(13496, 111, 31, 996, 3, 5),
(13497, 183, 31, 996, 8, 18),
(13498, 177, 31, 996, 5, 4),
(13499, 178, 31, 996, 7, 17),
(13500, 117, 31, 996, 3, 20),
(13501, 118, 31, 996, 4, 16),
(13502, 119, 31, 996, 4, 10),
(13503, 120, 31, 996, 5, 19),
(13504, 121, 31, 996, 3, 13),
(13505, 122, 31, 996, 7, 14),
(13506, 123, 31, 996, 2, 17),
(13507, 124, 31, 996, 1, 3),
(13508, 184, 31, 996, 6, 10),
(13509, 180, 31, 997, 8, 15),
(13510, 181, 31, 997, 2, 12),
(13511, 74, 31, 998, 5, 10),
(13512, 75, 31, 998, 6, 11),
(13513, 76, 31, 998, 3, 7),
(13514, 77, 31, 998, 5, 4),
(13515, 78, 31, 998, 1, 17),
(13516, 79, 31, 998, 1, 11),
(13517, 46, 31, 999, 5, 12),
(13518, 47, 31, 999, 8, 4),
(13519, 48, 31, 999, 4, 7),
(13520, 49, 31, 999, 6, 8),
(13521, 50, 31, 999, 8, 17),
(13522, 51, 31, 999, 1, 20),
(13523, 52, 31, 999, 7, 17),
(13524, 53, 31, 999, 4, 16),
(13525, 54, 31, 999, 4, 12),
(13526, 55, 31, 999, 2, 3),
(13527, 56, 31, 999, 8, 19),
(13528, 57, 31, 999, 4, 8),
(13529, 58, 31, 999, 2, 20),
(13530, 1, 31, 1000, 4, 7),
(13531, 71, 31, 1000, 7, 11),
(13532, 72, 31, 1000, 6, 9),
(13533, 73, 31, 1000, 8, 13),
(13534, 59, 31, 1000, 4, 10),
(13535, 60, 31, 1000, 7, 4),
(13536, 61, 31, 1000, 6, 15),
(13537, 62, 31, 1000, 8, 17),
(13538, 63, 31, 1000, 6, 16),
(13539, 64, 31, 1000, 5, 4),
(13540, 65, 31, 1000, 4, 4),
(13541, 66, 31, 1000, 5, 16),
(13542, 141, 31, 1000, 1, 13),
(13543, 142, 31, 1000, 6, 13),
(13544, 143, 31, 1000, 7, 17),
(13545, 144, 31, 1000, 5, 7),
(13546, 145, 31, 1000, 1, 10),
(13547, 67, 31, 1000, 6, 15),
(13548, 68, 31, 1000, 6, 14),
(13549, 69, 31, 1000, 3, 6),
(13550, 70, 31, 1000, 1, 4),
(13551, 80, 31, 1000, 3, 16),
(13552, 81, 31, 1000, 7, 6),
(13553, 82, 31, 1000, 5, 11),
(13554, 83, 31, 1000, 8, 6),
(13555, 84, 31, 1000, 5, 11),
(13556, 85, 31, 1000, 3, 5),
(13557, 86, 31, 1000, 2, 10),
(13558, 87, 31, 1000, 6, 18),
(13559, 88, 31, 1000, 8, 12),
(13560, 89, 31, 1000, 6, 13),
(13561, 90, 31, 1000, 6, 14),
(13562, 91, 31, 1000, 8, 10),
(13563, 92, 31, 1000, 3, 15),
(13564, 93, 31, 1000, 1, 14),
(13565, 94, 31, 1000, 8, 5),
(13566, 95, 31, 1000, 6, 6),
(13567, 96, 31, 1000, 8, 11),
(13568, 97, 31, 1000, 3, 12),
(13569, 8, 31, 1001, 8, 8),
(13570, 9, 31, 1001, 6, 11),
(13571, 14, 31, 1001, 7, 20),
(13572, 15, 31, 1001, 5, 19),
(13573, 22, 31, 1001, 4, 7),
(13574, 23, 31, 1001, 7, 9),
(13575, 24, 31, 1001, 7, 10),
(13576, 25, 31, 1001, 8, 12),
(13577, 26, 31, 1001, 1, 19),
(13578, 27, 31, 1001, 8, 10),
(13579, 28, 31, 1001, 6, 3),
(13580, 29, 31, 1001, 1, 12),
(13581, 176, 31, 1001, 2, 16),
(13582, 191, 31, 1001, 6, 5),
(13583, 200, 31, 1001, 3, 4),
(13584, 201, 31, 1001, 6, 6),
(13585, 202, 31, 1001, 4, 9),
(13586, 2, 31, 1001, 6, 5),
(13587, 3, 31, 1001, 3, 7),
(13588, 4, 31, 1001, 1, 16),
(13589, 5, 31, 1001, 5, 18),
(13590, 6, 31, 1001, 1, 8),
(13591, 7, 31, 1001, 3, 4),
(13592, 10, 31, 1001, 7, 8),
(13593, 11, 31, 1001, 1, 17),
(13594, 12, 31, 1001, 7, 15),
(13595, 13, 31, 1001, 7, 17),
(13596, 179, 31, 1001, 2, 4),
(13597, 125, 31, 1002, 5, 19),
(13598, 126, 31, 1002, 2, 18),
(13599, 127, 31, 1002, 8, 18),
(13600, 128, 31, 1002, 1, 9),
(13601, 129, 31, 1002, 2, 16),
(13602, 130, 31, 1002, 5, 13),
(13603, 131, 31, 1002, 1, 13),
(13604, 132, 31, 1002, 3, 12),
(13605, 133, 31, 1002, 4, 10),
(13606, 134, 31, 1002, 7, 15),
(13607, 135, 31, 1002, 5, 15),
(13608, 136, 31, 1002, 1, 12),
(13609, 137, 31, 1002, 4, 16),
(13610, 138, 31, 1002, 2, 9),
(13611, 139, 31, 1002, 5, 10),
(13612, 140, 31, 1002, 4, 6),
(13613, 147, 31, 1003, 3, 14),
(13614, 148, 31, 1003, 1, 8),
(13615, 149, 31, 1003, 5, 5),
(13616, 151, 31, 1003, 6, 16),
(13617, 152, 31, 1003, 7, 6),
(13618, 153, 31, 1003, 3, 18),
(13619, 154, 31, 1003, 7, 15),
(13620, 156, 31, 1003, 4, 6),
(13621, 157, 31, 1003, 1, 7),
(13622, 158, 31, 1003, 8, 14),
(13623, 159, 31, 1003, 8, 19),
(13624, 160, 31, 1003, 2, 11),
(13625, 161, 31, 1003, 6, 9),
(13626, 162, 31, 1003, 7, 7),
(13627, 163, 31, 1003, 6, 6),
(13628, 164, 31, 1003, 4, 4),
(13629, 165, 31, 1003, 7, 12),
(13630, 203, 31, 1004, 4, 9),
(13631, 204, 31, 1004, 5, 4),
(13632, 205, 31, 1004, 1, 11),
(13633, 206, 31, 1004, 3, 11),
(13634, 207, 31, 1004, 4, 4),
(13635, 208, 31, 1004, 2, 17),
(13636, 209, 31, 1004, 3, 7),
(13637, 210, 31, 1004, 1, 6),
(13638, 211, 31, 1004, 8, 3),
(13639, 185, 31, 1005, 1, 3),
(13640, 186, 31, 1005, 4, 16),
(13641, 188, 31, 1005, 3, 8),
(13642, 189, 31, 1005, 1, 5),
(13643, 190, 31, 1005, 5, 12),
(13644, 192, 31, 1005, 2, 9),
(13645, 36, 31, 1006, 1, 13),
(13646, 37, 31, 1006, 6, 14),
(13647, 38, 31, 1006, 6, 17),
(13648, 39, 31, 1006, 1, 20),
(13649, 30, 31, 1006, 3, 11),
(13650, 31, 31, 1006, 1, 10),
(13651, 32, 31, 1006, 3, 8),
(13652, 33, 31, 1006, 6, 9),
(13653, 34, 31, 1006, 4, 13),
(13654, 35, 31, 1006, 4, 12),
(13655, 40, 31, 1006, 6, 19),
(13656, 41, 31, 1006, 3, 3),
(13657, 42, 31, 1006, 2, 9),
(13658, 43, 31, 1006, 1, 15),
(13659, 44, 31, 1006, 8, 8),
(13660, 45, 31, 1006, 1, 19),
(13661, 198, 31, 1006, 8, 16),
(13662, 199, 31, 1006, 5, 13),
(13663, 172, 31, 1007, 5, 14),
(13664, 173, 31, 1007, 5, 17),
(13665, 174, 31, 1007, 2, 12),
(13666, 175, 31, 1007, 3, 11),
(13667, 166, 31, 1007, 7, 20),
(13668, 167, 31, 1007, 7, 8),
(13669, 168, 31, 1007, 5, 7),
(13670, 169, 31, 1007, 7, 6),
(13671, 170, 31, 1007, 2, 6),
(13672, 182, 31, 1008, 5, 8),
(13673, 187, 31, 1008, 1, 11),
(13674, 196, 32, 1009, 2, 9),
(13675, 197, 32, 1009, 8, 19),
(13676, 193, 32, 1009, 4, 12),
(13677, 194, 32, 1009, 6, 5),
(13678, 195, 32, 1009, 2, 3),
(13679, 98, 32, 1010, 5, 3),
(13680, 99, 32, 1010, 3, 4),
(13681, 100, 32, 1010, 3, 6),
(13682, 101, 32, 1010, 3, 11),
(13683, 102, 32, 1010, 3, 11),
(13684, 103, 32, 1010, 7, 19),
(13685, 104, 32, 1010, 7, 20),
(13686, 105, 32, 1010, 3, 10),
(13687, 106, 32, 1010, 2, 15),
(13688, 107, 32, 1010, 8, 4),
(13689, 116, 32, 1010, 5, 20),
(13690, 112, 32, 1010, 5, 5),
(13691, 113, 32, 1010, 5, 18),
(13692, 114, 32, 1010, 7, 16),
(13693, 115, 32, 1010, 4, 3),
(13694, 108, 32, 1010, 7, 20),
(13695, 109, 32, 1010, 1, 4),
(13696, 110, 32, 1010, 1, 8),
(13697, 111, 32, 1010, 3, 9),
(13698, 183, 32, 1010, 7, 14),
(13699, 177, 32, 1010, 7, 14),
(13700, 178, 32, 1010, 5, 13),
(13701, 117, 32, 1010, 5, 18),
(13702, 118, 32, 1010, 8, 17),
(13703, 119, 32, 1010, 5, 18),
(13704, 120, 32, 1010, 8, 6),
(13705, 121, 32, 1010, 8, 11),
(13706, 122, 32, 1010, 3, 11),
(13707, 123, 32, 1010, 3, 7),
(13708, 124, 32, 1010, 3, 17),
(13709, 184, 32, 1010, 3, 3),
(13710, 180, 32, 1011, 7, 8),
(13711, 181, 32, 1011, 2, 17),
(13712, 74, 32, 1012, 5, 10),
(13713, 75, 32, 1012, 2, 10),
(13714, 76, 32, 1012, 1, 20),
(13715, 77, 32, 1012, 1, 12),
(13716, 78, 32, 1012, 5, 14),
(13717, 79, 32, 1012, 4, 12),
(13718, 46, 32, 1013, 4, 3),
(13719, 47, 32, 1013, 4, 8),
(13720, 48, 32, 1013, 2, 8),
(13721, 49, 32, 1013, 6, 13),
(13722, 50, 32, 1013, 7, 4),
(13723, 51, 32, 1013, 7, 3),
(13724, 52, 32, 1013, 7, 5),
(13725, 53, 32, 1013, 1, 14),
(13726, 54, 32, 1013, 4, 6),
(13727, 55, 32, 1013, 4, 3),
(13728, 56, 32, 1013, 5, 14),
(13729, 57, 32, 1013, 4, 14),
(13730, 58, 32, 1013, 5, 11),
(13731, 1, 32, 1014, 2, 5),
(13732, 71, 32, 1014, 1, 13),
(13733, 72, 32, 1014, 6, 12),
(13734, 73, 32, 1014, 5, 3),
(13735, 59, 32, 1014, 7, 18),
(13736, 60, 32, 1014, 3, 12),
(13737, 61, 32, 1014, 4, 4),
(13738, 62, 32, 1014, 6, 8),
(13739, 63, 32, 1014, 2, 11),
(13740, 64, 32, 1014, 4, 6),
(13741, 65, 32, 1014, 1, 17),
(13742, 66, 32, 1014, 4, 13),
(13743, 141, 32, 1014, 7, 3),
(13744, 142, 32, 1014, 2, 8),
(13745, 143, 32, 1014, 6, 16),
(13746, 144, 32, 1014, 7, 17),
(13747, 145, 32, 1014, 8, 18),
(13748, 67, 32, 1014, 4, 12),
(13749, 68, 32, 1014, 3, 20),
(13750, 69, 32, 1014, 5, 5),
(13751, 70, 32, 1014, 7, 19),
(13752, 80, 32, 1014, 6, 7),
(13753, 81, 32, 1014, 8, 9),
(13754, 82, 32, 1014, 5, 5),
(13755, 83, 32, 1014, 7, 19),
(13756, 84, 32, 1014, 3, 20),
(13757, 85, 32, 1014, 7, 16),
(13758, 86, 32, 1014, 5, 14),
(13759, 87, 32, 1014, 7, 15),
(13760, 88, 32, 1014, 8, 11),
(13761, 89, 32, 1014, 4, 15),
(13762, 90, 32, 1014, 3, 9),
(13763, 91, 32, 1014, 5, 14),
(13764, 92, 32, 1014, 8, 18),
(13765, 93, 32, 1014, 6, 11),
(13766, 94, 32, 1014, 1, 10),
(13767, 95, 32, 1014, 4, 16),
(13768, 96, 32, 1014, 6, 9),
(13769, 97, 32, 1014, 1, 7),
(13770, 8, 32, 1015, 4, 20),
(13771, 9, 32, 1015, 2, 17),
(13772, 14, 32, 1015, 8, 19),
(13773, 15, 32, 1015, 5, 11),
(13774, 22, 32, 1015, 5, 9),
(13775, 23, 32, 1015, 2, 11),
(13776, 24, 32, 1015, 7, 14),
(13777, 25, 32, 1015, 2, 5),
(13778, 26, 32, 1015, 1, 15),
(13779, 27, 32, 1015, 7, 20),
(13780, 28, 32, 1015, 5, 10),
(13781, 29, 32, 1015, 4, 14),
(13782, 176, 32, 1015, 7, 18),
(13783, 191, 32, 1015, 4, 12),
(13784, 200, 32, 1015, 2, 11),
(13785, 201, 32, 1015, 7, 16),
(13786, 202, 32, 1015, 4, 19),
(13787, 2, 32, 1015, 5, 9),
(13788, 3, 32, 1015, 7, 5),
(13789, 4, 32, 1015, 7, 10),
(13790, 5, 32, 1015, 5, 20),
(13791, 6, 32, 1015, 8, 9),
(13792, 7, 32, 1015, 5, 4),
(13793, 10, 32, 1015, 4, 14),
(13794, 11, 32, 1015, 7, 7),
(13795, 12, 32, 1015, 6, 10),
(13796, 13, 32, 1015, 6, 4),
(13797, 179, 32, 1015, 1, 12),
(13798, 125, 32, 1016, 8, 10),
(13799, 126, 32, 1016, 1, 6),
(13800, 127, 32, 1016, 8, 17),
(13801, 128, 32, 1016, 8, 9),
(13802, 129, 32, 1016, 6, 11),
(13803, 130, 32, 1016, 6, 13),
(13804, 131, 32, 1016, 5, 11),
(13805, 132, 32, 1016, 1, 5),
(13806, 133, 32, 1016, 4, 19),
(13807, 134, 32, 1016, 4, 4),
(13808, 135, 32, 1016, 1, 20),
(13809, 136, 32, 1016, 6, 17),
(13810, 137, 32, 1016, 2, 9),
(13811, 138, 32, 1016, 2, 19),
(13812, 139, 32, 1016, 4, 7),
(13813, 140, 32, 1016, 4, 10),
(13814, 147, 32, 1017, 6, 11),
(13815, 148, 32, 1017, 5, 13),
(13816, 149, 32, 1017, 3, 12),
(13817, 151, 32, 1017, 8, 3),
(13818, 152, 32, 1017, 8, 14),
(13819, 153, 32, 1017, 5, 13),
(13820, 154, 32, 1017, 2, 14),
(13821, 156, 32, 1017, 6, 13),
(13822, 157, 32, 1017, 5, 6),
(13823, 158, 32, 1017, 6, 13),
(13824, 159, 32, 1017, 2, 10),
(13825, 160, 32, 1017, 4, 10),
(13826, 161, 32, 1017, 7, 13),
(13827, 162, 32, 1017, 3, 6),
(13828, 163, 32, 1017, 7, 16),
(13829, 164, 32, 1017, 5, 11),
(13830, 165, 32, 1017, 2, 6),
(13831, 203, 32, 1018, 1, 12),
(13832, 204, 32, 1018, 6, 20),
(13833, 205, 32, 1018, 5, 15),
(13834, 206, 32, 1018, 5, 5),
(13835, 207, 32, 1018, 3, 15),
(13836, 208, 32, 1018, 7, 3),
(13837, 209, 32, 1018, 3, 9),
(13838, 210, 32, 1018, 2, 20),
(13839, 211, 32, 1018, 8, 9),
(13840, 185, 32, 1019, 3, 8),
(13841, 186, 32, 1019, 7, 5),
(13842, 188, 32, 1019, 8, 5),
(13843, 189, 32, 1019, 3, 15),
(13844, 190, 32, 1019, 8, 19),
(13845, 192, 32, 1019, 2, 5),
(13846, 36, 32, 1020, 2, 6),
(13847, 37, 32, 1020, 6, 19),
(13848, 38, 32, 1020, 2, 6),
(13849, 39, 32, 1020, 5, 16),
(13850, 30, 32, 1020, 3, 19),
(13851, 31, 32, 1020, 4, 5),
(13852, 32, 32, 1020, 8, 16),
(13853, 33, 32, 1020, 4, 4),
(13854, 34, 32, 1020, 6, 10),
(13855, 35, 32, 1020, 4, 4),
(13856, 40, 32, 1020, 6, 7),
(13857, 41, 32, 1020, 2, 13),
(13858, 42, 32, 1020, 4, 12),
(13859, 43, 32, 1020, 3, 8),
(13860, 44, 32, 1020, 4, 10),
(13861, 45, 32, 1020, 4, 14),
(13862, 198, 32, 1020, 5, 5),
(13863, 199, 32, 1020, 5, 16),
(13864, 172, 32, 1021, 3, 5),
(13865, 173, 32, 1021, 4, 16),
(13866, 174, 32, 1021, 1, 20),
(13867, 175, 32, 1021, 8, 19),
(13868, 166, 32, 1021, 6, 9),
(13869, 167, 32, 1021, 1, 10),
(13870, 168, 32, 1021, 7, 12),
(13871, 169, 32, 1021, 5, 11),
(13872, 170, 32, 1021, 7, 16),
(13873, 182, 32, 1022, 1, 6),
(13874, 187, 32, 1022, 3, 9),
(13875, 196, 33, 1023, 4, 16),
(13876, 197, 33, 1023, 8, 9),
(13877, 193, 33, 1023, 4, 5),
(13878, 194, 33, 1023, 8, 5),
(13879, 195, 33, 1023, 4, 3),
(13880, 98, 33, 1024, 6, 6),
(13881, 99, 33, 1024, 1, 13),
(13882, 100, 33, 1024, 1, 20),
(13883, 101, 33, 1024, 3, 11),
(13884, 102, 33, 1024, 1, 15),
(13885, 103, 33, 1024, 3, 12),
(13886, 104, 33, 1024, 2, 16),
(13887, 105, 33, 1024, 3, 20),
(13888, 106, 33, 1024, 7, 11),
(13889, 107, 33, 1024, 3, 5),
(13890, 116, 33, 1024, 8, 20),
(13891, 112, 33, 1024, 8, 20),
(13892, 113, 33, 1024, 3, 8),
(13893, 114, 33, 1024, 1, 7),
(13894, 115, 33, 1024, 4, 12),
(13895, 108, 33, 1024, 3, 4),
(13896, 109, 33, 1024, 7, 9),
(13897, 110, 33, 1024, 6, 18),
(13898, 111, 33, 1024, 3, 19),
(13899, 183, 33, 1024, 3, 9),
(13900, 177, 33, 1024, 5, 13),
(13901, 178, 33, 1024, 7, 18),
(13902, 117, 33, 1024, 3, 5),
(13903, 118, 33, 1024, 7, 5),
(13904, 119, 33, 1024, 6, 4),
(13905, 120, 33, 1024, 3, 14),
(13906, 121, 33, 1024, 1, 6),
(13907, 122, 33, 1024, 5, 11),
(13908, 123, 33, 1024, 4, 14),
(13909, 124, 33, 1024, 6, 19),
(13910, 184, 33, 1024, 2, 3),
(13911, 180, 33, 1025, 8, 19),
(13912, 181, 33, 1025, 3, 13),
(13913, 74, 33, 1026, 7, 15),
(13914, 75, 33, 1026, 4, 4),
(13915, 76, 33, 1026, 1, 5),
(13916, 77, 33, 1026, 6, 19),
(13917, 78, 33, 1026, 8, 20),
(13918, 79, 33, 1026, 1, 18),
(13919, 46, 33, 1027, 1, 15),
(13920, 47, 33, 1027, 8, 9),
(13921, 48, 33, 1027, 3, 3),
(13922, 49, 33, 1027, 5, 19),
(13923, 50, 33, 1027, 5, 3),
(13924, 51, 33, 1027, 5, 7),
(13925, 52, 33, 1027, 8, 16),
(13926, 53, 33, 1027, 3, 18),
(13927, 54, 33, 1027, 6, 14),
(13928, 55, 33, 1027, 4, 11),
(13929, 56, 33, 1027, 3, 19),
(13930, 57, 33, 1027, 5, 9),
(13931, 58, 33, 1027, 1, 7),
(13932, 1, 33, 1028, 3, 3),
(13933, 71, 33, 1028, 2, 8),
(13934, 72, 33, 1028, 7, 9),
(13935, 73, 33, 1028, 1, 17),
(13936, 59, 33, 1028, 6, 9),
(13937, 60, 33, 1028, 7, 7),
(13938, 61, 33, 1028, 3, 9),
(13939, 62, 33, 1028, 3, 18),
(13940, 63, 33, 1028, 5, 5),
(13941, 64, 33, 1028, 5, 18),
(13942, 65, 33, 1028, 1, 7),
(13943, 66, 33, 1028, 5, 11),
(13944, 141, 33, 1028, 6, 18),
(13945, 142, 33, 1028, 4, 8),
(13946, 143, 33, 1028, 2, 10),
(13947, 144, 33, 1028, 5, 11),
(13948, 145, 33, 1028, 4, 16),
(13949, 67, 33, 1028, 7, 9),
(13950, 68, 33, 1028, 1, 17),
(13951, 69, 33, 1028, 2, 17),
(13952, 70, 33, 1028, 2, 20),
(13953, 80, 33, 1028, 1, 11),
(13954, 81, 33, 1028, 3, 8),
(13955, 82, 33, 1028, 3, 20),
(13956, 83, 33, 1028, 4, 19),
(13957, 84, 33, 1028, 7, 12),
(13958, 85, 33, 1028, 2, 9),
(13959, 86, 33, 1028, 8, 19),
(13960, 87, 33, 1028, 2, 9),
(13961, 88, 33, 1028, 2, 10),
(13962, 89, 33, 1028, 7, 16),
(13963, 90, 33, 1028, 8, 7),
(13964, 91, 33, 1028, 5, 15),
(13965, 92, 33, 1028, 5, 13),
(13966, 93, 33, 1028, 5, 16),
(13967, 94, 33, 1028, 4, 15),
(13968, 95, 33, 1028, 7, 11),
(13969, 96, 33, 1028, 2, 4),
(13970, 97, 33, 1028, 7, 11),
(13971, 8, 33, 1029, 1, 7),
(13972, 9, 33, 1029, 4, 19),
(13973, 14, 33, 1029, 7, 13),
(13974, 15, 33, 1029, 3, 15),
(13975, 22, 33, 1029, 5, 12),
(13976, 23, 33, 1029, 1, 16),
(13977, 24, 33, 1029, 8, 19),
(13978, 25, 33, 1029, 4, 18),
(13979, 26, 33, 1029, 2, 20),
(13980, 27, 33, 1029, 5, 17),
(13981, 28, 33, 1029, 5, 4),
(13982, 29, 33, 1029, 5, 20),
(13983, 176, 33, 1029, 7, 8),
(13984, 191, 33, 1029, 4, 20),
(13985, 200, 33, 1029, 4, 6),
(13986, 201, 33, 1029, 4, 11),
(13987, 202, 33, 1029, 4, 18),
(13988, 2, 33, 1029, 4, 6),
(13989, 3, 33, 1029, 4, 15),
(13990, 4, 33, 1029, 8, 20),
(13991, 5, 33, 1029, 2, 3),
(13992, 6, 33, 1029, 6, 5),
(13993, 7, 33, 1029, 8, 6),
(13994, 10, 33, 1029, 8, 4),
(13995, 11, 33, 1029, 2, 12),
(13996, 12, 33, 1029, 7, 16),
(13997, 13, 33, 1029, 6, 10),
(13998, 179, 33, 1029, 6, 10),
(13999, 125, 33, 1030, 6, 6),
(14000, 126, 33, 1030, 4, 4),
(14001, 127, 33, 1030, 4, 18),
(14002, 128, 33, 1030, 5, 18),
(14003, 129, 33, 1030, 6, 20),
(14004, 130, 33, 1030, 1, 6),
(14005, 131, 33, 1030, 5, 3),
(14006, 132, 33, 1030, 2, 17),
(14007, 133, 33, 1030, 1, 19),
(14008, 134, 33, 1030, 8, 20),
(14009, 135, 33, 1030, 1, 19),
(14010, 136, 33, 1030, 1, 7),
(14011, 137, 33, 1030, 4, 19),
(14012, 138, 33, 1030, 1, 5),
(14013, 139, 33, 1030, 3, 16),
(14014, 140, 33, 1030, 5, 3),
(14015, 147, 33, 1031, 8, 19),
(14016, 148, 33, 1031, 1, 9),
(14017, 149, 33, 1031, 6, 14),
(14018, 151, 33, 1031, 2, 11),
(14019, 152, 33, 1031, 5, 8),
(14020, 153, 33, 1031, 6, 6),
(14021, 154, 33, 1031, 3, 17),
(14022, 156, 33, 1031, 1, 10),
(14023, 157, 33, 1031, 6, 20),
(14024, 158, 33, 1031, 4, 17),
(14025, 159, 33, 1031, 8, 11),
(14026, 160, 33, 1031, 1, 9),
(14027, 161, 33, 1031, 3, 5),
(14028, 162, 33, 1031, 4, 15),
(14029, 163, 33, 1031, 8, 3),
(14030, 164, 33, 1031, 6, 17),
(14031, 165, 33, 1031, 8, 16),
(14032, 203, 33, 1032, 2, 14),
(14033, 204, 33, 1032, 4, 10),
(14034, 205, 33, 1032, 1, 3),
(14035, 206, 33, 1032, 6, 16),
(14036, 207, 33, 1032, 2, 4),
(14037, 208, 33, 1032, 5, 7),
(14038, 209, 33, 1032, 5, 7),
(14039, 210, 33, 1032, 2, 19),
(14040, 211, 33, 1032, 1, 4),
(14041, 185, 33, 1033, 3, 6),
(14042, 186, 33, 1033, 4, 16),
(14043, 188, 33, 1033, 3, 20),
(14044, 189, 33, 1033, 4, 6),
(14045, 190, 33, 1033, 8, 4),
(14046, 192, 33, 1033, 1, 19),
(14047, 36, 33, 1034, 7, 6),
(14048, 37, 33, 1034, 5, 8),
(14049, 38, 33, 1034, 5, 14),
(14050, 39, 33, 1034, 3, 9),
(14051, 30, 33, 1034, 4, 12),
(14052, 31, 33, 1034, 4, 19),
(14053, 32, 33, 1034, 7, 20),
(14054, 33, 33, 1034, 2, 3),
(14055, 34, 33, 1034, 8, 7),
(14056, 35, 33, 1034, 1, 7),
(14057, 40, 33, 1034, 4, 13),
(14058, 41, 33, 1034, 8, 16),
(14059, 42, 33, 1034, 5, 10),
(14060, 43, 33, 1034, 8, 12),
(14061, 44, 33, 1034, 4, 19),
(14062, 45, 33, 1034, 4, 9),
(14063, 198, 33, 1034, 1, 20),
(14064, 199, 33, 1034, 5, 16),
(14065, 172, 33, 1035, 5, 19),
(14066, 173, 33, 1035, 1, 20),
(14067, 174, 33, 1035, 4, 13),
(14068, 175, 33, 1035, 8, 7),
(14069, 166, 33, 1035, 5, 4),
(14070, 167, 33, 1035, 2, 10),
(14071, 168, 33, 1035, 3, 9),
(14072, 169, 33, 1035, 6, 17),
(14073, 170, 33, 1035, 8, 15),
(14074, 182, 33, 1036, 5, 12),
(14075, 187, 33, 1036, 1, 10),
(14076, 196, 37, 1037, 4, 19),
(14077, 197, 37, 1037, 4, 10),
(14078, 193, 37, 1037, 2, 3),
(14079, 194, 37, 1037, 4, 7),
(14080, 195, 37, 1037, 8, 17),
(14081, 98, 37, 1038, 8, 5),
(14082, 99, 37, 1038, 3, 3),
(14083, 100, 37, 1038, 3, 17),
(14084, 101, 37, 1038, 3, 16),
(14085, 102, 37, 1038, 4, 5),
(14086, 103, 37, 1038, 6, 6),
(14087, 104, 37, 1038, 6, 6),
(14088, 105, 37, 1038, 3, 4),
(14089, 106, 37, 1038, 2, 18),
(14090, 107, 37, 1038, 4, 15),
(14091, 116, 37, 1038, 6, 17),
(14092, 112, 37, 1038, 1, 8),
(14093, 113, 37, 1038, 8, 5),
(14094, 114, 37, 1038, 6, 6),
(14095, 115, 37, 1038, 2, 14),
(14096, 108, 37, 1038, 1, 4),
(14097, 109, 37, 1038, 7, 9),
(14098, 110, 37, 1038, 1, 5),
(14099, 111, 37, 1038, 2, 10),
(14100, 183, 37, 1038, 7, 14),
(14101, 177, 37, 1038, 5, 12),
(14102, 178, 37, 1038, 7, 7),
(14103, 117, 37, 1038, 6, 4),
(14104, 118, 37, 1038, 3, 19),
(14105, 119, 37, 1038, 8, 14),
(14106, 120, 37, 1038, 5, 14),
(14107, 121, 37, 1038, 4, 15),
(14108, 122, 37, 1038, 8, 10),
(14109, 123, 37, 1038, 7, 15),
(14110, 124, 37, 1038, 6, 20),
(14111, 184, 37, 1038, 3, 14),
(14112, 180, 37, 1039, 1, 4),
(14113, 181, 37, 1039, 1, 4),
(14114, 74, 37, 1040, 2, 5),
(14115, 75, 37, 1040, 5, 4),
(14116, 76, 37, 1040, 7, 4),
(14117, 77, 37, 1040, 5, 13),
(14118, 78, 37, 1040, 3, 8),
(14119, 79, 37, 1040, 6, 14),
(14120, 46, 37, 1041, 3, 13),
(14121, 47, 37, 1041, 3, 18),
(14122, 48, 37, 1041, 3, 16),
(14123, 49, 37, 1041, 5, 6),
(14124, 50, 37, 1041, 2, 9),
(14125, 51, 37, 1041, 8, 17),
(14126, 52, 37, 1041, 3, 6),
(14127, 53, 37, 1041, 4, 8),
(14128, 54, 37, 1041, 3, 11),
(14129, 55, 37, 1041, 4, 11),
(14130, 56, 37, 1041, 5, 20),
(14131, 57, 37, 1041, 5, 10),
(14132, 58, 37, 1041, 1, 6),
(14133, 1, 37, 1042, 1, 10),
(14134, 71, 37, 1042, 5, 15),
(14135, 72, 37, 1042, 1, 16),
(14136, 73, 37, 1042, 3, 8),
(14137, 59, 37, 1042, 5, 12),
(14138, 60, 37, 1042, 1, 6),
(14139, 61, 37, 1042, 7, 6),
(14140, 62, 37, 1042, 5, 14),
(14141, 63, 37, 1042, 8, 18),
(14142, 64, 37, 1042, 7, 10),
(14143, 65, 37, 1042, 2, 5),
(14144, 66, 37, 1042, 8, 13),
(14145, 141, 37, 1042, 5, 12),
(14146, 142, 37, 1042, 5, 6),
(14147, 143, 37, 1042, 8, 14),
(14148, 144, 37, 1042, 3, 19),
(14149, 145, 37, 1042, 1, 18),
(14150, 67, 37, 1042, 5, 3),
(14151, 68, 37, 1042, 6, 18),
(14152, 69, 37, 1042, 3, 7),
(14153, 70, 37, 1042, 4, 9),
(14154, 80, 37, 1042, 4, 6),
(14155, 81, 37, 1042, 5, 20),
(14156, 82, 37, 1042, 7, 11),
(14157, 83, 37, 1042, 7, 15),
(14158, 84, 37, 1042, 8, 3),
(14159, 85, 37, 1042, 7, 17),
(14160, 86, 37, 1042, 5, 10),
(14161, 87, 37, 1042, 3, 6),
(14162, 88, 37, 1042, 5, 7),
(14163, 89, 37, 1042, 7, 19),
(14164, 90, 37, 1042, 2, 18),
(14165, 91, 37, 1042, 7, 16),
(14166, 92, 37, 1042, 8, 10),
(14167, 93, 37, 1042, 5, 6),
(14168, 94, 37, 1042, 6, 3),
(14169, 95, 37, 1042, 5, 4),
(14170, 96, 37, 1042, 2, 4),
(14171, 97, 37, 1042, 1, 4),
(14172, 8, 37, 1043, 5, 19),
(14173, 9, 37, 1043, 6, 11),
(14174, 14, 37, 1043, 8, 12),
(14175, 15, 37, 1043, 3, 12),
(14176, 22, 37, 1043, 8, 14),
(14177, 23, 37, 1043, 6, 11),
(14178, 24, 37, 1043, 7, 12),
(14179, 25, 37, 1043, 4, 3),
(14180, 26, 37, 1043, 3, 7),
(14181, 27, 37, 1043, 6, 7),
(14182, 28, 37, 1043, 6, 9),
(14183, 29, 37, 1043, 4, 8),
(14184, 176, 37, 1043, 4, 20),
(14185, 191, 37, 1043, 4, 14),
(14186, 200, 37, 1043, 1, 11),
(14187, 201, 37, 1043, 6, 13),
(14188, 202, 37, 1043, 4, 11),
(14189, 2, 37, 1043, 1, 8),
(14190, 3, 37, 1043, 8, 9),
(14191, 4, 37, 1043, 7, 19),
(14192, 5, 37, 1043, 8, 11),
(14193, 6, 37, 1043, 4, 18),
(14194, 7, 37, 1043, 1, 17),
(14195, 10, 37, 1043, 7, 9),
(14196, 11, 37, 1043, 1, 13),
(14197, 12, 37, 1043, 5, 15),
(14198, 13, 37, 1043, 8, 3),
(14199, 179, 37, 1043, 1, 9),
(14200, 125, 37, 1044, 1, 11),
(14201, 126, 37, 1044, 1, 4),
(14202, 127, 37, 1044, 8, 16),
(14203, 128, 37, 1044, 6, 8),
(14204, 129, 37, 1044, 2, 16),
(14205, 130, 37, 1044, 5, 6),
(14206, 131, 37, 1044, 1, 10),
(14207, 132, 37, 1044, 1, 5),
(14208, 133, 37, 1044, 8, 11),
(14209, 134, 37, 1044, 8, 19),
(14210, 135, 37, 1044, 3, 18),
(14211, 136, 37, 1044, 3, 9),
(14212, 137, 37, 1044, 4, 18),
(14213, 138, 37, 1044, 1, 10),
(14214, 139, 37, 1044, 8, 4),
(14215, 140, 37, 1044, 7, 20),
(14216, 147, 37, 1045, 5, 17),
(14217, 148, 37, 1045, 1, 11),
(14218, 149, 37, 1045, 5, 16),
(14219, 151, 37, 1045, 7, 16),
(14220, 152, 37, 1045, 4, 10),
(14221, 153, 37, 1045, 8, 14),
(14222, 154, 37, 1045, 7, 3),
(14223, 156, 37, 1045, 6, 15),
(14224, 157, 37, 1045, 4, 15),
(14225, 158, 37, 1045, 5, 17),
(14226, 159, 37, 1045, 5, 19),
(14227, 160, 37, 1045, 2, 3),
(14228, 161, 37, 1045, 7, 7),
(14229, 162, 37, 1045, 4, 15),
(14230, 163, 37, 1045, 3, 6),
(14231, 164, 37, 1045, 6, 19),
(14232, 165, 37, 1045, 8, 16),
(14233, 203, 37, 1046, 4, 12),
(14234, 204, 37, 1046, 5, 6),
(14235, 205, 37, 1046, 3, 3),
(14236, 206, 37, 1046, 5, 6),
(14237, 207, 37, 1046, 5, 10),
(14238, 208, 37, 1046, 2, 9);
INSERT INTO `fydp_stocks` (`id`, `product_id`, `store_id`, `aisle_id`, `aisle_position`, `quantity`) VALUES
(14239, 209, 37, 1046, 2, 15),
(14240, 210, 37, 1046, 1, 16),
(14241, 211, 37, 1046, 5, 14),
(14242, 185, 37, 1047, 6, 15),
(14243, 186, 37, 1047, 6, 10),
(14244, 188, 37, 1047, 8, 3),
(14245, 189, 37, 1047, 2, 8),
(14246, 190, 37, 1047, 2, 17),
(14247, 192, 37, 1047, 2, 7),
(14248, 36, 37, 1048, 5, 13),
(14249, 37, 37, 1048, 7, 4),
(14250, 38, 37, 1048, 7, 4),
(14251, 39, 37, 1048, 1, 9),
(14252, 30, 37, 1048, 3, 15),
(14253, 31, 37, 1048, 7, 12),
(14254, 32, 37, 1048, 1, 19),
(14255, 33, 37, 1048, 2, 5),
(14256, 34, 37, 1048, 6, 16),
(14257, 35, 37, 1048, 7, 7),
(14258, 40, 37, 1048, 4, 10),
(14259, 41, 37, 1048, 6, 10),
(14260, 42, 37, 1048, 4, 17),
(14261, 43, 37, 1048, 6, 15),
(14262, 44, 37, 1048, 6, 18),
(14263, 45, 37, 1048, 8, 6),
(14264, 198, 37, 1048, 4, 16),
(14265, 199, 37, 1048, 3, 6),
(14266, 172, 37, 1049, 7, 10),
(14267, 173, 37, 1049, 5, 4),
(14268, 174, 37, 1049, 1, 8),
(14269, 175, 37, 1049, 5, 6),
(14270, 166, 37, 1049, 2, 17),
(14271, 167, 37, 1049, 3, 18),
(14272, 168, 37, 1049, 5, 4),
(14273, 169, 37, 1049, 1, 20),
(14274, 170, 37, 1049, 5, 17),
(14275, 182, 37, 1050, 5, 4),
(14276, 187, 37, 1050, 3, 9),
(14277, 196, 41, 1051, 2, 6),
(14278, 197, 41, 1051, 2, 8),
(14279, 193, 41, 1051, 4, 12),
(14280, 194, 41, 1051, 4, 5),
(14281, 195, 41, 1051, 8, 11),
(14282, 98, 41, 1052, 1, 9),
(14283, 99, 41, 1052, 3, 11),
(14284, 100, 41, 1052, 3, 19),
(14285, 101, 41, 1052, 5, 3),
(14286, 102, 41, 1052, 2, 11),
(14287, 103, 41, 1052, 6, 13),
(14288, 104, 41, 1052, 7, 3),
(14289, 105, 41, 1052, 3, 8),
(14290, 106, 41, 1052, 2, 12),
(14291, 107, 41, 1052, 4, 9),
(14292, 116, 41, 1052, 7, 16),
(14293, 112, 41, 1052, 2, 8),
(14294, 113, 41, 1052, 3, 16),
(14295, 114, 41, 1052, 1, 15),
(14296, 115, 41, 1052, 7, 20),
(14297, 108, 41, 1052, 2, 20),
(14298, 109, 41, 1052, 3, 11),
(14299, 110, 41, 1052, 4, 15),
(14300, 111, 41, 1052, 3, 20),
(14301, 183, 41, 1052, 6, 12),
(14302, 177, 41, 1052, 4, 10),
(14303, 178, 41, 1052, 1, 7),
(14304, 117, 41, 1052, 4, 11),
(14305, 118, 41, 1052, 5, 13),
(14306, 119, 41, 1052, 8, 20),
(14307, 120, 41, 1052, 8, 17),
(14308, 121, 41, 1052, 6, 5),
(14309, 122, 41, 1052, 1, 3),
(14310, 123, 41, 1052, 8, 6),
(14311, 124, 41, 1052, 6, 16),
(14312, 184, 41, 1052, 1, 18),
(14313, 180, 41, 1053, 7, 11),
(14314, 181, 41, 1053, 3, 6),
(14315, 74, 41, 1054, 2, 15),
(14316, 75, 41, 1054, 2, 18),
(14317, 76, 41, 1054, 2, 14),
(14318, 77, 41, 1054, 3, 8),
(14319, 78, 41, 1054, 8, 15),
(14320, 79, 41, 1054, 7, 12),
(14321, 46, 41, 1055, 3, 16),
(14322, 47, 41, 1055, 4, 7),
(14323, 48, 41, 1055, 5, 6),
(14324, 49, 41, 1055, 4, 15),
(14325, 50, 41, 1055, 2, 9),
(14326, 51, 41, 1055, 7, 18),
(14327, 52, 41, 1055, 1, 20),
(14328, 53, 41, 1055, 7, 18),
(14329, 54, 41, 1055, 4, 4),
(14330, 55, 41, 1055, 1, 13),
(14331, 56, 41, 1055, 7, 8),
(14332, 57, 41, 1055, 4, 3),
(14333, 58, 41, 1055, 8, 15),
(14334, 1, 41, 1056, 4, 18),
(14335, 71, 41, 1056, 4, 5),
(14336, 72, 41, 1056, 3, 15),
(14337, 73, 41, 1056, 8, 18),
(14338, 59, 41, 1056, 8, 12),
(14339, 60, 41, 1056, 1, 10),
(14340, 61, 41, 1056, 2, 7),
(14341, 62, 41, 1056, 6, 3),
(14342, 63, 41, 1056, 1, 18),
(14343, 64, 41, 1056, 1, 18),
(14344, 65, 41, 1056, 6, 11),
(14345, 66, 41, 1056, 8, 17),
(14346, 141, 41, 1056, 1, 17),
(14347, 142, 41, 1056, 1, 11),
(14348, 143, 41, 1056, 7, 3),
(14349, 144, 41, 1056, 2, 6),
(14350, 145, 41, 1056, 8, 14),
(14351, 67, 41, 1056, 4, 7),
(14352, 68, 41, 1056, 3, 8),
(14353, 69, 41, 1056, 1, 8),
(14354, 70, 41, 1056, 7, 5),
(14355, 80, 41, 1056, 6, 3),
(14356, 81, 41, 1056, 4, 11),
(14357, 82, 41, 1056, 1, 11),
(14358, 83, 41, 1056, 3, 4),
(14359, 84, 41, 1056, 3, 3),
(14360, 85, 41, 1056, 5, 9),
(14361, 86, 41, 1056, 7, 14),
(14362, 87, 41, 1056, 2, 19),
(14363, 88, 41, 1056, 1, 20),
(14364, 89, 41, 1056, 8, 9),
(14365, 90, 41, 1056, 2, 17),
(14366, 91, 41, 1056, 8, 13),
(14367, 92, 41, 1056, 1, 8),
(14368, 93, 41, 1056, 8, 6),
(14369, 94, 41, 1056, 6, 16),
(14370, 95, 41, 1056, 3, 9),
(14371, 96, 41, 1056, 7, 15),
(14372, 97, 41, 1056, 7, 17),
(14373, 8, 41, 1057, 2, 6),
(14374, 9, 41, 1057, 8, 13),
(14375, 14, 41, 1057, 2, 12),
(14376, 15, 41, 1057, 8, 4),
(14377, 22, 41, 1057, 2, 3),
(14378, 23, 41, 1057, 1, 7),
(14379, 24, 41, 1057, 1, 20),
(14380, 25, 41, 1057, 5, 7),
(14381, 26, 41, 1057, 7, 13),
(14382, 27, 41, 1057, 7, 19),
(14383, 28, 41, 1057, 8, 15),
(14384, 29, 41, 1057, 1, 13),
(14385, 176, 41, 1057, 4, 10),
(14386, 191, 41, 1057, 8, 6),
(14387, 200, 41, 1057, 1, 17),
(14388, 201, 41, 1057, 1, 8),
(14389, 202, 41, 1057, 1, 20),
(14390, 2, 41, 1057, 7, 7),
(14391, 3, 41, 1057, 4, 17),
(14392, 4, 41, 1057, 3, 14),
(14393, 5, 41, 1057, 7, 9),
(14394, 6, 41, 1057, 8, 18),
(14395, 7, 41, 1057, 3, 12),
(14396, 10, 41, 1057, 1, 5),
(14397, 11, 41, 1057, 1, 19),
(14398, 12, 41, 1057, 1, 3),
(14399, 13, 41, 1057, 6, 5),
(14400, 179, 41, 1057, 5, 4),
(14401, 125, 41, 1058, 5, 12),
(14402, 126, 41, 1058, 3, 14),
(14403, 127, 41, 1058, 3, 8),
(14404, 128, 41, 1058, 8, 9),
(14405, 129, 41, 1058, 3, 17),
(14406, 130, 41, 1058, 5, 17),
(14407, 131, 41, 1058, 5, 20),
(14408, 132, 41, 1058, 4, 10),
(14409, 133, 41, 1058, 3, 8),
(14410, 134, 41, 1058, 3, 15),
(14411, 135, 41, 1058, 7, 9),
(14412, 136, 41, 1058, 7, 19),
(14413, 137, 41, 1058, 3, 18),
(14414, 138, 41, 1058, 8, 19),
(14415, 139, 41, 1058, 8, 12),
(14416, 140, 41, 1058, 1, 12),
(14417, 147, 41, 1059, 1, 8),
(14418, 148, 41, 1059, 2, 10),
(14419, 149, 41, 1059, 5, 3),
(14420, 151, 41, 1059, 7, 19),
(14421, 152, 41, 1059, 7, 10),
(14422, 153, 41, 1059, 6, 10),
(14423, 154, 41, 1059, 4, 5),
(14424, 156, 41, 1059, 7, 15),
(14425, 157, 41, 1059, 4, 4),
(14426, 158, 41, 1059, 4, 7),
(14427, 159, 41, 1059, 4, 7),
(14428, 160, 41, 1059, 2, 15),
(14429, 161, 41, 1059, 2, 4),
(14430, 162, 41, 1059, 6, 5),
(14431, 163, 41, 1059, 6, 14),
(14432, 164, 41, 1059, 6, 15),
(14433, 165, 41, 1059, 8, 16),
(14434, 203, 41, 1060, 2, 13),
(14435, 204, 41, 1060, 7, 19),
(14436, 205, 41, 1060, 4, 14),
(14437, 206, 41, 1060, 3, 6),
(14438, 207, 41, 1060, 1, 16),
(14439, 208, 41, 1060, 3, 18),
(14440, 209, 41, 1060, 4, 15),
(14441, 210, 41, 1060, 8, 18),
(14442, 211, 41, 1060, 8, 9),
(14443, 185, 41, 1061, 1, 5),
(14444, 186, 41, 1061, 1, 7),
(14445, 188, 41, 1061, 2, 15),
(14446, 189, 41, 1061, 3, 18),
(14447, 190, 41, 1061, 3, 20),
(14448, 192, 41, 1061, 5, 7),
(14449, 36, 41, 1062, 7, 16),
(14450, 37, 41, 1062, 7, 13),
(14451, 38, 41, 1062, 6, 8),
(14452, 39, 41, 1062, 2, 3),
(14453, 30, 41, 1062, 4, 7),
(14454, 31, 41, 1062, 6, 16),
(14455, 32, 41, 1062, 1, 6),
(14456, 33, 41, 1062, 4, 3),
(14457, 34, 41, 1062, 1, 11),
(14458, 35, 41, 1062, 4, 5),
(14459, 40, 41, 1062, 5, 10),
(14460, 41, 41, 1062, 3, 17),
(14461, 42, 41, 1062, 1, 15),
(14462, 43, 41, 1062, 6, 10),
(14463, 44, 41, 1062, 6, 8),
(14464, 45, 41, 1062, 6, 10),
(14465, 198, 41, 1062, 1, 12),
(14466, 199, 41, 1062, 1, 15),
(14467, 172, 41, 1063, 7, 6),
(14468, 173, 41, 1063, 6, 8),
(14469, 174, 41, 1063, 4, 10),
(14470, 175, 41, 1063, 1, 13),
(14471, 166, 41, 1063, 5, 12),
(14472, 167, 41, 1063, 6, 13),
(14473, 168, 41, 1063, 8, 3),
(14474, 169, 41, 1063, 6, 12),
(14475, 170, 41, 1063, 4, 4),
(14476, 182, 41, 1064, 5, 16),
(14477, 187, 41, 1064, 1, 3),
(14478, 196, 42, 1065, 4, 9),
(14479, 197, 42, 1065, 6, 18),
(14480, 193, 42, 1065, 4, 7),
(14481, 194, 42, 1065, 8, 4),
(14482, 195, 42, 1065, 6, 9),
(14483, 98, 42, 1066, 5, 5),
(14484, 99, 42, 1066, 4, 6),
(14485, 100, 42, 1066, 6, 19),
(14486, 101, 42, 1066, 7, 8),
(14487, 102, 42, 1066, 7, 18),
(14488, 103, 42, 1066, 1, 10),
(14489, 104, 42, 1066, 3, 4),
(14490, 105, 42, 1066, 7, 19),
(14491, 106, 42, 1066, 7, 18),
(14492, 107, 42, 1066, 8, 8),
(14493, 116, 42, 1066, 3, 15),
(14494, 112, 42, 1066, 2, 14),
(14495, 113, 42, 1066, 8, 4),
(14496, 114, 42, 1066, 6, 20),
(14497, 115, 42, 1066, 2, 11),
(14498, 108, 42, 1066, 3, 16),
(14499, 109, 42, 1066, 5, 15),
(14500, 110, 42, 1066, 8, 8),
(14501, 111, 42, 1066, 5, 16),
(14502, 183, 42, 1066, 6, 11),
(14503, 177, 42, 1066, 5, 15),
(14504, 178, 42, 1066, 8, 19),
(14505, 117, 42, 1066, 7, 16),
(14506, 118, 42, 1066, 7, 14),
(14507, 119, 42, 1066, 5, 16),
(14508, 120, 42, 1066, 8, 18),
(14509, 121, 42, 1066, 4, 5),
(14510, 122, 42, 1066, 5, 9),
(14511, 123, 42, 1066, 2, 7),
(14512, 124, 42, 1066, 3, 9),
(14513, 184, 42, 1066, 6, 14),
(14514, 180, 42, 1067, 1, 8),
(14515, 181, 42, 1067, 4, 3),
(14516, 74, 42, 1068, 5, 20),
(14517, 75, 42, 1068, 7, 7),
(14518, 76, 42, 1068, 4, 9),
(14519, 77, 42, 1068, 8, 10),
(14520, 78, 42, 1068, 2, 15),
(14521, 79, 42, 1068, 1, 3),
(14522, 46, 42, 1069, 3, 16),
(14523, 47, 42, 1069, 7, 8),
(14524, 48, 42, 1069, 5, 6),
(14525, 49, 42, 1069, 4, 5),
(14526, 50, 42, 1069, 5, 14),
(14527, 51, 42, 1069, 3, 19),
(14528, 52, 42, 1069, 1, 4),
(14529, 53, 42, 1069, 5, 5),
(14530, 54, 42, 1069, 3, 20),
(14531, 55, 42, 1069, 2, 20),
(14532, 56, 42, 1069, 8, 19),
(14533, 57, 42, 1069, 3, 10),
(14534, 58, 42, 1069, 3, 6),
(14535, 1, 42, 1070, 7, 12),
(14536, 71, 42, 1070, 8, 19),
(14537, 72, 42, 1070, 5, 7),
(14538, 73, 42, 1070, 6, 9),
(14539, 59, 42, 1070, 5, 7),
(14540, 60, 42, 1070, 5, 20),
(14541, 61, 42, 1070, 4, 5),
(14542, 62, 42, 1070, 5, 16),
(14543, 63, 42, 1070, 1, 14),
(14544, 64, 42, 1070, 7, 14),
(14545, 65, 42, 1070, 7, 6),
(14546, 66, 42, 1070, 5, 19),
(14547, 141, 42, 1070, 2, 12),
(14548, 142, 42, 1070, 8, 10),
(14549, 143, 42, 1070, 8, 6),
(14550, 144, 42, 1070, 5, 17),
(14551, 145, 42, 1070, 6, 12),
(14552, 67, 42, 1070, 6, 7),
(14553, 68, 42, 1070, 7, 9),
(14554, 69, 42, 1070, 6, 9),
(14555, 70, 42, 1070, 6, 7),
(14556, 80, 42, 1070, 3, 3),
(14557, 81, 42, 1070, 4, 20),
(14558, 82, 42, 1070, 7, 11),
(14559, 83, 42, 1070, 5, 14),
(14560, 84, 42, 1070, 1, 9),
(14561, 85, 42, 1070, 7, 15),
(14562, 86, 42, 1070, 3, 20),
(14563, 87, 42, 1070, 3, 6),
(14564, 88, 42, 1070, 3, 6),
(14565, 89, 42, 1070, 3, 20),
(14566, 90, 42, 1070, 8, 4),
(14567, 91, 42, 1070, 5, 15),
(14568, 92, 42, 1070, 3, 8),
(14569, 93, 42, 1070, 1, 20),
(14570, 94, 42, 1070, 6, 16),
(14571, 95, 42, 1070, 2, 3),
(14572, 96, 42, 1070, 7, 13),
(14573, 97, 42, 1070, 1, 13),
(14574, 8, 42, 1071, 1, 14),
(14575, 9, 42, 1071, 2, 5),
(14576, 14, 42, 1071, 1, 3),
(14577, 15, 42, 1071, 7, 8),
(14578, 22, 42, 1071, 8, 5),
(14579, 23, 42, 1071, 5, 9),
(14580, 24, 42, 1071, 3, 18),
(14581, 25, 42, 1071, 3, 9),
(14582, 26, 42, 1071, 8, 17),
(14583, 27, 42, 1071, 1, 7),
(14584, 28, 42, 1071, 2, 5),
(14585, 29, 42, 1071, 2, 17),
(14586, 176, 42, 1071, 8, 10),
(14587, 191, 42, 1071, 7, 15),
(14588, 200, 42, 1071, 1, 18),
(14589, 201, 42, 1071, 3, 4),
(14590, 202, 42, 1071, 5, 12),
(14591, 2, 42, 1071, 2, 12),
(14592, 3, 42, 1071, 5, 5),
(14593, 4, 42, 1071, 7, 11),
(14594, 5, 42, 1071, 2, 9),
(14595, 6, 42, 1071, 7, 13),
(14596, 7, 42, 1071, 3, 5),
(14597, 10, 42, 1071, 8, 6),
(14598, 11, 42, 1071, 8, 20),
(14599, 12, 42, 1071, 4, 5),
(14600, 13, 42, 1071, 1, 15),
(14601, 179, 42, 1071, 8, 3),
(14602, 125, 42, 1072, 2, 17),
(14603, 126, 42, 1072, 6, 5),
(14604, 127, 42, 1072, 6, 3),
(14605, 128, 42, 1072, 2, 7),
(14606, 129, 42, 1072, 5, 11),
(14607, 130, 42, 1072, 7, 4),
(14608, 131, 42, 1072, 5, 14),
(14609, 132, 42, 1072, 5, 17),
(14610, 133, 42, 1072, 8, 10),
(14611, 134, 42, 1072, 4, 7),
(14612, 135, 42, 1072, 5, 8),
(14613, 136, 42, 1072, 4, 13),
(14614, 137, 42, 1072, 3, 18),
(14615, 138, 42, 1072, 6, 10),
(14616, 139, 42, 1072, 5, 14),
(14617, 140, 42, 1072, 4, 15),
(14618, 147, 42, 1073, 4, 5),
(14619, 148, 42, 1073, 7, 6),
(14620, 149, 42, 1073, 2, 4),
(14621, 151, 42, 1073, 4, 16),
(14622, 152, 42, 1073, 5, 5),
(14623, 153, 42, 1073, 8, 5),
(14624, 154, 42, 1073, 7, 11),
(14625, 156, 42, 1073, 8, 16),
(14626, 157, 42, 1073, 8, 9),
(14627, 158, 42, 1073, 1, 12),
(14628, 159, 42, 1073, 6, 11),
(14629, 160, 42, 1073, 1, 20),
(14630, 161, 42, 1073, 3, 17),
(14631, 162, 42, 1073, 3, 19),
(14632, 163, 42, 1073, 4, 16),
(14633, 164, 42, 1073, 5, 19),
(14634, 165, 42, 1073, 8, 11),
(14635, 203, 42, 1074, 1, 5),
(14636, 204, 42, 1074, 5, 12),
(14637, 205, 42, 1074, 8, 4),
(14638, 206, 42, 1074, 6, 17),
(14639, 207, 42, 1074, 2, 11),
(14640, 208, 42, 1074, 3, 6),
(14641, 209, 42, 1074, 2, 6),
(14642, 210, 42, 1074, 5, 7),
(14643, 211, 42, 1074, 6, 7),
(14644, 185, 42, 1075, 6, 17),
(14645, 186, 42, 1075, 2, 4),
(14646, 188, 42, 1075, 5, 12),
(14647, 189, 42, 1075, 8, 3),
(14648, 190, 42, 1075, 3, 13),
(14649, 192, 42, 1075, 8, 7),
(14650, 36, 42, 1076, 1, 4),
(14651, 37, 42, 1076, 3, 13),
(14652, 38, 42, 1076, 5, 7),
(14653, 39, 42, 1076, 6, 8),
(14654, 30, 42, 1076, 1, 19),
(14655, 31, 42, 1076, 6, 8),
(14656, 32, 42, 1076, 2, 20),
(14657, 33, 42, 1076, 4, 15),
(14658, 34, 42, 1076, 2, 6),
(14659, 35, 42, 1076, 8, 20),
(14660, 40, 42, 1076, 8, 5),
(14661, 41, 42, 1076, 1, 12),
(14662, 42, 42, 1076, 6, 3),
(14663, 43, 42, 1076, 5, 20),
(14664, 44, 42, 1076, 5, 12),
(14665, 45, 42, 1076, 2, 14),
(14666, 198, 42, 1076, 5, 12),
(14667, 199, 42, 1076, 2, 6),
(14668, 172, 42, 1077, 7, 19),
(14669, 173, 42, 1077, 4, 17),
(14670, 174, 42, 1077, 7, 7),
(14671, 175, 42, 1077, 2, 20),
(14672, 166, 42, 1077, 2, 13),
(14673, 167, 42, 1077, 6, 11),
(14674, 168, 42, 1077, 7, 13),
(14675, 169, 42, 1077, 4, 16),
(14676, 170, 42, 1077, 6, 11),
(14677, 182, 42, 1078, 3, 10),
(14678, 187, 42, 1078, 7, 9),
(14679, 196, 43, 1079, 4, 13),
(14680, 197, 43, 1079, 6, 3),
(14681, 193, 43, 1079, 8, 7),
(14682, 194, 43, 1079, 8, 17),
(14683, 195, 43, 1079, 6, 16),
(14684, 98, 43, 1080, 5, 20),
(14685, 99, 43, 1080, 7, 12),
(14686, 100, 43, 1080, 2, 11),
(14687, 101, 43, 1080, 2, 14),
(14688, 102, 43, 1080, 3, 17),
(14689, 103, 43, 1080, 1, 3),
(14690, 104, 43, 1080, 5, 13),
(14691, 105, 43, 1080, 3, 20),
(14692, 106, 43, 1080, 1, 5),
(14693, 107, 43, 1080, 3, 4),
(14694, 116, 43, 1080, 5, 19),
(14695, 112, 43, 1080, 7, 13),
(14696, 113, 43, 1080, 1, 15),
(14697, 114, 43, 1080, 7, 20),
(14698, 115, 43, 1080, 4, 12),
(14699, 108, 43, 1080, 6, 4),
(14700, 109, 43, 1080, 4, 13),
(14701, 110, 43, 1080, 6, 15),
(14702, 111, 43, 1080, 1, 18),
(14703, 183, 43, 1080, 3, 8),
(14704, 177, 43, 1080, 6, 10),
(14705, 178, 43, 1080, 3, 6),
(14706, 117, 43, 1080, 1, 13),
(14707, 118, 43, 1080, 2, 4),
(14708, 119, 43, 1080, 6, 11),
(14709, 120, 43, 1080, 2, 7),
(14710, 121, 43, 1080, 4, 20),
(14711, 122, 43, 1080, 7, 11),
(14712, 123, 43, 1080, 6, 14),
(14713, 124, 43, 1080, 4, 5),
(14714, 184, 43, 1080, 2, 4),
(14715, 180, 43, 1081, 2, 14),
(14716, 181, 43, 1081, 6, 18),
(14717, 74, 43, 1082, 3, 16),
(14718, 75, 43, 1082, 6, 15),
(14719, 76, 43, 1082, 1, 9),
(14720, 77, 43, 1082, 1, 9),
(14721, 78, 43, 1082, 5, 5),
(14722, 79, 43, 1082, 8, 14),
(14723, 46, 43, 1083, 2, 14),
(14724, 47, 43, 1083, 2, 9),
(14725, 48, 43, 1083, 8, 13),
(14726, 49, 43, 1083, 3, 16),
(14727, 50, 43, 1083, 1, 20),
(14728, 51, 43, 1083, 4, 10),
(14729, 52, 43, 1083, 2, 13),
(14730, 53, 43, 1083, 5, 9),
(14731, 54, 43, 1083, 2, 6),
(14732, 55, 43, 1083, 2, 13),
(14733, 56, 43, 1083, 8, 19),
(14734, 57, 43, 1083, 3, 19),
(14735, 58, 43, 1083, 2, 9),
(14736, 1, 43, 1084, 3, 16),
(14737, 71, 43, 1084, 5, 6),
(14738, 72, 43, 1084, 4, 15),
(14739, 73, 43, 1084, 7, 13),
(14740, 59, 43, 1084, 1, 17),
(14741, 60, 43, 1084, 2, 10),
(14742, 61, 43, 1084, 5, 5),
(14743, 62, 43, 1084, 4, 20),
(14744, 63, 43, 1084, 5, 12),
(14745, 64, 43, 1084, 5, 3),
(14746, 65, 43, 1084, 7, 17),
(14747, 66, 43, 1084, 2, 4),
(14748, 141, 43, 1084, 3, 5),
(14749, 142, 43, 1084, 8, 14),
(14750, 143, 43, 1084, 1, 7),
(14751, 144, 43, 1084, 8, 9),
(14752, 145, 43, 1084, 1, 12),
(14753, 67, 43, 1084, 5, 11),
(14754, 68, 43, 1084, 2, 10),
(14755, 69, 43, 1084, 1, 7),
(14756, 70, 43, 1084, 3, 6),
(14757, 80, 43, 1084, 6, 18),
(14758, 81, 43, 1084, 3, 3),
(14759, 82, 43, 1084, 7, 18),
(14760, 83, 43, 1084, 5, 10),
(14761, 84, 43, 1084, 8, 10),
(14762, 85, 43, 1084, 2, 5),
(14763, 86, 43, 1084, 5, 13),
(14764, 87, 43, 1084, 3, 12),
(14765, 88, 43, 1084, 2, 9),
(14766, 89, 43, 1084, 7, 6),
(14767, 90, 43, 1084, 6, 17),
(14768, 91, 43, 1084, 6, 8),
(14769, 92, 43, 1084, 2, 18),
(14770, 93, 43, 1084, 6, 7),
(14771, 94, 43, 1084, 2, 3),
(14772, 95, 43, 1084, 4, 17),
(14773, 96, 43, 1084, 7, 16),
(14774, 97, 43, 1084, 7, 15),
(14775, 8, 43, 1085, 5, 10),
(14776, 9, 43, 1085, 1, 12),
(14777, 14, 43, 1085, 7, 8),
(14778, 15, 43, 1085, 6, 10),
(14779, 22, 43, 1085, 7, 20),
(14780, 23, 43, 1085, 8, 3),
(14781, 24, 43, 1085, 3, 15),
(14782, 25, 43, 1085, 2, 4),
(14783, 26, 43, 1085, 4, 19),
(14784, 27, 43, 1085, 4, 15),
(14785, 28, 43, 1085, 7, 5),
(14786, 29, 43, 1085, 8, 19),
(14787, 176, 43, 1085, 2, 10),
(14788, 191, 43, 1085, 6, 20),
(14789, 200, 43, 1085, 2, 13),
(14790, 201, 43, 1085, 6, 16),
(14791, 202, 43, 1085, 1, 16),
(14792, 2, 43, 1085, 3, 19),
(14793, 3, 43, 1085, 1, 20),
(14794, 4, 43, 1085, 3, 19),
(14795, 5, 43, 1085, 8, 6),
(14796, 6, 43, 1085, 8, 8),
(14797, 7, 43, 1085, 8, 6),
(14798, 10, 43, 1085, 4, 9),
(14799, 11, 43, 1085, 1, 16),
(14800, 12, 43, 1085, 1, 18),
(14801, 13, 43, 1085, 8, 3),
(14802, 179, 43, 1085, 7, 3),
(14803, 125, 43, 1086, 4, 12),
(14804, 126, 43, 1086, 1, 12),
(14805, 127, 43, 1086, 1, 15),
(14806, 128, 43, 1086, 3, 5),
(14807, 129, 43, 1086, 4, 14),
(14808, 130, 43, 1086, 1, 12),
(14809, 131, 43, 1086, 5, 9),
(14810, 132, 43, 1086, 4, 13),
(14811, 133, 43, 1086, 5, 11),
(14812, 134, 43, 1086, 7, 11),
(14813, 135, 43, 1086, 6, 7),
(14814, 136, 43, 1086, 7, 16),
(14815, 137, 43, 1086, 1, 18),
(14816, 138, 43, 1086, 5, 19),
(14817, 139, 43, 1086, 8, 9),
(14818, 140, 43, 1086, 8, 8),
(14819, 147, 43, 1087, 7, 3),
(14820, 148, 43, 1087, 7, 20),
(14821, 149, 43, 1087, 6, 6),
(14822, 151, 43, 1087, 2, 7),
(14823, 152, 43, 1087, 7, 7),
(14824, 153, 43, 1087, 7, 10),
(14825, 154, 43, 1087, 5, 7),
(14826, 156, 43, 1087, 8, 6),
(14827, 157, 43, 1087, 6, 17),
(14828, 158, 43, 1087, 6, 9),
(14829, 159, 43, 1087, 1, 12),
(14830, 160, 43, 1087, 1, 4),
(14831, 161, 43, 1087, 4, 14),
(14832, 162, 43, 1087, 8, 8),
(14833, 163, 43, 1087, 1, 20),
(14834, 164, 43, 1087, 5, 18),
(14835, 165, 43, 1087, 8, 10),
(14836, 203, 43, 1088, 7, 15),
(14837, 204, 43, 1088, 5, 20),
(14838, 205, 43, 1088, 8, 10),
(14839, 206, 43, 1088, 2, 15),
(14840, 207, 43, 1088, 7, 17),
(14841, 208, 43, 1088, 8, 16),
(14842, 209, 43, 1088, 1, 15),
(14843, 210, 43, 1088, 5, 15),
(14844, 211, 43, 1088, 1, 14),
(14845, 185, 43, 1089, 2, 5),
(14846, 186, 43, 1089, 6, 13),
(14847, 188, 43, 1089, 7, 15),
(14848, 189, 43, 1089, 8, 17),
(14849, 190, 43, 1089, 6, 11),
(14850, 192, 43, 1089, 6, 14),
(14851, 36, 43, 1090, 8, 12),
(14852, 37, 43, 1090, 3, 12),
(14853, 38, 43, 1090, 5, 8),
(14854, 39, 43, 1090, 8, 16),
(14855, 30, 43, 1090, 1, 16),
(14856, 31, 43, 1090, 5, 20),
(14857, 32, 43, 1090, 4, 13),
(14858, 33, 43, 1090, 6, 4),
(14859, 34, 43, 1090, 3, 15),
(14860, 35, 43, 1090, 6, 11),
(14861, 40, 43, 1090, 7, 10),
(14862, 41, 43, 1090, 1, 13),
(14863, 42, 43, 1090, 1, 20),
(14864, 43, 43, 1090, 4, 16),
(14865, 44, 43, 1090, 4, 3),
(14866, 45, 43, 1090, 4, 10),
(14867, 198, 43, 1090, 5, 16),
(14868, 199, 43, 1090, 8, 3),
(14869, 172, 43, 1091, 1, 18),
(14870, 173, 43, 1091, 7, 4),
(14871, 174, 43, 1091, 5, 8),
(14872, 175, 43, 1091, 1, 4),
(14873, 166, 43, 1091, 8, 16),
(14874, 167, 43, 1091, 2, 5),
(14875, 168, 43, 1091, 4, 19),
(14876, 169, 43, 1091, 5, 7),
(14877, 170, 43, 1091, 3, 15),
(14878, 182, 43, 1092, 7, 10),
(14879, 187, 43, 1092, 3, 6),
(14880, 196, 44, 1093, 2, 8),
(14881, 197, 44, 1093, 4, 19),
(14882, 193, 44, 1093, 4, 8),
(14883, 194, 44, 1093, 6, 11),
(14884, 195, 44, 1093, 8, 3),
(14885, 98, 44, 1094, 5, 3),
(14886, 99, 44, 1094, 8, 7),
(14887, 100, 44, 1094, 2, 4),
(14888, 101, 44, 1094, 6, 4),
(14889, 102, 44, 1094, 6, 19),
(14890, 103, 44, 1094, 4, 9),
(14891, 104, 44, 1094, 7, 17),
(14892, 105, 44, 1094, 1, 3),
(14893, 106, 44, 1094, 8, 5),
(14894, 107, 44, 1094, 3, 13),
(14895, 116, 44, 1094, 6, 6),
(14896, 112, 44, 1094, 8, 5),
(14897, 113, 44, 1094, 1, 8),
(14898, 114, 44, 1094, 4, 17),
(14899, 115, 44, 1094, 7, 9),
(14900, 108, 44, 1094, 7, 8),
(14901, 109, 44, 1094, 4, 15),
(14902, 110, 44, 1094, 5, 13),
(14903, 111, 44, 1094, 7, 7),
(14904, 183, 44, 1094, 6, 11),
(14905, 177, 44, 1094, 2, 3),
(14906, 178, 44, 1094, 7, 20),
(14907, 117, 44, 1094, 7, 18),
(14908, 118, 44, 1094, 1, 18),
(14909, 119, 44, 1094, 1, 9),
(14910, 120, 44, 1094, 4, 15),
(14911, 121, 44, 1094, 5, 9),
(14912, 122, 44, 1094, 7, 15),
(14913, 123, 44, 1094, 6, 8),
(14914, 124, 44, 1094, 4, 10),
(14915, 184, 44, 1094, 6, 7),
(14916, 180, 44, 1095, 6, 4),
(14917, 181, 44, 1095, 8, 7),
(14918, 74, 44, 1096, 6, 17),
(14919, 75, 44, 1096, 5, 7),
(14920, 76, 44, 1096, 3, 15),
(14921, 77, 44, 1096, 3, 5),
(14922, 78, 44, 1096, 6, 5),
(14923, 79, 44, 1096, 8, 15),
(14924, 46, 44, 1097, 1, 3),
(14925, 47, 44, 1097, 1, 10),
(14926, 48, 44, 1097, 6, 14),
(14927, 49, 44, 1097, 7, 13),
(14928, 50, 44, 1097, 3, 10),
(14929, 51, 44, 1097, 8, 17),
(14930, 52, 44, 1097, 7, 13),
(14931, 53, 44, 1097, 1, 13),
(14932, 54, 44, 1097, 6, 4),
(14933, 55, 44, 1097, 7, 7),
(14934, 56, 44, 1097, 7, 9),
(14935, 57, 44, 1097, 5, 5),
(14936, 58, 44, 1097, 1, 18),
(14937, 1, 44, 1098, 2, 15),
(14938, 71, 44, 1098, 8, 6),
(14939, 72, 44, 1098, 4, 20),
(14940, 73, 44, 1098, 2, 10),
(14941, 59, 44, 1098, 4, 20),
(14942, 60, 44, 1098, 1, 6),
(14943, 61, 44, 1098, 5, 10),
(14944, 62, 44, 1098, 6, 11),
(14945, 63, 44, 1098, 2, 11),
(14946, 64, 44, 1098, 1, 7),
(14947, 65, 44, 1098, 1, 15),
(14948, 66, 44, 1098, 3, 20),
(14949, 141, 44, 1098, 8, 6),
(14950, 142, 44, 1098, 3, 11),
(14951, 143, 44, 1098, 3, 9),
(14952, 144, 44, 1098, 3, 12),
(14953, 145, 44, 1098, 1, 8),
(14954, 67, 44, 1098, 6, 11),
(14955, 68, 44, 1098, 3, 20),
(14956, 69, 44, 1098, 8, 15),
(14957, 70, 44, 1098, 8, 20),
(14958, 80, 44, 1098, 8, 12),
(14959, 81, 44, 1098, 4, 12),
(14960, 82, 44, 1098, 1, 13),
(14961, 83, 44, 1098, 1, 4),
(14962, 84, 44, 1098, 7, 4),
(14963, 85, 44, 1098, 7, 6),
(14964, 86, 44, 1098, 1, 15),
(14965, 87, 44, 1098, 3, 9),
(14966, 88, 44, 1098, 2, 14),
(14967, 89, 44, 1098, 7, 10),
(14968, 90, 44, 1098, 2, 18),
(14969, 91, 44, 1098, 6, 18),
(14970, 92, 44, 1098, 3, 3),
(14971, 93, 44, 1098, 7, 6),
(14972, 94, 44, 1098, 6, 17),
(14973, 95, 44, 1098, 2, 14),
(14974, 96, 44, 1098, 3, 13),
(14975, 97, 44, 1098, 2, 9),
(14976, 8, 44, 1099, 2, 6),
(14977, 9, 44, 1099, 4, 3),
(14978, 14, 44, 1099, 3, 6),
(14979, 15, 44, 1099, 2, 9),
(14980, 22, 44, 1099, 8, 13),
(14981, 23, 44, 1099, 6, 3),
(14982, 24, 44, 1099, 2, 11),
(14983, 25, 44, 1099, 4, 9),
(14984, 26, 44, 1099, 3, 5),
(14985, 27, 44, 1099, 2, 14),
(14986, 28, 44, 1099, 2, 4),
(14987, 29, 44, 1099, 7, 19),
(14988, 176, 44, 1099, 8, 4),
(14989, 191, 44, 1099, 5, 7),
(14990, 200, 44, 1099, 6, 15),
(14991, 201, 44, 1099, 5, 18),
(14992, 202, 44, 1099, 8, 3),
(14993, 2, 44, 1099, 8, 7),
(14994, 3, 44, 1099, 3, 5),
(14995, 4, 44, 1099, 5, 5),
(14996, 5, 44, 1099, 6, 9),
(14997, 6, 44, 1099, 2, 20),
(14998, 7, 44, 1099, 7, 13),
(14999, 10, 44, 1099, 3, 6),
(15000, 11, 44, 1099, 7, 12),
(15001, 12, 44, 1099, 7, 19),
(15002, 13, 44, 1099, 6, 15),
(15003, 179, 44, 1099, 7, 12),
(15004, 125, 44, 1100, 6, 9),
(15005, 126, 44, 1100, 6, 10),
(15006, 127, 44, 1100, 1, 9),
(15007, 128, 44, 1100, 3, 20),
(15008, 129, 44, 1100, 4, 6),
(15009, 130, 44, 1100, 2, 14),
(15010, 131, 44, 1100, 3, 17),
(15011, 132, 44, 1100, 7, 4),
(15012, 133, 44, 1100, 2, 19),
(15013, 134, 44, 1100, 1, 3),
(15014, 135, 44, 1100, 5, 8),
(15015, 136, 44, 1100, 2, 8),
(15016, 137, 44, 1100, 8, 3),
(15017, 138, 44, 1100, 2, 12),
(15018, 139, 44, 1100, 6, 3),
(15019, 140, 44, 1100, 1, 11),
(15020, 147, 44, 1101, 4, 17),
(15021, 148, 44, 1101, 7, 11),
(15022, 149, 44, 1101, 2, 5),
(15023, 151, 44, 1101, 4, 12),
(15024, 152, 44, 1101, 3, 15),
(15025, 153, 44, 1101, 2, 15),
(15026, 154, 44, 1101, 4, 20),
(15027, 156, 44, 1101, 6, 15),
(15028, 157, 44, 1101, 8, 16),
(15029, 158, 44, 1101, 6, 10),
(15030, 159, 44, 1101, 1, 19),
(15031, 160, 44, 1101, 6, 20),
(15032, 161, 44, 1101, 8, 19),
(15033, 162, 44, 1101, 4, 15),
(15034, 163, 44, 1101, 8, 12),
(15035, 164, 44, 1101, 2, 8),
(15036, 165, 44, 1101, 3, 3),
(15037, 203, 44, 1102, 7, 10),
(15038, 204, 44, 1102, 2, 7),
(15039, 205, 44, 1102, 8, 11),
(15040, 206, 44, 1102, 8, 5),
(15041, 207, 44, 1102, 2, 10),
(15042, 208, 44, 1102, 1, 19),
(15043, 209, 44, 1102, 1, 3),
(15044, 210, 44, 1102, 6, 17),
(15045, 211, 44, 1102, 4, 16),
(15046, 185, 44, 1103, 6, 6),
(15047, 186, 44, 1103, 6, 15),
(15048, 188, 44, 1103, 1, 6),
(15049, 189, 44, 1103, 3, 3),
(15050, 190, 44, 1103, 6, 12),
(15051, 192, 44, 1103, 3, 3),
(15052, 36, 44, 1104, 5, 5),
(15053, 37, 44, 1104, 4, 15),
(15054, 38, 44, 1104, 4, 10),
(15055, 39, 44, 1104, 2, 7),
(15056, 30, 44, 1104, 5, 9),
(15057, 31, 44, 1104, 6, 14),
(15058, 32, 44, 1104, 3, 16),
(15059, 33, 44, 1104, 6, 19),
(15060, 34, 44, 1104, 5, 5),
(15061, 35, 44, 1104, 6, 6),
(15062, 40, 44, 1104, 3, 9),
(15063, 41, 44, 1104, 8, 10),
(15064, 42, 44, 1104, 5, 7),
(15065, 43, 44, 1104, 4, 7),
(15066, 44, 44, 1104, 7, 18),
(15067, 45, 44, 1104, 3, 8),
(15068, 198, 44, 1104, 8, 15),
(15069, 199, 44, 1104, 8, 9),
(15070, 172, 44, 1105, 1, 6),
(15071, 173, 44, 1105, 6, 14),
(15072, 174, 44, 1105, 5, 8),
(15073, 175, 44, 1105, 3, 17),
(15074, 166, 44, 1105, 1, 3),
(15075, 167, 44, 1105, 6, 12),
(15076, 168, 44, 1105, 2, 9),
(15077, 169, 44, 1105, 7, 12),
(15078, 170, 44, 1105, 6, 14),
(15079, 182, 44, 1106, 5, 14),
(15080, 187, 44, 1106, 7, 20),
(15081, 196, 45, 1107, 2, 11),
(15082, 197, 45, 1107, 8, 13),
(15083, 193, 45, 1107, 2, 7),
(15084, 194, 45, 1107, 6, 12),
(15085, 195, 45, 1107, 4, 13),
(15086, 98, 45, 1108, 5, 5),
(15087, 99, 45, 1108, 1, 16),
(15088, 100, 45, 1108, 4, 18),
(15089, 101, 45, 1108, 2, 6),
(15090, 102, 45, 1108, 4, 6),
(15091, 103, 45, 1108, 4, 10),
(15092, 104, 45, 1108, 5, 20),
(15093, 105, 45, 1108, 1, 17),
(15094, 106, 45, 1108, 6, 3),
(15095, 107, 45, 1108, 1, 6),
(15096, 116, 45, 1108, 8, 14),
(15097, 112, 45, 1108, 7, 4),
(15098, 113, 45, 1108, 8, 3),
(15099, 114, 45, 1108, 6, 11),
(15100, 115, 45, 1108, 5, 5),
(15101, 108, 45, 1108, 1, 5),
(15102, 109, 45, 1108, 3, 5),
(15103, 110, 45, 1108, 7, 17),
(15104, 111, 45, 1108, 8, 4),
(15105, 183, 45, 1108, 8, 11),
(15106, 177, 45, 1108, 3, 10),
(15107, 178, 45, 1108, 8, 18),
(15108, 117, 45, 1108, 4, 19),
(15109, 118, 45, 1108, 6, 5),
(15110, 119, 45, 1108, 8, 16),
(15111, 120, 45, 1108, 3, 18),
(15112, 121, 45, 1108, 4, 5),
(15113, 122, 45, 1108, 8, 8),
(15114, 123, 45, 1108, 2, 14),
(15115, 124, 45, 1108, 7, 16),
(15116, 184, 45, 1108, 7, 16),
(15117, 180, 45, 1109, 8, 5),
(15118, 181, 45, 1109, 8, 16),
(15119, 74, 45, 1110, 8, 19),
(15120, 75, 45, 1110, 7, 19),
(15121, 76, 45, 1110, 4, 5),
(15122, 77, 45, 1110, 3, 7),
(15123, 78, 45, 1110, 8, 16),
(15124, 79, 45, 1110, 2, 14),
(15125, 46, 45, 1111, 7, 5),
(15126, 47, 45, 1111, 3, 6),
(15127, 48, 45, 1111, 1, 16),
(15128, 49, 45, 1111, 3, 20),
(15129, 50, 45, 1111, 1, 11),
(15130, 51, 45, 1111, 5, 17),
(15131, 52, 45, 1111, 2, 11),
(15132, 53, 45, 1111, 5, 5),
(15133, 54, 45, 1111, 5, 11),
(15134, 55, 45, 1111, 8, 12),
(15135, 56, 45, 1111, 4, 16),
(15136, 57, 45, 1111, 4, 17),
(15137, 58, 45, 1111, 7, 17),
(15138, 1, 45, 1112, 1, 18),
(15139, 71, 45, 1112, 5, 7),
(15140, 72, 45, 1112, 4, 10),
(15141, 73, 45, 1112, 4, 17),
(15142, 59, 45, 1112, 6, 10),
(15143, 60, 45, 1112, 5, 20),
(15144, 61, 45, 1112, 3, 14),
(15145, 62, 45, 1112, 4, 20),
(15146, 63, 45, 1112, 4, 15),
(15147, 64, 45, 1112, 4, 3),
(15148, 65, 45, 1112, 7, 3),
(15149, 66, 45, 1112, 4, 16),
(15150, 141, 45, 1112, 5, 18),
(15151, 142, 45, 1112, 4, 20),
(15152, 143, 45, 1112, 6, 9),
(15153, 144, 45, 1112, 7, 15),
(15154, 145, 45, 1112, 2, 9),
(15155, 67, 45, 1112, 8, 14),
(15156, 68, 45, 1112, 7, 9),
(15157, 69, 45, 1112, 4, 10),
(15158, 70, 45, 1112, 7, 4),
(15159, 80, 45, 1112, 4, 5),
(15160, 81, 45, 1112, 6, 17),
(15161, 82, 45, 1112, 2, 5),
(15162, 83, 45, 1112, 5, 13),
(15163, 84, 45, 1112, 2, 9),
(15164, 85, 45, 1112, 5, 14),
(15165, 86, 45, 1112, 1, 5),
(15166, 87, 45, 1112, 5, 13),
(15167, 88, 45, 1112, 2, 6),
(15168, 89, 45, 1112, 8, 19),
(15169, 90, 45, 1112, 8, 5),
(15170, 91, 45, 1112, 3, 19),
(15171, 92, 45, 1112, 7, 4),
(15172, 93, 45, 1112, 3, 8),
(15173, 94, 45, 1112, 5, 4),
(15174, 95, 45, 1112, 4, 19),
(15175, 96, 45, 1112, 2, 4),
(15176, 97, 45, 1112, 6, 9),
(15177, 8, 45, 1113, 2, 7),
(15178, 9, 45, 1113, 8, 10),
(15179, 14, 45, 1113, 6, 12),
(15180, 15, 45, 1113, 1, 16),
(15181, 22, 45, 1113, 6, 14),
(15182, 23, 45, 1113, 3, 16),
(15183, 24, 45, 1113, 7, 8),
(15184, 25, 45, 1113, 6, 17),
(15185, 26, 45, 1113, 4, 3),
(15186, 27, 45, 1113, 6, 7),
(15187, 28, 45, 1113, 1, 20),
(15188, 29, 45, 1113, 5, 14),
(15189, 176, 45, 1113, 1, 19),
(15190, 191, 45, 1113, 5, 7),
(15191, 200, 45, 1113, 1, 8),
(15192, 201, 45, 1113, 5, 8),
(15193, 202, 45, 1113, 5, 12),
(15194, 2, 45, 1113, 6, 6),
(15195, 3, 45, 1113, 1, 16),
(15196, 4, 45, 1113, 8, 15),
(15197, 5, 45, 1113, 3, 8),
(15198, 6, 45, 1113, 4, 6),
(15199, 7, 45, 1113, 5, 6),
(15200, 10, 45, 1113, 8, 4),
(15201, 11, 45, 1113, 2, 15),
(15202, 12, 45, 1113, 3, 8),
(15203, 13, 45, 1113, 6, 18),
(15204, 179, 45, 1113, 8, 16),
(15205, 125, 45, 1114, 7, 11),
(15206, 126, 45, 1114, 1, 18),
(15207, 127, 45, 1114, 7, 14),
(15208, 128, 45, 1114, 1, 9),
(15209, 129, 45, 1114, 2, 17),
(15210, 130, 45, 1114, 5, 7),
(15211, 131, 45, 1114, 5, 13),
(15212, 132, 45, 1114, 8, 19),
(15213, 133, 45, 1114, 8, 10),
(15214, 134, 45, 1114, 2, 12),
(15215, 135, 45, 1114, 5, 5),
(15216, 136, 45, 1114, 5, 17),
(15217, 137, 45, 1114, 7, 19),
(15218, 138, 45, 1114, 1, 11),
(15219, 139, 45, 1114, 7, 3),
(15220, 140, 45, 1114, 2, 13),
(15221, 147, 45, 1115, 5, 7),
(15222, 148, 45, 1115, 4, 8),
(15223, 149, 45, 1115, 7, 12),
(15224, 151, 45, 1115, 6, 3),
(15225, 152, 45, 1115, 3, 7),
(15226, 153, 45, 1115, 3, 18),
(15227, 154, 45, 1115, 7, 6),
(15228, 156, 45, 1115, 7, 15),
(15229, 157, 45, 1115, 5, 19),
(15230, 158, 45, 1115, 2, 6),
(15231, 159, 45, 1115, 1, 17),
(15232, 160, 45, 1115, 8, 18),
(15233, 161, 45, 1115, 6, 4),
(15234, 162, 45, 1115, 3, 11),
(15235, 163, 45, 1115, 1, 12),
(15236, 164, 45, 1115, 1, 14),
(15237, 165, 45, 1115, 7, 10),
(15238, 203, 45, 1116, 8, 14),
(15239, 204, 45, 1116, 8, 14),
(15240, 205, 45, 1116, 6, 7),
(15241, 206, 45, 1116, 8, 19),
(15242, 207, 45, 1116, 1, 16),
(15243, 208, 45, 1116, 1, 19),
(15244, 209, 45, 1116, 4, 15),
(15245, 210, 45, 1116, 7, 15),
(15246, 211, 45, 1116, 8, 18),
(15247, 185, 45, 1117, 5, 18),
(15248, 186, 45, 1117, 6, 6),
(15249, 188, 45, 1117, 8, 3),
(15250, 189, 45, 1117, 6, 4),
(15251, 190, 45, 1117, 5, 15),
(15252, 192, 45, 1117, 6, 9),
(15253, 36, 45, 1118, 1, 14),
(15254, 37, 45, 1118, 8, 3),
(15255, 38, 45, 1118, 3, 14),
(15256, 39, 45, 1118, 3, 7),
(15257, 30, 45, 1118, 5, 10),
(15258, 31, 45, 1118, 8, 14),
(15259, 32, 45, 1118, 3, 11),
(15260, 33, 45, 1118, 3, 5),
(15261, 34, 45, 1118, 2, 7),
(15262, 35, 45, 1118, 8, 14),
(15263, 40, 45, 1118, 1, 15),
(15264, 41, 45, 1118, 7, 4),
(15265, 42, 45, 1118, 6, 12),
(15266, 43, 45, 1118, 1, 8),
(15267, 44, 45, 1118, 2, 17),
(15268, 45, 45, 1118, 6, 9),
(15269, 198, 45, 1118, 4, 14),
(15270, 199, 45, 1118, 4, 16),
(15271, 172, 45, 1119, 2, 15),
(15272, 173, 45, 1119, 1, 16),
(15273, 174, 45, 1119, 1, 20),
(15274, 175, 45, 1119, 4, 10),
(15275, 166, 45, 1119, 4, 16),
(15276, 167, 45, 1119, 5, 13),
(15277, 168, 45, 1119, 8, 12),
(15278, 169, 45, 1119, 2, 4),
(15279, 170, 45, 1119, 2, 4),
(15280, 182, 45, 1120, 3, 6),
(15281, 187, 45, 1120, 1, 18),
(15282, 196, 46, 1121, 2, 12),
(15283, 197, 46, 1121, 4, 14),
(15284, 193, 46, 1121, 6, 8),
(15285, 194, 46, 1121, 4, 10),
(15286, 195, 46, 1121, 8, 17),
(15287, 98, 46, 1122, 6, 14),
(15288, 99, 46, 1122, 3, 8),
(15289, 100, 46, 1122, 5, 18),
(15290, 101, 46, 1122, 5, 15),
(15291, 102, 46, 1122, 1, 14),
(15292, 103, 46, 1122, 7, 20),
(15293, 104, 46, 1122, 3, 4),
(15294, 105, 46, 1122, 2, 6),
(15295, 106, 46, 1122, 2, 3),
(15296, 107, 46, 1122, 4, 15),
(15297, 116, 46, 1122, 5, 3),
(15298, 112, 46, 1122, 1, 7),
(15299, 113, 46, 1122, 3, 9),
(15300, 114, 46, 1122, 6, 17),
(15301, 115, 46, 1122, 6, 14),
(15302, 108, 46, 1122, 5, 10),
(15303, 109, 46, 1122, 3, 19),
(15304, 110, 46, 1122, 6, 18),
(15305, 111, 46, 1122, 7, 7),
(15306, 183, 46, 1122, 5, 17),
(15307, 177, 46, 1122, 8, 9),
(15308, 178, 46, 1122, 7, 7),
(15309, 117, 46, 1122, 4, 19),
(15310, 118, 46, 1122, 4, 13),
(15311, 119, 46, 1122, 8, 18),
(15312, 120, 46, 1122, 3, 11),
(15313, 121, 46, 1122, 8, 9),
(15314, 122, 46, 1122, 6, 8),
(15315, 123, 46, 1122, 6, 11),
(15316, 124, 46, 1122, 1, 9),
(15317, 184, 46, 1122, 1, 15),
(15318, 180, 46, 1123, 7, 9),
(15319, 181, 46, 1123, 5, 12),
(15320, 74, 46, 1124, 2, 10),
(15321, 75, 46, 1124, 7, 15),
(15322, 76, 46, 1124, 2, 15),
(15323, 77, 46, 1124, 1, 20),
(15324, 78, 46, 1124, 8, 11),
(15325, 79, 46, 1124, 8, 10),
(15326, 46, 46, 1125, 1, 18),
(15327, 47, 46, 1125, 3, 9),
(15328, 48, 46, 1125, 3, 7),
(15329, 49, 46, 1125, 6, 4),
(15330, 50, 46, 1125, 5, 10),
(15331, 51, 46, 1125, 5, 14),
(15332, 52, 46, 1125, 7, 14),
(15333, 53, 46, 1125, 3, 13),
(15334, 54, 46, 1125, 8, 19),
(15335, 55, 46, 1125, 1, 6),
(15336, 56, 46, 1125, 3, 18),
(15337, 57, 46, 1125, 8, 12),
(15338, 58, 46, 1125, 5, 19),
(15339, 1, 46, 1126, 5, 13),
(15340, 71, 46, 1126, 4, 9),
(15341, 72, 46, 1126, 8, 11),
(15342, 73, 46, 1126, 2, 8),
(15343, 59, 46, 1126, 7, 13),
(15344, 60, 46, 1126, 5, 13),
(15345, 61, 46, 1126, 6, 4),
(15346, 62, 46, 1126, 8, 6),
(15347, 63, 46, 1126, 6, 17),
(15348, 64, 46, 1126, 7, 4),
(15349, 65, 46, 1126, 3, 17),
(15350, 66, 46, 1126, 1, 11),
(15351, 141, 46, 1126, 1, 9),
(15352, 142, 46, 1126, 3, 19),
(15353, 143, 46, 1126, 8, 19),
(15354, 144, 46, 1126, 7, 10),
(15355, 145, 46, 1126, 4, 7),
(15356, 67, 46, 1126, 7, 11),
(15357, 68, 46, 1126, 7, 3),
(15358, 69, 46, 1126, 7, 14),
(15359, 70, 46, 1126, 5, 8),
(15360, 80, 46, 1126, 2, 7),
(15361, 81, 46, 1126, 4, 6),
(15362, 82, 46, 1126, 4, 6),
(15363, 83, 46, 1126, 8, 8),
(15364, 84, 46, 1126, 3, 9),
(15365, 85, 46, 1126, 2, 7),
(15366, 86, 46, 1126, 7, 5),
(15367, 87, 46, 1126, 5, 4),
(15368, 88, 46, 1126, 1, 12),
(15369, 89, 46, 1126, 1, 18),
(15370, 90, 46, 1126, 8, 11),
(15371, 91, 46, 1126, 1, 15),
(15372, 92, 46, 1126, 8, 18),
(15373, 93, 46, 1126, 6, 15),
(15374, 94, 46, 1126, 4, 8),
(15375, 95, 46, 1126, 1, 15),
(15376, 96, 46, 1126, 5, 11),
(15377, 97, 46, 1126, 7, 3),
(15378, 8, 46, 1127, 6, 17),
(15379, 9, 46, 1127, 3, 19),
(15380, 14, 46, 1127, 2, 11),
(15381, 15, 46, 1127, 2, 20),
(15382, 22, 46, 1127, 5, 17),
(15383, 23, 46, 1127, 1, 14),
(15384, 24, 46, 1127, 3, 4),
(15385, 25, 46, 1127, 5, 7),
(15386, 26, 46, 1127, 5, 14),
(15387, 27, 46, 1127, 8, 11),
(15388, 28, 46, 1127, 4, 14),
(15389, 29, 46, 1127, 2, 20),
(15390, 176, 46, 1127, 8, 7),
(15391, 191, 46, 1127, 6, 12),
(15392, 200, 46, 1127, 6, 12),
(15393, 201, 46, 1127, 5, 10),
(15394, 202, 46, 1127, 3, 19),
(15395, 2, 46, 1127, 3, 11),
(15396, 3, 46, 1127, 3, 12),
(15397, 4, 46, 1127, 4, 20),
(15398, 5, 46, 1127, 3, 12),
(15399, 6, 46, 1127, 6, 15),
(15400, 7, 46, 1127, 5, 5),
(15401, 10, 46, 1127, 8, 5),
(15402, 11, 46, 1127, 7, 18),
(15403, 12, 46, 1127, 5, 7),
(15404, 13, 46, 1127, 4, 17),
(15405, 179, 46, 1127, 2, 10),
(15406, 125, 46, 1128, 1, 19),
(15407, 126, 46, 1128, 8, 17),
(15408, 127, 46, 1128, 4, 11),
(15409, 128, 46, 1128, 2, 16),
(15410, 129, 46, 1128, 3, 13),
(15411, 130, 46, 1128, 2, 16),
(15412, 131, 46, 1128, 1, 15),
(15413, 132, 46, 1128, 6, 11),
(15414, 133, 46, 1128, 2, 9),
(15415, 134, 46, 1128, 2, 16),
(15416, 135, 46, 1128, 4, 4),
(15417, 136, 46, 1128, 7, 7),
(15418, 137, 46, 1128, 8, 11),
(15419, 138, 46, 1128, 5, 10),
(15420, 139, 46, 1128, 3, 16),
(15421, 140, 46, 1128, 7, 9),
(15422, 147, 46, 1129, 6, 15),
(15423, 148, 46, 1129, 2, 4),
(15424, 149, 46, 1129, 2, 9),
(15425, 151, 46, 1129, 7, 12),
(15426, 152, 46, 1129, 8, 4),
(15427, 153, 46, 1129, 3, 3),
(15428, 154, 46, 1129, 6, 20),
(15429, 156, 46, 1129, 4, 19),
(15430, 157, 46, 1129, 3, 14),
(15431, 158, 46, 1129, 6, 17),
(15432, 159, 46, 1129, 7, 12),
(15433, 160, 46, 1129, 1, 15),
(15434, 161, 46, 1129, 8, 13),
(15435, 162, 46, 1129, 1, 7),
(15436, 163, 46, 1129, 3, 19),
(15437, 164, 46, 1129, 5, 3),
(15438, 165, 46, 1129, 6, 16),
(15439, 203, 46, 1130, 1, 17),
(15440, 204, 46, 1130, 1, 19),
(15441, 205, 46, 1130, 3, 3),
(15442, 206, 46, 1130, 8, 13),
(15443, 207, 46, 1130, 1, 15),
(15444, 208, 46, 1130, 5, 12),
(15445, 209, 46, 1130, 6, 19),
(15446, 210, 46, 1130, 2, 8),
(15447, 211, 46, 1130, 6, 20),
(15448, 185, 46, 1131, 7, 17),
(15449, 186, 46, 1131, 6, 17),
(15450, 188, 46, 1131, 3, 16),
(15451, 189, 46, 1131, 1, 15),
(15452, 190, 46, 1131, 6, 15),
(15453, 192, 46, 1131, 6, 8),
(15454, 36, 46, 1132, 4, 18),
(15455, 37, 46, 1132, 1, 12),
(15456, 38, 46, 1132, 7, 11),
(15457, 39, 46, 1132, 5, 16),
(15458, 30, 46, 1132, 1, 13),
(15459, 31, 46, 1132, 4, 15),
(15460, 32, 46, 1132, 1, 4),
(15461, 33, 46, 1132, 5, 8),
(15462, 34, 46, 1132, 3, 8),
(15463, 35, 46, 1132, 3, 6),
(15464, 40, 46, 1132, 1, 19),
(15465, 41, 46, 1132, 8, 11),
(15466, 42, 46, 1132, 6, 4),
(15467, 43, 46, 1132, 2, 9),
(15468, 44, 46, 1132, 7, 19),
(15469, 45, 46, 1132, 6, 6),
(15470, 198, 46, 1132, 7, 17),
(15471, 199, 46, 1132, 7, 12),
(15472, 172, 46, 1133, 3, 8),
(15473, 173, 46, 1133, 3, 9),
(15474, 174, 46, 1133, 8, 15),
(15475, 175, 46, 1133, 1, 3),
(15476, 166, 46, 1133, 7, 13),
(15477, 167, 46, 1133, 3, 5),
(15478, 168, 46, 1133, 8, 13),
(15479, 169, 46, 1133, 3, 20),
(15480, 170, 46, 1133, 4, 8),
(15481, 182, 46, 1134, 5, 12),
(15482, 187, 46, 1134, 5, 6),
(15483, 196, 47, 1135, 8, 5),
(15484, 197, 47, 1135, 2, 10),
(15485, 193, 47, 1135, 6, 13),
(15486, 194, 47, 1135, 2, 15),
(15487, 195, 47, 1135, 6, 3),
(15488, 98, 47, 1136, 2, 3),
(15489, 99, 47, 1136, 1, 16),
(15490, 100, 47, 1136, 3, 11),
(15491, 101, 47, 1136, 8, 16),
(15492, 102, 47, 1136, 1, 10),
(15493, 103, 47, 1136, 8, 13),
(15494, 104, 47, 1136, 5, 7),
(15495, 105, 47, 1136, 7, 13),
(15496, 106, 47, 1136, 4, 14),
(15497, 107, 47, 1136, 7, 17),
(15498, 116, 47, 1136, 6, 9),
(15499, 112, 47, 1136, 2, 10),
(15500, 113, 47, 1136, 8, 12),
(15501, 114, 47, 1136, 8, 5),
(15502, 115, 47, 1136, 2, 15),
(15503, 108, 47, 1136, 2, 10),
(15504, 109, 47, 1136, 6, 6),
(15505, 110, 47, 1136, 2, 4),
(15506, 111, 47, 1136, 5, 4),
(15507, 183, 47, 1136, 7, 15),
(15508, 177, 47, 1136, 4, 15),
(15509, 178, 47, 1136, 3, 4),
(15510, 117, 47, 1136, 8, 5),
(15511, 118, 47, 1136, 6, 9),
(15512, 119, 47, 1136, 7, 11),
(15513, 120, 47, 1136, 2, 11),
(15514, 121, 47, 1136, 7, 9),
(15515, 122, 47, 1136, 8, 17),
(15516, 123, 47, 1136, 8, 18),
(15517, 124, 47, 1136, 8, 4),
(15518, 184, 47, 1136, 5, 4),
(15519, 180, 47, 1137, 4, 7),
(15520, 181, 47, 1137, 3, 14),
(15521, 74, 47, 1138, 3, 19),
(15522, 75, 47, 1138, 6, 5),
(15523, 76, 47, 1138, 5, 7),
(15524, 77, 47, 1138, 7, 17),
(15525, 78, 47, 1138, 3, 18),
(15526, 79, 47, 1138, 8, 3),
(15527, 46, 47, 1139, 2, 16),
(15528, 47, 47, 1139, 5, 10),
(15529, 48, 47, 1139, 2, 9),
(15530, 49, 47, 1139, 7, 4),
(15531, 50, 47, 1139, 2, 15),
(15532, 51, 47, 1139, 8, 5),
(15533, 52, 47, 1139, 6, 12),
(15534, 53, 47, 1139, 2, 7),
(15535, 54, 47, 1139, 7, 11),
(15536, 55, 47, 1139, 8, 5),
(15537, 56, 47, 1139, 4, 14),
(15538, 57, 47, 1139, 3, 20),
(15539, 58, 47, 1139, 7, 6),
(15540, 1, 47, 1140, 7, 6),
(15541, 71, 47, 1140, 1, 16),
(15542, 72, 47, 1140, 2, 8),
(15543, 73, 47, 1140, 4, 15),
(15544, 59, 47, 1140, 6, 14),
(15545, 60, 47, 1140, 1, 11),
(15546, 61, 47, 1140, 6, 8),
(15547, 62, 47, 1140, 2, 15),
(15548, 63, 47, 1140, 4, 19),
(15549, 64, 47, 1140, 3, 14),
(15550, 65, 47, 1140, 1, 4),
(15551, 66, 47, 1140, 1, 3),
(15552, 141, 47, 1140, 2, 11),
(15553, 142, 47, 1140, 5, 13),
(15554, 143, 47, 1140, 4, 11),
(15555, 144, 47, 1140, 7, 6),
(15556, 145, 47, 1140, 6, 17),
(15557, 67, 47, 1140, 8, 17),
(15558, 68, 47, 1140, 1, 10),
(15559, 69, 47, 1140, 5, 17),
(15560, 70, 47, 1140, 1, 13),
(15561, 80, 47, 1140, 3, 17),
(15562, 81, 47, 1140, 7, 11),
(15563, 82, 47, 1140, 5, 8),
(15564, 83, 47, 1140, 3, 16),
(15565, 84, 47, 1140, 8, 11),
(15566, 85, 47, 1140, 7, 3),
(15567, 86, 47, 1140, 4, 4),
(15568, 87, 47, 1140, 5, 4),
(15569, 88, 47, 1140, 6, 19),
(15570, 89, 47, 1140, 5, 10),
(15571, 90, 47, 1140, 2, 6),
(15572, 91, 47, 1140, 2, 4),
(15573, 92, 47, 1140, 1, 8),
(15574, 93, 47, 1140, 5, 12),
(15575, 94, 47, 1140, 1, 12),
(15576, 95, 47, 1140, 1, 9),
(15577, 96, 47, 1140, 3, 20),
(15578, 97, 47, 1140, 7, 18),
(15579, 8, 47, 1141, 3, 5),
(15580, 9, 47, 1141, 5, 6),
(15581, 14, 47, 1141, 6, 11),
(15582, 15, 47, 1141, 2, 4),
(15583, 22, 47, 1141, 5, 15),
(15584, 23, 47, 1141, 2, 6),
(15585, 24, 47, 1141, 6, 16),
(15586, 25, 47, 1141, 5, 17),
(15587, 26, 47, 1141, 8, 17),
(15588, 27, 47, 1141, 8, 20),
(15589, 28, 47, 1141, 1, 10),
(15590, 29, 47, 1141, 4, 6),
(15591, 176, 47, 1141, 8, 13),
(15592, 191, 47, 1141, 5, 8),
(15593, 200, 47, 1141, 5, 10),
(15594, 201, 47, 1141, 2, 18),
(15595, 202, 47, 1141, 5, 17),
(15596, 2, 47, 1141, 1, 6),
(15597, 3, 47, 1141, 3, 7),
(15598, 4, 47, 1141, 3, 17),
(15599, 5, 47, 1141, 8, 12),
(15600, 6, 47, 1141, 1, 14),
(15601, 7, 47, 1141, 3, 13),
(15602, 10, 47, 1141, 4, 7),
(15603, 11, 47, 1141, 4, 9),
(15604, 12, 47, 1141, 2, 12),
(15605, 13, 47, 1141, 7, 15),
(15606, 179, 47, 1141, 6, 17),
(15607, 125, 47, 1142, 3, 8),
(15608, 126, 47, 1142, 1, 19),
(15609, 127, 47, 1142, 6, 8),
(15610, 128, 47, 1142, 7, 8),
(15611, 129, 47, 1142, 1, 17),
(15612, 130, 47, 1142, 4, 8),
(15613, 131, 47, 1142, 1, 16),
(15614, 132, 47, 1142, 2, 4),
(15615, 133, 47, 1142, 3, 5),
(15616, 134, 47, 1142, 6, 13),
(15617, 135, 47, 1142, 6, 6),
(15618, 136, 47, 1142, 7, 6),
(15619, 137, 47, 1142, 5, 3),
(15620, 138, 47, 1142, 6, 9),
(15621, 139, 47, 1142, 6, 11),
(15622, 140, 47, 1142, 2, 20),
(15623, 147, 47, 1143, 7, 7),
(15624, 148, 47, 1143, 8, 12),
(15625, 149, 47, 1143, 5, 14),
(15626, 151, 47, 1143, 7, 14),
(15627, 152, 47, 1143, 4, 7),
(15628, 153, 47, 1143, 8, 13),
(15629, 154, 47, 1143, 1, 4),
(15630, 156, 47, 1143, 6, 8),
(15631, 157, 47, 1143, 2, 10),
(15632, 158, 47, 1143, 8, 20),
(15633, 159, 47, 1143, 5, 15),
(15634, 160, 47, 1143, 2, 6),
(15635, 161, 47, 1143, 6, 18),
(15636, 162, 47, 1143, 5, 10),
(15637, 163, 47, 1143, 3, 15),
(15638, 164, 47, 1143, 4, 4),
(15639, 165, 47, 1143, 8, 8),
(15640, 203, 47, 1144, 5, 12),
(15641, 204, 47, 1144, 8, 10),
(15642, 205, 47, 1144, 2, 11),
(15643, 206, 47, 1144, 6, 4),
(15644, 207, 47, 1144, 1, 15),
(15645, 208, 47, 1144, 2, 16),
(15646, 209, 47, 1144, 1, 10),
(15647, 210, 47, 1144, 2, 19),
(15648, 211, 47, 1144, 3, 16),
(15649, 185, 47, 1145, 5, 11),
(15650, 186, 47, 1145, 8, 9),
(15651, 188, 47, 1145, 3, 11),
(15652, 189, 47, 1145, 7, 14),
(15653, 190, 47, 1145, 2, 6),
(15654, 192, 47, 1145, 7, 6),
(15655, 36, 47, 1146, 4, 9),
(15656, 37, 47, 1146, 6, 11),
(15657, 38, 47, 1146, 7, 18),
(15658, 39, 47, 1146, 8, 10),
(15659, 30, 47, 1146, 8, 3),
(15660, 31, 47, 1146, 1, 6),
(15661, 32, 47, 1146, 7, 5),
(15662, 33, 47, 1146, 5, 19),
(15663, 34, 47, 1146, 1, 19),
(15664, 35, 47, 1146, 6, 15),
(15665, 40, 47, 1146, 4, 14),
(15666, 41, 47, 1146, 1, 17),
(15667, 42, 47, 1146, 1, 16),
(15668, 43, 47, 1146, 4, 8),
(15669, 44, 47, 1146, 8, 6),
(15670, 45, 47, 1146, 4, 10),
(15671, 198, 47, 1146, 5, 6),
(15672, 199, 47, 1146, 8, 8),
(15673, 172, 47, 1147, 1, 17),
(15674, 173, 47, 1147, 6, 4),
(15675, 174, 47, 1147, 7, 17),
(15676, 175, 47, 1147, 3, 13),
(15677, 166, 47, 1147, 8, 17),
(15678, 167, 47, 1147, 5, 3),
(15679, 168, 47, 1147, 7, 6),
(15680, 169, 47, 1147, 6, 6),
(15681, 170, 47, 1147, 7, 15),
(15682, 182, 47, 1148, 5, 15),
(15683, 187, 47, 1148, 7, 6),
(15684, 196, 48, 1149, 8, 15),
(15685, 197, 48, 1149, 4, 20),
(15686, 193, 48, 1149, 2, 3),
(15687, 194, 48, 1149, 8, 20),
(15688, 195, 48, 1149, 4, 20),
(15689, 98, 48, 1150, 8, 14),
(15690, 99, 48, 1150, 6, 4),
(15691, 100, 48, 1150, 4, 9),
(15692, 101, 48, 1150, 1, 9),
(15693, 102, 48, 1150, 7, 12),
(15694, 103, 48, 1150, 5, 6),
(15695, 104, 48, 1150, 1, 8),
(15696, 105, 48, 1150, 1, 8),
(15697, 106, 48, 1150, 2, 15),
(15698, 107, 48, 1150, 7, 5),
(15699, 116, 48, 1150, 2, 20),
(15700, 112, 48, 1150, 2, 13),
(15701, 113, 48, 1150, 8, 10),
(15702, 114, 48, 1150, 5, 20),
(15703, 115, 48, 1150, 5, 20),
(15704, 108, 48, 1150, 8, 10),
(15705, 109, 48, 1150, 5, 14),
(15706, 110, 48, 1150, 5, 4),
(15707, 111, 48, 1150, 8, 14),
(15708, 183, 48, 1150, 4, 16),
(15709, 177, 48, 1150, 2, 4),
(15710, 178, 48, 1150, 8, 7),
(15711, 117, 48, 1150, 3, 20),
(15712, 118, 48, 1150, 5, 11),
(15713, 119, 48, 1150, 6, 8),
(15714, 120, 48, 1150, 5, 19),
(15715, 121, 48, 1150, 3, 16),
(15716, 122, 48, 1150, 5, 7),
(15717, 123, 48, 1150, 2, 3),
(15718, 124, 48, 1150, 2, 16),
(15719, 184, 48, 1150, 8, 6),
(15720, 180, 48, 1151, 2, 14),
(15721, 181, 48, 1151, 7, 15),
(15722, 74, 48, 1152, 6, 16),
(15723, 75, 48, 1152, 3, 5),
(15724, 76, 48, 1152, 5, 11),
(15725, 77, 48, 1152, 2, 12),
(15726, 78, 48, 1152, 6, 12),
(15727, 79, 48, 1152, 4, 7),
(15728, 46, 48, 1153, 1, 6),
(15729, 47, 48, 1153, 5, 14),
(15730, 48, 48, 1153, 2, 18),
(15731, 49, 48, 1153, 4, 14),
(15732, 50, 48, 1153, 2, 14),
(15733, 51, 48, 1153, 6, 9),
(15734, 52, 48, 1153, 3, 15),
(15735, 53, 48, 1153, 5, 12),
(15736, 54, 48, 1153, 3, 9),
(15737, 55, 48, 1153, 2, 20),
(15738, 56, 48, 1153, 1, 13),
(15739, 57, 48, 1153, 2, 14),
(15740, 58, 48, 1153, 1, 9),
(15741, 1, 48, 1154, 2, 17),
(15742, 71, 48, 1154, 8, 14),
(15743, 72, 48, 1154, 1, 20),
(15744, 73, 48, 1154, 7, 14),
(15745, 59, 48, 1154, 5, 20),
(15746, 60, 48, 1154, 5, 3),
(15747, 61, 48, 1154, 6, 14),
(15748, 62, 48, 1154, 6, 8),
(15749, 63, 48, 1154, 1, 3),
(15750, 64, 48, 1154, 1, 13),
(15751, 65, 48, 1154, 5, 8),
(15752, 66, 48, 1154, 8, 17),
(15753, 141, 48, 1154, 3, 3),
(15754, 142, 48, 1154, 3, 10),
(15755, 143, 48, 1154, 6, 10),
(15756, 144, 48, 1154, 7, 18),
(15757, 145, 48, 1154, 2, 15),
(15758, 67, 48, 1154, 5, 7),
(15759, 68, 48, 1154, 6, 10),
(15760, 69, 48, 1154, 8, 7),
(15761, 70, 48, 1154, 4, 10),
(15762, 80, 48, 1154, 3, 3),
(15763, 81, 48, 1154, 1, 20),
(15764, 82, 48, 1154, 3, 5),
(15765, 83, 48, 1154, 8, 9),
(15766, 84, 48, 1154, 6, 12),
(15767, 85, 48, 1154, 6, 14),
(15768, 86, 48, 1154, 3, 20),
(15769, 87, 48, 1154, 6, 14),
(15770, 88, 48, 1154, 4, 10),
(15771, 89, 48, 1154, 1, 6),
(15772, 90, 48, 1154, 3, 8),
(15773, 91, 48, 1154, 8, 17),
(15774, 92, 48, 1154, 5, 12),
(15775, 93, 48, 1154, 2, 11),
(15776, 94, 48, 1154, 7, 14),
(15777, 95, 48, 1154, 8, 5),
(15778, 96, 48, 1154, 6, 3),
(15779, 97, 48, 1154, 1, 4),
(15780, 8, 48, 1155, 2, 4),
(15781, 9, 48, 1155, 4, 17),
(15782, 14, 48, 1155, 5, 5),
(15783, 15, 48, 1155, 4, 18),
(15784, 22, 48, 1155, 1, 5),
(15785, 23, 48, 1155, 5, 11),
(15786, 24, 48, 1155, 5, 14),
(15787, 25, 48, 1155, 6, 17),
(15788, 26, 48, 1155, 8, 12),
(15789, 27, 48, 1155, 6, 11),
(15790, 28, 48, 1155, 1, 18),
(15791, 29, 48, 1155, 8, 19),
(15792, 176, 48, 1155, 5, 18),
(15793, 191, 48, 1155, 1, 6),
(15794, 200, 48, 1155, 8, 5),
(15795, 201, 48, 1155, 3, 3),
(15796, 202, 48, 1155, 2, 15),
(15797, 2, 48, 1155, 7, 16),
(15798, 3, 48, 1155, 7, 8),
(15799, 4, 48, 1155, 6, 19),
(15800, 5, 48, 1155, 4, 6),
(15801, 6, 48, 1155, 4, 20),
(15802, 7, 48, 1155, 7, 4),
(15803, 10, 48, 1155, 7, 15),
(15804, 11, 48, 1155, 6, 10),
(15805, 12, 48, 1155, 2, 16),
(15806, 13, 48, 1155, 3, 5),
(15807, 179, 48, 1155, 6, 17),
(15808, 125, 48, 1156, 1, 14),
(15809, 126, 48, 1156, 1, 19),
(15810, 127, 48, 1156, 7, 8),
(15811, 128, 48, 1156, 8, 20),
(15812, 129, 48, 1156, 1, 16),
(15813, 130, 48, 1156, 7, 18),
(15814, 131, 48, 1156, 1, 10),
(15815, 132, 48, 1156, 7, 11),
(15816, 133, 48, 1156, 5, 6),
(15817, 134, 48, 1156, 4, 10),
(15818, 135, 48, 1156, 3, 6),
(15819, 136, 48, 1156, 1, 19),
(15820, 137, 48, 1156, 5, 8),
(15821, 138, 48, 1156, 6, 18),
(15822, 139, 48, 1156, 4, 8),
(15823, 140, 48, 1156, 6, 11),
(15824, 147, 48, 1157, 8, 14),
(15825, 148, 48, 1157, 3, 16),
(15826, 149, 48, 1157, 8, 7),
(15827, 151, 48, 1157, 6, 19),
(15828, 152, 48, 1157, 8, 11),
(15829, 153, 48, 1157, 7, 3),
(15830, 154, 48, 1157, 8, 13),
(15831, 156, 48, 1157, 4, 11),
(15832, 157, 48, 1157, 7, 18),
(15833, 158, 48, 1157, 8, 4),
(15834, 159, 48, 1157, 1, 20),
(15835, 160, 48, 1157, 8, 14),
(15836, 161, 48, 1157, 3, 14),
(15837, 162, 48, 1157, 4, 16),
(15838, 163, 48, 1157, 8, 5),
(15839, 164, 48, 1157, 2, 18),
(15840, 165, 48, 1157, 7, 13),
(15841, 203, 48, 1158, 5, 15),
(15842, 204, 48, 1158, 7, 9),
(15843, 205, 48, 1158, 6, 18),
(15844, 206, 48, 1158, 7, 11),
(15845, 207, 48, 1158, 8, 15),
(15846, 208, 48, 1158, 1, 9),
(15847, 209, 48, 1158, 2, 17),
(15848, 210, 48, 1158, 2, 4),
(15849, 211, 48, 1158, 7, 8),
(15850, 185, 48, 1159, 1, 18),
(15851, 186, 48, 1159, 8, 9),
(15852, 188, 48, 1159, 4, 10),
(15853, 189, 48, 1159, 2, 10),
(15854, 190, 48, 1159, 5, 10),
(15855, 192, 48, 1159, 3, 8),
(15856, 36, 48, 1160, 1, 19),
(15857, 37, 48, 1160, 1, 18),
(15858, 38, 48, 1160, 3, 15),
(15859, 39, 48, 1160, 7, 4),
(15860, 30, 48, 1160, 2, 14),
(15861, 31, 48, 1160, 7, 5),
(15862, 32, 48, 1160, 8, 3),
(15863, 33, 48, 1160, 8, 7),
(15864, 34, 48, 1160, 1, 16),
(15865, 35, 48, 1160, 5, 6),
(15866, 40, 48, 1160, 5, 10),
(15867, 41, 48, 1160, 5, 4),
(15868, 42, 48, 1160, 7, 15),
(15869, 43, 48, 1160, 5, 9),
(15870, 44, 48, 1160, 1, 18),
(15871, 45, 48, 1160, 6, 5),
(15872, 198, 48, 1160, 7, 15),
(15873, 199, 48, 1160, 1, 4),
(15874, 172, 48, 1161, 3, 16),
(15875, 173, 48, 1161, 2, 11),
(15876, 174, 48, 1161, 4, 20),
(15877, 175, 48, 1161, 6, 9),
(15878, 166, 48, 1161, 1, 13),
(15879, 167, 48, 1161, 5, 5),
(15880, 168, 48, 1161, 3, 5),
(15881, 169, 48, 1161, 3, 20),
(15882, 170, 48, 1161, 5, 18),
(15883, 182, 48, 1162, 1, 9),
(15884, 187, 48, 1162, 5, 13),
(15885, 196, 49, 1163, 6, 15),
(15886, 197, 49, 1163, 4, 9),
(15887, 193, 49, 1163, 4, 13),
(15888, 194, 49, 1163, 8, 20),
(15889, 195, 49, 1163, 8, 14),
(15890, 98, 49, 1164, 4, 4),
(15891, 99, 49, 1164, 8, 10),
(15892, 100, 49, 1164, 5, 16),
(15893, 101, 49, 1164, 4, 20),
(15894, 102, 49, 1164, 3, 4),
(15895, 103, 49, 1164, 6, 3),
(15896, 104, 49, 1164, 5, 20),
(15897, 105, 49, 1164, 7, 17),
(15898, 106, 49, 1164, 8, 14),
(15899, 107, 49, 1164, 2, 9),
(15900, 116, 49, 1164, 2, 15),
(15901, 112, 49, 1164, 3, 5),
(15902, 113, 49, 1164, 2, 17),
(15903, 114, 49, 1164, 4, 15),
(15904, 115, 49, 1164, 8, 11),
(15905, 108, 49, 1164, 3, 9),
(15906, 109, 49, 1164, 5, 8),
(15907, 110, 49, 1164, 7, 5),
(15908, 111, 49, 1164, 1, 7),
(15909, 183, 49, 1164, 1, 10),
(15910, 177, 49, 1164, 3, 16),
(15911, 178, 49, 1164, 4, 19),
(15912, 117, 49, 1164, 6, 7),
(15913, 118, 49, 1164, 6, 15),
(15914, 119, 49, 1164, 7, 18),
(15915, 120, 49, 1164, 1, 4),
(15916, 121, 49, 1164, 5, 9),
(15917, 122, 49, 1164, 2, 15),
(15918, 123, 49, 1164, 1, 15),
(15919, 124, 49, 1164, 4, 3),
(15920, 184, 49, 1164, 2, 17),
(15921, 180, 49, 1165, 3, 14),
(15922, 181, 49, 1165, 1, 4),
(15923, 74, 49, 1166, 7, 5),
(15924, 75, 49, 1166, 3, 18),
(15925, 76, 49, 1166, 5, 14),
(15926, 77, 49, 1166, 5, 20),
(15927, 78, 49, 1166, 5, 8),
(15928, 79, 49, 1166, 2, 7),
(15929, 46, 49, 1167, 1, 4),
(15930, 47, 49, 1167, 2, 4),
(15931, 48, 49, 1167, 2, 14),
(15932, 49, 49, 1167, 4, 9),
(15933, 50, 49, 1167, 3, 12),
(15934, 51, 49, 1167, 1, 17),
(15935, 52, 49, 1167, 5, 6),
(15936, 53, 49, 1167, 5, 19),
(15937, 54, 49, 1167, 7, 15),
(15938, 55, 49, 1167, 8, 14),
(15939, 56, 49, 1167, 7, 8),
(15940, 57, 49, 1167, 4, 10),
(15941, 58, 49, 1167, 8, 4),
(15942, 1, 49, 1168, 4, 12),
(15943, 71, 49, 1168, 4, 14),
(15944, 72, 49, 1168, 7, 10),
(15945, 73, 49, 1168, 6, 19),
(15946, 59, 49, 1168, 4, 19),
(15947, 60, 49, 1168, 5, 19),
(15948, 61, 49, 1168, 3, 19),
(15949, 62, 49, 1168, 4, 8),
(15950, 63, 49, 1168, 6, 3),
(15951, 64, 49, 1168, 4, 9),
(15952, 65, 49, 1168, 8, 8),
(15953, 66, 49, 1168, 1, 19),
(15954, 141, 49, 1168, 8, 19),
(15955, 142, 49, 1168, 2, 10),
(15956, 143, 49, 1168, 3, 6),
(15957, 144, 49, 1168, 5, 16),
(15958, 145, 49, 1168, 6, 19),
(15959, 67, 49, 1168, 4, 11),
(15960, 68, 49, 1168, 3, 5),
(15961, 69, 49, 1168, 4, 17),
(15962, 70, 49, 1168, 1, 20),
(15963, 80, 49, 1168, 6, 8),
(15964, 81, 49, 1168, 8, 7),
(15965, 82, 49, 1168, 5, 14),
(15966, 83, 49, 1168, 3, 4),
(15967, 84, 49, 1168, 8, 6),
(15968, 85, 49, 1168, 4, 3),
(15969, 86, 49, 1168, 1, 9),
(15970, 87, 49, 1168, 8, 9),
(15971, 88, 49, 1168, 7, 7),
(15972, 89, 49, 1168, 5, 8),
(15973, 90, 49, 1168, 1, 7),
(15974, 91, 49, 1168, 2, 10),
(15975, 92, 49, 1168, 6, 12),
(15976, 93, 49, 1168, 5, 4),
(15977, 94, 49, 1168, 3, 12),
(15978, 95, 49, 1168, 1, 3),
(15979, 96, 49, 1168, 7, 20),
(15980, 97, 49, 1168, 3, 10),
(15981, 8, 49, 1169, 5, 12),
(15982, 9, 49, 1169, 4, 13),
(15983, 14, 49, 1169, 6, 19),
(15984, 15, 49, 1169, 5, 18),
(15985, 22, 49, 1169, 2, 12),
(15986, 23, 49, 1169, 2, 3),
(15987, 24, 49, 1169, 7, 16),
(15988, 25, 49, 1169, 3, 17),
(15989, 26, 49, 1169, 8, 12),
(15990, 27, 49, 1169, 2, 15),
(15991, 28, 49, 1169, 1, 16),
(15992, 29, 49, 1169, 7, 9),
(15993, 176, 49, 1169, 3, 18),
(15994, 191, 49, 1169, 4, 5),
(15995, 200, 49, 1169, 7, 15),
(15996, 201, 49, 1169, 5, 10),
(15997, 202, 49, 1169, 2, 3),
(15998, 2, 49, 1169, 8, 20),
(15999, 3, 49, 1169, 8, 13),
(16000, 4, 49, 1169, 7, 6),
(16001, 5, 49, 1169, 2, 4),
(16002, 6, 49, 1169, 2, 20),
(16003, 7, 49, 1169, 7, 12),
(16004, 10, 49, 1169, 7, 17),
(16005, 11, 49, 1169, 1, 20),
(16006, 12, 49, 1169, 5, 5),
(16007, 13, 49, 1169, 6, 8),
(16008, 179, 49, 1169, 4, 3),
(16009, 125, 49, 1170, 2, 19),
(16010, 126, 49, 1170, 2, 3),
(16011, 127, 49, 1170, 5, 15),
(16012, 128, 49, 1170, 4, 17),
(16013, 129, 49, 1170, 6, 10),
(16014, 130, 49, 1170, 7, 14);
INSERT INTO `fydp_stocks` (`id`, `product_id`, `store_id`, `aisle_id`, `aisle_position`, `quantity`) VALUES
(16015, 131, 49, 1170, 1, 15),
(16016, 132, 49, 1170, 7, 6),
(16017, 133, 49, 1170, 7, 3),
(16018, 134, 49, 1170, 2, 13),
(16019, 135, 49, 1170, 5, 19),
(16020, 136, 49, 1170, 4, 14),
(16021, 137, 49, 1170, 8, 18),
(16022, 138, 49, 1170, 6, 14),
(16023, 139, 49, 1170, 2, 6),
(16024, 140, 49, 1170, 6, 9),
(16025, 147, 49, 1171, 1, 17),
(16026, 148, 49, 1171, 4, 15),
(16027, 149, 49, 1171, 4, 18),
(16028, 151, 49, 1171, 5, 6),
(16029, 152, 49, 1171, 3, 9),
(16030, 153, 49, 1171, 7, 8),
(16031, 154, 49, 1171, 1, 14),
(16032, 156, 49, 1171, 4, 17),
(16033, 157, 49, 1171, 6, 13),
(16034, 158, 49, 1171, 3, 7),
(16035, 159, 49, 1171, 4, 16),
(16036, 160, 49, 1171, 7, 10),
(16037, 161, 49, 1171, 6, 13),
(16038, 162, 49, 1171, 1, 18),
(16039, 163, 49, 1171, 7, 15),
(16040, 164, 49, 1171, 2, 19),
(16041, 165, 49, 1171, 5, 14),
(16042, 203, 49, 1172, 6, 20),
(16043, 204, 49, 1172, 4, 6),
(16044, 205, 49, 1172, 2, 15),
(16045, 206, 49, 1172, 5, 20),
(16046, 207, 49, 1172, 1, 13),
(16047, 208, 49, 1172, 6, 11),
(16048, 209, 49, 1172, 3, 8),
(16049, 210, 49, 1172, 1, 16),
(16050, 211, 49, 1172, 5, 12),
(16051, 185, 49, 1173, 4, 9),
(16052, 186, 49, 1173, 8, 5),
(16053, 188, 49, 1173, 8, 20),
(16054, 189, 49, 1173, 8, 16),
(16055, 190, 49, 1173, 6, 6),
(16056, 192, 49, 1173, 6, 6),
(16057, 36, 49, 1174, 7, 8),
(16058, 37, 49, 1174, 2, 8),
(16059, 38, 49, 1174, 5, 9),
(16060, 39, 49, 1174, 1, 3),
(16061, 30, 49, 1174, 3, 3),
(16062, 31, 49, 1174, 5, 20),
(16063, 32, 49, 1174, 4, 20),
(16064, 33, 49, 1174, 2, 11),
(16065, 34, 49, 1174, 6, 16),
(16066, 35, 49, 1174, 1, 6),
(16067, 40, 49, 1174, 2, 20),
(16068, 41, 49, 1174, 3, 4),
(16069, 42, 49, 1174, 8, 7),
(16070, 43, 49, 1174, 7, 15),
(16071, 44, 49, 1174, 4, 12),
(16072, 45, 49, 1174, 8, 7),
(16073, 198, 49, 1174, 8, 4),
(16074, 199, 49, 1174, 5, 10),
(16075, 172, 49, 1175, 4, 12),
(16076, 173, 49, 1175, 4, 16),
(16077, 174, 49, 1175, 5, 3),
(16078, 175, 49, 1175, 6, 3),
(16079, 166, 49, 1175, 1, 19),
(16080, 167, 49, 1175, 5, 15),
(16081, 168, 49, 1175, 6, 12),
(16082, 169, 49, 1175, 7, 17),
(16083, 170, 49, 1175, 5, 5),
(16084, 182, 49, 1176, 7, 5),
(16085, 187, 49, 1176, 7, 8),
(16086, 196, 50, 1177, 2, 6),
(16087, 197, 50, 1177, 6, 13),
(16088, 193, 50, 1177, 2, 3),
(16089, 194, 50, 1177, 2, 16),
(16090, 195, 50, 1177, 8, 17),
(16091, 98, 50, 1178, 1, 18),
(16092, 99, 50, 1178, 3, 16),
(16093, 100, 50, 1178, 5, 17),
(16094, 101, 50, 1178, 6, 10),
(16095, 102, 50, 1178, 3, 17),
(16096, 103, 50, 1178, 3, 17),
(16097, 104, 50, 1178, 2, 4),
(16098, 105, 50, 1178, 8, 4),
(16099, 106, 50, 1178, 4, 3),
(16100, 107, 50, 1178, 2, 14),
(16101, 116, 50, 1178, 1, 19),
(16102, 112, 50, 1178, 2, 13),
(16103, 113, 50, 1178, 1, 7),
(16104, 114, 50, 1178, 7, 19),
(16105, 115, 50, 1178, 3, 16),
(16106, 108, 50, 1178, 6, 9),
(16107, 109, 50, 1178, 6, 20),
(16108, 110, 50, 1178, 2, 6),
(16109, 111, 50, 1178, 7, 16),
(16110, 183, 50, 1178, 5, 5),
(16111, 177, 50, 1178, 5, 19),
(16112, 178, 50, 1178, 8, 16),
(16113, 117, 50, 1178, 8, 19),
(16114, 118, 50, 1178, 7, 10),
(16115, 119, 50, 1178, 8, 4),
(16116, 120, 50, 1178, 1, 3),
(16117, 121, 50, 1178, 8, 7),
(16118, 122, 50, 1178, 6, 4),
(16119, 123, 50, 1178, 4, 11),
(16120, 124, 50, 1178, 8, 17),
(16121, 184, 50, 1178, 3, 15),
(16122, 180, 50, 1179, 2, 19),
(16123, 181, 50, 1179, 6, 8),
(16124, 74, 50, 1180, 1, 10),
(16125, 75, 50, 1180, 1, 15),
(16126, 76, 50, 1180, 5, 14),
(16127, 77, 50, 1180, 5, 12),
(16128, 78, 50, 1180, 4, 13),
(16129, 79, 50, 1180, 4, 7),
(16130, 46, 50, 1181, 1, 10),
(16131, 47, 50, 1181, 3, 3),
(16132, 48, 50, 1181, 4, 8),
(16133, 49, 50, 1181, 3, 4),
(16134, 50, 50, 1181, 4, 16),
(16135, 51, 50, 1181, 5, 10),
(16136, 52, 50, 1181, 5, 18),
(16137, 53, 50, 1181, 1, 15),
(16138, 54, 50, 1181, 7, 15),
(16139, 55, 50, 1181, 1, 18),
(16140, 56, 50, 1181, 2, 4),
(16141, 57, 50, 1181, 5, 16),
(16142, 58, 50, 1181, 6, 6),
(16143, 1, 50, 1182, 3, 5),
(16144, 71, 50, 1182, 7, 16),
(16145, 72, 50, 1182, 4, 17),
(16146, 73, 50, 1182, 2, 16),
(16147, 59, 50, 1182, 7, 13),
(16148, 60, 50, 1182, 1, 4),
(16149, 61, 50, 1182, 6, 11),
(16150, 62, 50, 1182, 7, 7),
(16151, 63, 50, 1182, 8, 10),
(16152, 64, 50, 1182, 1, 20),
(16153, 65, 50, 1182, 1, 18),
(16154, 66, 50, 1182, 6, 5),
(16155, 141, 50, 1182, 6, 17),
(16156, 142, 50, 1182, 2, 8),
(16157, 143, 50, 1182, 5, 20),
(16158, 144, 50, 1182, 4, 17),
(16159, 145, 50, 1182, 1, 7),
(16160, 67, 50, 1182, 5, 11),
(16161, 68, 50, 1182, 1, 15),
(16162, 69, 50, 1182, 2, 18),
(16163, 70, 50, 1182, 3, 8),
(16164, 80, 50, 1182, 8, 19),
(16165, 81, 50, 1182, 7, 17),
(16166, 82, 50, 1182, 2, 14),
(16167, 83, 50, 1182, 2, 8),
(16168, 84, 50, 1182, 5, 8),
(16169, 85, 50, 1182, 2, 7),
(16170, 86, 50, 1182, 4, 19),
(16171, 87, 50, 1182, 1, 14),
(16172, 88, 50, 1182, 2, 14),
(16173, 89, 50, 1182, 5, 15),
(16174, 90, 50, 1182, 4, 15),
(16175, 91, 50, 1182, 8, 3),
(16176, 92, 50, 1182, 2, 20),
(16177, 93, 50, 1182, 6, 10),
(16178, 94, 50, 1182, 7, 20),
(16179, 95, 50, 1182, 6, 16),
(16180, 96, 50, 1182, 8, 11),
(16181, 97, 50, 1182, 5, 4),
(16182, 8, 50, 1183, 1, 15),
(16183, 9, 50, 1183, 3, 15),
(16184, 14, 50, 1183, 1, 12),
(16185, 15, 50, 1183, 8, 10),
(16186, 22, 50, 1183, 4, 3),
(16187, 23, 50, 1183, 1, 14),
(16188, 24, 50, 1183, 6, 16),
(16189, 25, 50, 1183, 3, 4),
(16190, 26, 50, 1183, 4, 6),
(16191, 27, 50, 1183, 1, 14),
(16192, 28, 50, 1183, 2, 17),
(16193, 29, 50, 1183, 1, 20),
(16194, 176, 50, 1183, 6, 16),
(16195, 191, 50, 1183, 7, 14),
(16196, 200, 50, 1183, 2, 8),
(16197, 201, 50, 1183, 6, 8),
(16198, 202, 50, 1183, 1, 4),
(16199, 2, 50, 1183, 8, 3),
(16200, 3, 50, 1183, 5, 19),
(16201, 4, 50, 1183, 4, 3),
(16202, 5, 50, 1183, 8, 13),
(16203, 6, 50, 1183, 6, 13),
(16204, 7, 50, 1183, 3, 19),
(16205, 10, 50, 1183, 6, 16),
(16206, 11, 50, 1183, 2, 16),
(16207, 12, 50, 1183, 4, 8),
(16208, 13, 50, 1183, 5, 10),
(16209, 179, 50, 1183, 3, 7),
(16210, 125, 50, 1184, 2, 4),
(16211, 126, 50, 1184, 8, 10),
(16212, 127, 50, 1184, 3, 14),
(16213, 128, 50, 1184, 6, 9),
(16214, 129, 50, 1184, 6, 15),
(16215, 130, 50, 1184, 4, 8),
(16216, 131, 50, 1184, 5, 18),
(16217, 132, 50, 1184, 3, 12),
(16218, 133, 50, 1184, 4, 3),
(16219, 134, 50, 1184, 1, 16),
(16220, 135, 50, 1184, 8, 16),
(16221, 136, 50, 1184, 4, 5),
(16222, 137, 50, 1184, 4, 18),
(16223, 138, 50, 1184, 4, 3),
(16224, 139, 50, 1184, 3, 16),
(16225, 140, 50, 1184, 3, 12),
(16226, 147, 50, 1185, 7, 6),
(16227, 148, 50, 1185, 8, 6),
(16228, 149, 50, 1185, 7, 14),
(16229, 151, 50, 1185, 5, 11),
(16230, 152, 50, 1185, 3, 20),
(16231, 153, 50, 1185, 7, 20),
(16232, 154, 50, 1185, 7, 6),
(16233, 156, 50, 1185, 5, 8),
(16234, 157, 50, 1185, 2, 13),
(16235, 158, 50, 1185, 1, 6),
(16236, 159, 50, 1185, 3, 12),
(16237, 160, 50, 1185, 3, 18),
(16238, 161, 50, 1185, 4, 16),
(16239, 162, 50, 1185, 7, 15),
(16240, 163, 50, 1185, 5, 5),
(16241, 164, 50, 1185, 2, 9),
(16242, 165, 50, 1185, 3, 4),
(16243, 203, 50, 1186, 5, 5),
(16244, 204, 50, 1186, 6, 5),
(16245, 205, 50, 1186, 6, 4),
(16246, 206, 50, 1186, 1, 11),
(16247, 207, 50, 1186, 1, 20),
(16248, 208, 50, 1186, 6, 12),
(16249, 209, 50, 1186, 2, 18),
(16250, 210, 50, 1186, 2, 7),
(16251, 211, 50, 1186, 1, 11),
(16252, 185, 50, 1187, 7, 8),
(16253, 186, 50, 1187, 3, 5),
(16254, 188, 50, 1187, 1, 6),
(16255, 189, 50, 1187, 7, 12),
(16256, 190, 50, 1187, 3, 3),
(16257, 192, 50, 1187, 8, 15),
(16258, 36, 50, 1188, 2, 11),
(16259, 37, 50, 1188, 7, 18),
(16260, 38, 50, 1188, 5, 11),
(16261, 39, 50, 1188, 8, 15),
(16262, 30, 50, 1188, 8, 20),
(16263, 31, 50, 1188, 6, 13),
(16264, 32, 50, 1188, 5, 19),
(16265, 33, 50, 1188, 4, 14),
(16266, 34, 50, 1188, 2, 10),
(16267, 35, 50, 1188, 2, 20),
(16268, 40, 50, 1188, 7, 11),
(16269, 41, 50, 1188, 1, 17),
(16270, 42, 50, 1188, 6, 20),
(16271, 43, 50, 1188, 3, 4),
(16272, 44, 50, 1188, 8, 7),
(16273, 45, 50, 1188, 7, 5),
(16274, 198, 50, 1188, 6, 14),
(16275, 199, 50, 1188, 8, 8),
(16276, 172, 50, 1189, 2, 19),
(16277, 173, 50, 1189, 1, 4),
(16278, 174, 50, 1189, 8, 15),
(16279, 175, 50, 1189, 6, 10),
(16280, 166, 50, 1189, 5, 4),
(16281, 167, 50, 1189, 1, 17),
(16282, 168, 50, 1189, 5, 6),
(16283, 169, 50, 1189, 7, 8),
(16284, 170, 50, 1189, 6, 18),
(16285, 182, 50, 1190, 1, 9),
(16286, 187, 50, 1190, 7, 10),
(16287, 196, 51, 1191, 4, 17),
(16288, 197, 51, 1191, 6, 6),
(16289, 193, 51, 1191, 8, 10),
(16290, 194, 51, 1191, 8, 15),
(16291, 195, 51, 1191, 8, 18),
(16292, 98, 51, 1192, 6, 3),
(16293, 99, 51, 1192, 7, 10),
(16294, 100, 51, 1192, 6, 6),
(16295, 101, 51, 1192, 1, 17),
(16296, 102, 51, 1192, 2, 18),
(16297, 103, 51, 1192, 3, 10),
(16298, 104, 51, 1192, 5, 13),
(16299, 105, 51, 1192, 1, 11),
(16300, 106, 51, 1192, 6, 9),
(16301, 107, 51, 1192, 3, 4),
(16302, 116, 51, 1192, 7, 5),
(16303, 112, 51, 1192, 7, 20),
(16304, 113, 51, 1192, 1, 6),
(16305, 114, 51, 1192, 7, 3),
(16306, 115, 51, 1192, 8, 16),
(16307, 108, 51, 1192, 8, 14),
(16308, 109, 51, 1192, 7, 14),
(16309, 110, 51, 1192, 1, 11),
(16310, 111, 51, 1192, 7, 4),
(16311, 183, 51, 1192, 2, 4),
(16312, 177, 51, 1192, 8, 13),
(16313, 178, 51, 1192, 4, 12),
(16314, 117, 51, 1192, 2, 12),
(16315, 118, 51, 1192, 8, 17),
(16316, 119, 51, 1192, 8, 8),
(16317, 120, 51, 1192, 8, 15),
(16318, 121, 51, 1192, 4, 16),
(16319, 122, 51, 1192, 6, 12),
(16320, 123, 51, 1192, 8, 10),
(16321, 124, 51, 1192, 5, 17),
(16322, 184, 51, 1192, 2, 10),
(16323, 180, 51, 1193, 4, 20),
(16324, 181, 51, 1193, 1, 11),
(16325, 74, 51, 1194, 4, 19),
(16326, 75, 51, 1194, 5, 14),
(16327, 76, 51, 1194, 8, 11),
(16328, 77, 51, 1194, 2, 11),
(16329, 78, 51, 1194, 8, 9),
(16330, 79, 51, 1194, 8, 20),
(16331, 46, 51, 1195, 2, 18),
(16332, 47, 51, 1195, 3, 5),
(16333, 48, 51, 1195, 5, 15),
(16334, 49, 51, 1195, 7, 6),
(16335, 50, 51, 1195, 2, 17),
(16336, 51, 51, 1195, 6, 16),
(16337, 52, 51, 1195, 5, 17),
(16338, 53, 51, 1195, 2, 4),
(16339, 54, 51, 1195, 7, 6),
(16340, 55, 51, 1195, 5, 6),
(16341, 56, 51, 1195, 1, 5),
(16342, 57, 51, 1195, 7, 5),
(16343, 58, 51, 1195, 5, 4),
(16344, 1, 51, 1196, 5, 13),
(16345, 71, 51, 1196, 4, 13),
(16346, 72, 51, 1196, 5, 14),
(16347, 73, 51, 1196, 4, 17),
(16348, 59, 51, 1196, 7, 3),
(16349, 60, 51, 1196, 5, 14),
(16350, 61, 51, 1196, 2, 16),
(16351, 62, 51, 1196, 4, 18),
(16352, 63, 51, 1196, 4, 4),
(16353, 64, 51, 1196, 6, 13),
(16354, 65, 51, 1196, 2, 11),
(16355, 66, 51, 1196, 7, 15),
(16356, 141, 51, 1196, 6, 19),
(16357, 142, 51, 1196, 7, 11),
(16358, 143, 51, 1196, 1, 10),
(16359, 144, 51, 1196, 5, 14),
(16360, 145, 51, 1196, 1, 20),
(16361, 67, 51, 1196, 2, 13),
(16362, 68, 51, 1196, 6, 14),
(16363, 69, 51, 1196, 4, 10),
(16364, 70, 51, 1196, 6, 19),
(16365, 80, 51, 1196, 1, 19),
(16366, 81, 51, 1196, 6, 12),
(16367, 82, 51, 1196, 7, 5),
(16368, 83, 51, 1196, 5, 12),
(16369, 84, 51, 1196, 6, 16),
(16370, 85, 51, 1196, 8, 11),
(16371, 86, 51, 1196, 4, 14),
(16372, 87, 51, 1196, 4, 8),
(16373, 88, 51, 1196, 1, 10),
(16374, 89, 51, 1196, 6, 14),
(16375, 90, 51, 1196, 1, 16),
(16376, 91, 51, 1196, 6, 7),
(16377, 92, 51, 1196, 3, 8),
(16378, 93, 51, 1196, 8, 15),
(16379, 94, 51, 1196, 6, 13),
(16380, 95, 51, 1196, 6, 17),
(16381, 96, 51, 1196, 5, 8),
(16382, 97, 51, 1196, 3, 9),
(16383, 8, 51, 1197, 4, 20),
(16384, 9, 51, 1197, 8, 5),
(16385, 14, 51, 1197, 6, 18),
(16386, 15, 51, 1197, 5, 6),
(16387, 22, 51, 1197, 4, 3),
(16388, 23, 51, 1197, 4, 13),
(16389, 24, 51, 1197, 4, 6),
(16390, 25, 51, 1197, 3, 12),
(16391, 26, 51, 1197, 8, 19),
(16392, 27, 51, 1197, 7, 6),
(16393, 28, 51, 1197, 2, 15),
(16394, 29, 51, 1197, 8, 20),
(16395, 176, 51, 1197, 3, 12),
(16396, 191, 51, 1197, 7, 17),
(16397, 200, 51, 1197, 7, 5),
(16398, 201, 51, 1197, 2, 7),
(16399, 202, 51, 1197, 1, 3),
(16400, 2, 51, 1197, 3, 17),
(16401, 3, 51, 1197, 8, 20),
(16402, 4, 51, 1197, 8, 10),
(16403, 5, 51, 1197, 1, 11),
(16404, 6, 51, 1197, 1, 11),
(16405, 7, 51, 1197, 6, 7),
(16406, 10, 51, 1197, 1, 12),
(16407, 11, 51, 1197, 2, 16),
(16408, 12, 51, 1197, 7, 10),
(16409, 13, 51, 1197, 4, 15),
(16410, 179, 51, 1197, 3, 15),
(16411, 125, 51, 1198, 2, 5),
(16412, 126, 51, 1198, 4, 4),
(16413, 127, 51, 1198, 3, 14),
(16414, 128, 51, 1198, 3, 9),
(16415, 129, 51, 1198, 6, 15),
(16416, 130, 51, 1198, 2, 13),
(16417, 131, 51, 1198, 6, 5),
(16418, 132, 51, 1198, 8, 15),
(16419, 133, 51, 1198, 5, 20),
(16420, 134, 51, 1198, 2, 6),
(16421, 135, 51, 1198, 2, 6),
(16422, 136, 51, 1198, 7, 10),
(16423, 137, 51, 1198, 8, 12),
(16424, 138, 51, 1198, 7, 9),
(16425, 139, 51, 1198, 2, 6),
(16426, 140, 51, 1198, 1, 11),
(16427, 147, 51, 1199, 3, 13),
(16428, 148, 51, 1199, 5, 13),
(16429, 149, 51, 1199, 2, 18),
(16430, 151, 51, 1199, 8, 18),
(16431, 152, 51, 1199, 5, 4),
(16432, 153, 51, 1199, 4, 7),
(16433, 154, 51, 1199, 2, 10),
(16434, 156, 51, 1199, 8, 16),
(16435, 157, 51, 1199, 3, 5),
(16436, 158, 51, 1199, 8, 13),
(16437, 159, 51, 1199, 3, 15),
(16438, 160, 51, 1199, 1, 8),
(16439, 161, 51, 1199, 2, 18),
(16440, 162, 51, 1199, 6, 11),
(16441, 163, 51, 1199, 1, 17),
(16442, 164, 51, 1199, 8, 10),
(16443, 165, 51, 1199, 3, 11),
(16444, 203, 51, 1200, 1, 13),
(16445, 204, 51, 1200, 3, 19),
(16446, 205, 51, 1200, 4, 19),
(16447, 206, 51, 1200, 8, 19),
(16448, 207, 51, 1200, 2, 6),
(16449, 208, 51, 1200, 3, 5),
(16450, 209, 51, 1200, 8, 14),
(16451, 210, 51, 1200, 3, 18),
(16452, 211, 51, 1200, 2, 14),
(16453, 185, 51, 1201, 5, 7),
(16454, 186, 51, 1201, 8, 17),
(16455, 188, 51, 1201, 1, 14),
(16456, 189, 51, 1201, 3, 6),
(16457, 190, 51, 1201, 4, 6),
(16458, 192, 51, 1201, 5, 17),
(16459, 36, 51, 1202, 6, 13),
(16460, 37, 51, 1202, 3, 20),
(16461, 38, 51, 1202, 5, 17),
(16462, 39, 51, 1202, 8, 12),
(16463, 30, 51, 1202, 6, 3),
(16464, 31, 51, 1202, 6, 3),
(16465, 32, 51, 1202, 2, 14),
(16466, 33, 51, 1202, 6, 11),
(16467, 34, 51, 1202, 4, 19),
(16468, 35, 51, 1202, 1, 4),
(16469, 40, 51, 1202, 2, 4),
(16470, 41, 51, 1202, 8, 7),
(16471, 42, 51, 1202, 6, 6),
(16472, 43, 51, 1202, 4, 5),
(16473, 44, 51, 1202, 3, 20),
(16474, 45, 51, 1202, 8, 3),
(16475, 198, 51, 1202, 5, 8),
(16476, 199, 51, 1202, 1, 4),
(16477, 172, 51, 1203, 2, 19),
(16478, 173, 51, 1203, 5, 18),
(16479, 174, 51, 1203, 8, 7),
(16480, 175, 51, 1203, 7, 5),
(16481, 166, 51, 1203, 8, 12),
(16482, 167, 51, 1203, 5, 9),
(16483, 168, 51, 1203, 4, 16),
(16484, 169, 51, 1203, 4, 13),
(16485, 170, 51, 1203, 7, 9),
(16486, 182, 51, 1204, 7, 12),
(16487, 187, 51, 1204, 5, 7),
(16488, 196, 52, 1205, 6, 19),
(16489, 197, 52, 1205, 6, 19),
(16490, 193, 52, 1205, 8, 19),
(16491, 194, 52, 1205, 8, 4),
(16492, 195, 52, 1205, 8, 16),
(16493, 98, 52, 1206, 7, 17),
(16494, 99, 52, 1206, 8, 15),
(16495, 100, 52, 1206, 3, 11),
(16496, 101, 52, 1206, 1, 16),
(16497, 102, 52, 1206, 2, 12),
(16498, 103, 52, 1206, 3, 3),
(16499, 104, 52, 1206, 8, 6),
(16500, 105, 52, 1206, 5, 10),
(16501, 106, 52, 1206, 4, 7),
(16502, 107, 52, 1206, 3, 16),
(16503, 116, 52, 1206, 7, 7),
(16504, 112, 52, 1206, 5, 17),
(16505, 113, 52, 1206, 2, 11),
(16506, 114, 52, 1206, 8, 20),
(16507, 115, 52, 1206, 8, 17),
(16508, 108, 52, 1206, 6, 16),
(16509, 109, 52, 1206, 5, 13),
(16510, 110, 52, 1206, 4, 19),
(16511, 111, 52, 1206, 1, 12),
(16512, 183, 52, 1206, 6, 8),
(16513, 177, 52, 1206, 1, 3),
(16514, 178, 52, 1206, 3, 19),
(16515, 117, 52, 1206, 2, 18),
(16516, 118, 52, 1206, 3, 15),
(16517, 119, 52, 1206, 1, 15),
(16518, 120, 52, 1206, 4, 19),
(16519, 121, 52, 1206, 8, 20),
(16520, 122, 52, 1206, 6, 4),
(16521, 123, 52, 1206, 4, 14),
(16522, 124, 52, 1206, 1, 11),
(16523, 184, 52, 1206, 4, 17),
(16524, 180, 52, 1207, 3, 3),
(16525, 181, 52, 1207, 3, 15),
(16526, 74, 52, 1208, 8, 10),
(16527, 75, 52, 1208, 2, 14),
(16528, 76, 52, 1208, 6, 7),
(16529, 77, 52, 1208, 6, 3),
(16530, 78, 52, 1208, 2, 18),
(16531, 79, 52, 1208, 7, 12),
(16532, 46, 52, 1209, 5, 19),
(16533, 47, 52, 1209, 2, 19),
(16534, 48, 52, 1209, 7, 6),
(16535, 49, 52, 1209, 8, 13),
(16536, 50, 52, 1209, 3, 10),
(16537, 51, 52, 1209, 2, 9),
(16538, 52, 52, 1209, 7, 15),
(16539, 53, 52, 1209, 2, 5),
(16540, 54, 52, 1209, 6, 12),
(16541, 55, 52, 1209, 7, 14),
(16542, 56, 52, 1209, 8, 3),
(16543, 57, 52, 1209, 3, 14),
(16544, 58, 52, 1209, 2, 19),
(16545, 1, 52, 1210, 6, 10),
(16546, 71, 52, 1210, 6, 12),
(16547, 72, 52, 1210, 8, 7),
(16548, 73, 52, 1210, 4, 5),
(16549, 59, 52, 1210, 2, 8),
(16550, 60, 52, 1210, 3, 5),
(16551, 61, 52, 1210, 8, 13),
(16552, 62, 52, 1210, 5, 6),
(16553, 63, 52, 1210, 8, 10),
(16554, 64, 52, 1210, 7, 4),
(16555, 65, 52, 1210, 5, 13),
(16556, 66, 52, 1210, 5, 9),
(16557, 141, 52, 1210, 2, 12),
(16558, 142, 52, 1210, 3, 11),
(16559, 143, 52, 1210, 2, 13),
(16560, 144, 52, 1210, 4, 18),
(16561, 145, 52, 1210, 1, 5),
(16562, 67, 52, 1210, 4, 20),
(16563, 68, 52, 1210, 4, 18),
(16564, 69, 52, 1210, 1, 13),
(16565, 70, 52, 1210, 2, 10),
(16566, 80, 52, 1210, 6, 5),
(16567, 81, 52, 1210, 1, 7),
(16568, 82, 52, 1210, 3, 20),
(16569, 83, 52, 1210, 6, 5),
(16570, 84, 52, 1210, 1, 6),
(16571, 85, 52, 1210, 6, 14),
(16572, 86, 52, 1210, 5, 19),
(16573, 87, 52, 1210, 2, 18),
(16574, 88, 52, 1210, 4, 9),
(16575, 89, 52, 1210, 4, 17),
(16576, 90, 52, 1210, 2, 11),
(16577, 91, 52, 1210, 8, 14),
(16578, 92, 52, 1210, 4, 8),
(16579, 93, 52, 1210, 5, 12),
(16580, 94, 52, 1210, 8, 15),
(16581, 95, 52, 1210, 8, 14),
(16582, 96, 52, 1210, 7, 20),
(16583, 97, 52, 1210, 8, 5),
(16584, 8, 52, 1211, 8, 13),
(16585, 9, 52, 1211, 3, 3),
(16586, 14, 52, 1211, 6, 20),
(16587, 15, 52, 1211, 6, 7),
(16588, 22, 52, 1211, 8, 18),
(16589, 23, 52, 1211, 2, 8),
(16590, 24, 52, 1211, 2, 13),
(16591, 25, 52, 1211, 1, 11),
(16592, 26, 52, 1211, 1, 20),
(16593, 27, 52, 1211, 1, 12),
(16594, 28, 52, 1211, 3, 14),
(16595, 29, 52, 1211, 1, 6),
(16596, 176, 52, 1211, 3, 3),
(16597, 191, 52, 1211, 7, 6),
(16598, 200, 52, 1211, 1, 17),
(16599, 201, 52, 1211, 3, 3),
(16600, 202, 52, 1211, 3, 13),
(16601, 2, 52, 1211, 1, 4),
(16602, 3, 52, 1211, 5, 16),
(16603, 4, 52, 1211, 3, 11),
(16604, 5, 52, 1211, 6, 11),
(16605, 6, 52, 1211, 7, 18),
(16606, 7, 52, 1211, 1, 18),
(16607, 10, 52, 1211, 3, 5),
(16608, 11, 52, 1211, 7, 11),
(16609, 12, 52, 1211, 6, 5),
(16610, 13, 52, 1211, 1, 16),
(16611, 179, 52, 1211, 3, 11),
(16612, 125, 52, 1212, 6, 6),
(16613, 126, 52, 1212, 6, 16),
(16614, 127, 52, 1212, 8, 20),
(16615, 128, 52, 1212, 7, 9),
(16616, 129, 52, 1212, 5, 17),
(16617, 130, 52, 1212, 4, 5),
(16618, 131, 52, 1212, 5, 17),
(16619, 132, 52, 1212, 6, 6),
(16620, 133, 52, 1212, 3, 9),
(16621, 134, 52, 1212, 1, 9),
(16622, 135, 52, 1212, 2, 11),
(16623, 136, 52, 1212, 5, 3),
(16624, 137, 52, 1212, 8, 6),
(16625, 138, 52, 1212, 2, 3),
(16626, 139, 52, 1212, 8, 12),
(16627, 140, 52, 1212, 5, 15),
(16628, 147, 52, 1213, 6, 5),
(16629, 148, 52, 1213, 4, 16),
(16630, 149, 52, 1213, 2, 7),
(16631, 151, 52, 1213, 1, 15),
(16632, 152, 52, 1213, 1, 12),
(16633, 153, 52, 1213, 7, 14),
(16634, 154, 52, 1213, 3, 11),
(16635, 156, 52, 1213, 7, 14),
(16636, 157, 52, 1213, 8, 19),
(16637, 158, 52, 1213, 1, 4),
(16638, 159, 52, 1213, 4, 12),
(16639, 160, 52, 1213, 2, 8),
(16640, 161, 52, 1213, 7, 8),
(16641, 162, 52, 1213, 3, 15),
(16642, 163, 52, 1213, 7, 18),
(16643, 164, 52, 1213, 4, 13),
(16644, 165, 52, 1213, 1, 18),
(16645, 203, 52, 1214, 3, 5),
(16646, 204, 52, 1214, 1, 9),
(16647, 205, 52, 1214, 7, 5),
(16648, 206, 52, 1214, 8, 15),
(16649, 207, 52, 1214, 6, 7),
(16650, 208, 52, 1214, 2, 13),
(16651, 209, 52, 1214, 7, 4),
(16652, 210, 52, 1214, 5, 18),
(16653, 211, 52, 1214, 2, 18),
(16654, 185, 52, 1215, 4, 8),
(16655, 186, 52, 1215, 2, 5),
(16656, 188, 52, 1215, 6, 13),
(16657, 189, 52, 1215, 7, 11),
(16658, 190, 52, 1215, 4, 7),
(16659, 192, 52, 1215, 1, 10),
(16660, 36, 52, 1216, 1, 9),
(16661, 37, 52, 1216, 5, 6),
(16662, 38, 52, 1216, 6, 10),
(16663, 39, 52, 1216, 3, 13),
(16664, 30, 52, 1216, 1, 3),
(16665, 31, 52, 1216, 7, 8),
(16666, 32, 52, 1216, 5, 15),
(16667, 33, 52, 1216, 4, 5),
(16668, 34, 52, 1216, 5, 12),
(16669, 35, 52, 1216, 1, 19),
(16670, 40, 52, 1216, 7, 6),
(16671, 41, 52, 1216, 1, 12),
(16672, 42, 52, 1216, 7, 19),
(16673, 43, 52, 1216, 1, 6),
(16674, 44, 52, 1216, 2, 4),
(16675, 45, 52, 1216, 5, 7),
(16676, 198, 52, 1216, 4, 6),
(16677, 199, 52, 1216, 4, 5),
(16678, 172, 52, 1217, 5, 16),
(16679, 173, 52, 1217, 6, 15),
(16680, 174, 52, 1217, 7, 13),
(16681, 175, 52, 1217, 1, 10),
(16682, 166, 52, 1217, 3, 10),
(16683, 167, 52, 1217, 5, 17),
(16684, 168, 52, 1217, 8, 12),
(16685, 169, 52, 1217, 6, 17),
(16686, 170, 52, 1217, 6, 18),
(16687, 182, 52, 1218, 3, 11),
(16688, 187, 52, 1218, 7, 9),
(16689, 196, 53, 1219, 6, 20),
(16690, 197, 53, 1219, 4, 7),
(16691, 193, 53, 1219, 2, 17),
(16692, 194, 53, 1219, 4, 15),
(16693, 195, 53, 1219, 8, 3),
(16694, 98, 53, 1220, 4, 14),
(16695, 99, 53, 1220, 6, 6),
(16696, 100, 53, 1220, 2, 16),
(16697, 101, 53, 1220, 5, 11),
(16698, 102, 53, 1220, 1, 5),
(16699, 103, 53, 1220, 3, 4),
(16700, 104, 53, 1220, 6, 3),
(16701, 105, 53, 1220, 8, 9),
(16702, 106, 53, 1220, 7, 6),
(16703, 107, 53, 1220, 7, 14),
(16704, 116, 53, 1220, 5, 12),
(16705, 112, 53, 1220, 5, 20),
(16706, 113, 53, 1220, 7, 17),
(16707, 114, 53, 1220, 7, 7),
(16708, 115, 53, 1220, 4, 15),
(16709, 108, 53, 1220, 3, 19),
(16710, 109, 53, 1220, 3, 20),
(16711, 110, 53, 1220, 2, 13),
(16712, 111, 53, 1220, 6, 16),
(16713, 183, 53, 1220, 1, 18),
(16714, 177, 53, 1220, 8, 8),
(16715, 178, 53, 1220, 8, 12),
(16716, 117, 53, 1220, 3, 17),
(16717, 118, 53, 1220, 8, 6),
(16718, 119, 53, 1220, 8, 16),
(16719, 120, 53, 1220, 7, 12),
(16720, 121, 53, 1220, 3, 10),
(16721, 122, 53, 1220, 5, 3),
(16722, 123, 53, 1220, 2, 7),
(16723, 124, 53, 1220, 3, 15),
(16724, 184, 53, 1220, 8, 12),
(16725, 180, 53, 1221, 6, 8),
(16726, 181, 53, 1221, 5, 17),
(16727, 74, 53, 1222, 8, 7),
(16728, 75, 53, 1222, 5, 19),
(16729, 76, 53, 1222, 1, 10),
(16730, 77, 53, 1222, 3, 20),
(16731, 78, 53, 1222, 8, 13),
(16732, 79, 53, 1222, 7, 18),
(16733, 46, 53, 1223, 7, 16),
(16734, 47, 53, 1223, 5, 14),
(16735, 48, 53, 1223, 3, 18),
(16736, 49, 53, 1223, 1, 17),
(16737, 50, 53, 1223, 8, 8),
(16738, 51, 53, 1223, 1, 6),
(16739, 52, 53, 1223, 8, 3),
(16740, 53, 53, 1223, 6, 14),
(16741, 54, 53, 1223, 3, 7),
(16742, 55, 53, 1223, 4, 7),
(16743, 56, 53, 1223, 4, 20),
(16744, 57, 53, 1223, 2, 12),
(16745, 58, 53, 1223, 4, 10),
(16746, 1, 53, 1224, 5, 10),
(16747, 71, 53, 1224, 1, 8),
(16748, 72, 53, 1224, 3, 17),
(16749, 73, 53, 1224, 1, 18),
(16750, 59, 53, 1224, 4, 9),
(16751, 60, 53, 1224, 7, 12),
(16752, 61, 53, 1224, 2, 15),
(16753, 62, 53, 1224, 7, 6),
(16754, 63, 53, 1224, 8, 17),
(16755, 64, 53, 1224, 3, 14),
(16756, 65, 53, 1224, 4, 13),
(16757, 66, 53, 1224, 7, 18),
(16758, 141, 53, 1224, 7, 9),
(16759, 142, 53, 1224, 7, 3),
(16760, 143, 53, 1224, 8, 7),
(16761, 144, 53, 1224, 4, 10),
(16762, 145, 53, 1224, 6, 10),
(16763, 67, 53, 1224, 6, 19),
(16764, 68, 53, 1224, 2, 16),
(16765, 69, 53, 1224, 7, 15),
(16766, 70, 53, 1224, 1, 13),
(16767, 80, 53, 1224, 2, 7),
(16768, 81, 53, 1224, 3, 20),
(16769, 82, 53, 1224, 4, 5),
(16770, 83, 53, 1224, 7, 16),
(16771, 84, 53, 1224, 7, 6),
(16772, 85, 53, 1224, 3, 14),
(16773, 86, 53, 1224, 1, 6),
(16774, 87, 53, 1224, 8, 19),
(16775, 88, 53, 1224, 2, 19),
(16776, 89, 53, 1224, 2, 14),
(16777, 90, 53, 1224, 3, 17),
(16778, 91, 53, 1224, 1, 4),
(16779, 92, 53, 1224, 6, 8),
(16780, 93, 53, 1224, 7, 12),
(16781, 94, 53, 1224, 8, 20),
(16782, 95, 53, 1224, 1, 6),
(16783, 96, 53, 1224, 2, 8),
(16784, 97, 53, 1224, 2, 15),
(16785, 8, 53, 1225, 4, 20),
(16786, 9, 53, 1225, 4, 6),
(16787, 14, 53, 1225, 2, 17),
(16788, 15, 53, 1225, 7, 6),
(16789, 22, 53, 1225, 1, 18),
(16790, 23, 53, 1225, 1, 6),
(16791, 24, 53, 1225, 6, 7),
(16792, 25, 53, 1225, 7, 4),
(16793, 26, 53, 1225, 1, 18),
(16794, 27, 53, 1225, 1, 16),
(16795, 28, 53, 1225, 2, 20),
(16796, 29, 53, 1225, 3, 5),
(16797, 176, 53, 1225, 8, 9),
(16798, 191, 53, 1225, 3, 4),
(16799, 200, 53, 1225, 6, 12),
(16800, 201, 53, 1225, 7, 5),
(16801, 202, 53, 1225, 4, 7),
(16802, 2, 53, 1225, 3, 14),
(16803, 3, 53, 1225, 1, 6),
(16804, 4, 53, 1225, 7, 4),
(16805, 5, 53, 1225, 1, 19),
(16806, 6, 53, 1225, 3, 16),
(16807, 7, 53, 1225, 2, 4),
(16808, 10, 53, 1225, 7, 7),
(16809, 11, 53, 1225, 8, 19),
(16810, 12, 53, 1225, 8, 5),
(16811, 13, 53, 1225, 8, 7),
(16812, 179, 53, 1225, 3, 17),
(16813, 125, 53, 1226, 5, 14),
(16814, 126, 53, 1226, 8, 7),
(16815, 127, 53, 1226, 2, 15),
(16816, 128, 53, 1226, 4, 13),
(16817, 129, 53, 1226, 8, 16),
(16818, 130, 53, 1226, 2, 3),
(16819, 131, 53, 1226, 8, 3),
(16820, 132, 53, 1226, 1, 20),
(16821, 133, 53, 1226, 8, 10),
(16822, 134, 53, 1226, 6, 5),
(16823, 135, 53, 1226, 4, 12),
(16824, 136, 53, 1226, 4, 11),
(16825, 137, 53, 1226, 4, 10),
(16826, 138, 53, 1226, 5, 9),
(16827, 139, 53, 1226, 6, 18),
(16828, 140, 53, 1226, 2, 7),
(16829, 147, 53, 1227, 4, 3),
(16830, 148, 53, 1227, 5, 14),
(16831, 149, 53, 1227, 7, 19),
(16832, 151, 53, 1227, 2, 16),
(16833, 152, 53, 1227, 6, 10),
(16834, 153, 53, 1227, 7, 13),
(16835, 154, 53, 1227, 4, 19),
(16836, 156, 53, 1227, 5, 11),
(16837, 157, 53, 1227, 3, 7),
(16838, 158, 53, 1227, 5, 16),
(16839, 159, 53, 1227, 7, 20),
(16840, 160, 53, 1227, 2, 7),
(16841, 161, 53, 1227, 4, 17),
(16842, 162, 53, 1227, 6, 3),
(16843, 163, 53, 1227, 6, 17),
(16844, 164, 53, 1227, 3, 5),
(16845, 165, 53, 1227, 7, 17),
(16846, 203, 53, 1228, 6, 13),
(16847, 204, 53, 1228, 6, 20),
(16848, 205, 53, 1228, 3, 9),
(16849, 206, 53, 1228, 4, 4),
(16850, 207, 53, 1228, 8, 18),
(16851, 208, 53, 1228, 8, 10),
(16852, 209, 53, 1228, 3, 8),
(16853, 210, 53, 1228, 6, 19),
(16854, 211, 53, 1228, 1, 11),
(16855, 185, 53, 1229, 8, 7),
(16856, 186, 53, 1229, 6, 8),
(16857, 188, 53, 1229, 1, 9),
(16858, 189, 53, 1229, 3, 15),
(16859, 190, 53, 1229, 2, 14),
(16860, 192, 53, 1229, 7, 3),
(16861, 36, 53, 1230, 4, 13),
(16862, 37, 53, 1230, 5, 6),
(16863, 38, 53, 1230, 5, 19),
(16864, 39, 53, 1230, 5, 19),
(16865, 30, 53, 1230, 1, 11),
(16866, 31, 53, 1230, 7, 3),
(16867, 32, 53, 1230, 8, 5),
(16868, 33, 53, 1230, 3, 13),
(16869, 34, 53, 1230, 1, 9),
(16870, 35, 53, 1230, 1, 20),
(16871, 40, 53, 1230, 6, 16),
(16872, 41, 53, 1230, 3, 15),
(16873, 42, 53, 1230, 2, 13),
(16874, 43, 53, 1230, 4, 8),
(16875, 44, 53, 1230, 2, 7),
(16876, 45, 53, 1230, 3, 15),
(16877, 198, 53, 1230, 7, 20),
(16878, 199, 53, 1230, 8, 9),
(16879, 172, 53, 1231, 8, 10),
(16880, 173, 53, 1231, 3, 20),
(16881, 174, 53, 1231, 8, 5),
(16882, 175, 53, 1231, 8, 17),
(16883, 166, 53, 1231, 3, 8),
(16884, 167, 53, 1231, 3, 8),
(16885, 168, 53, 1231, 6, 10),
(16886, 169, 53, 1231, 3, 7),
(16887, 170, 53, 1231, 2, 13),
(16888, 182, 53, 1232, 3, 6),
(16889, 187, 53, 1232, 3, 14),
(16890, 196, 54, 1233, 4, 14),
(16891, 197, 54, 1233, 4, 20),
(16892, 193, 54, 1233, 8, 10),
(16893, 194, 54, 1233, 2, 18),
(16894, 195, 54, 1233, 2, 13),
(16895, 98, 54, 1234, 1, 11),
(16896, 99, 54, 1234, 8, 16),
(16897, 100, 54, 1234, 8, 7),
(16898, 101, 54, 1234, 8, 4),
(16899, 102, 54, 1234, 7, 19),
(16900, 103, 54, 1234, 4, 20),
(16901, 104, 54, 1234, 3, 3),
(16902, 105, 54, 1234, 4, 19),
(16903, 106, 54, 1234, 1, 12),
(16904, 107, 54, 1234, 4, 3),
(16905, 116, 54, 1234, 5, 7),
(16906, 112, 54, 1234, 8, 19),
(16907, 113, 54, 1234, 4, 16),
(16908, 114, 54, 1234, 3, 15),
(16909, 115, 54, 1234, 5, 10),
(16910, 108, 54, 1234, 3, 14),
(16911, 109, 54, 1234, 8, 7),
(16912, 110, 54, 1234, 4, 17),
(16913, 111, 54, 1234, 4, 9),
(16914, 183, 54, 1234, 7, 7),
(16915, 177, 54, 1234, 3, 7),
(16916, 178, 54, 1234, 2, 14),
(16917, 117, 54, 1234, 3, 13),
(16918, 118, 54, 1234, 5, 9),
(16919, 119, 54, 1234, 1, 19),
(16920, 120, 54, 1234, 3, 13),
(16921, 121, 54, 1234, 2, 8),
(16922, 122, 54, 1234, 5, 12),
(16923, 123, 54, 1234, 1, 17),
(16924, 124, 54, 1234, 2, 13),
(16925, 184, 54, 1234, 2, 12),
(16926, 180, 54, 1235, 3, 4),
(16927, 181, 54, 1235, 7, 14),
(16928, 74, 54, 1236, 8, 6),
(16929, 75, 54, 1236, 8, 16),
(16930, 76, 54, 1236, 4, 8),
(16931, 77, 54, 1236, 8, 14),
(16932, 78, 54, 1236, 8, 8),
(16933, 79, 54, 1236, 2, 11),
(16934, 46, 54, 1237, 6, 9),
(16935, 47, 54, 1237, 3, 3),
(16936, 48, 54, 1237, 8, 12),
(16937, 49, 54, 1237, 3, 11),
(16938, 50, 54, 1237, 1, 8),
(16939, 51, 54, 1237, 3, 8),
(16940, 52, 54, 1237, 8, 11),
(16941, 53, 54, 1237, 7, 6),
(16942, 54, 54, 1237, 5, 13),
(16943, 55, 54, 1237, 7, 11),
(16944, 56, 54, 1237, 7, 17),
(16945, 57, 54, 1237, 2, 7),
(16946, 58, 54, 1237, 1, 6),
(16947, 1, 54, 1238, 8, 3),
(16948, 71, 54, 1238, 4, 5),
(16949, 72, 54, 1238, 4, 5),
(16950, 73, 54, 1238, 4, 17),
(16951, 59, 54, 1238, 2, 10),
(16952, 60, 54, 1238, 3, 10),
(16953, 61, 54, 1238, 8, 9),
(16954, 62, 54, 1238, 7, 6),
(16955, 63, 54, 1238, 6, 15),
(16956, 64, 54, 1238, 6, 11),
(16957, 65, 54, 1238, 7, 7),
(16958, 66, 54, 1238, 1, 15),
(16959, 141, 54, 1238, 6, 18),
(16960, 142, 54, 1238, 4, 19),
(16961, 143, 54, 1238, 1, 13),
(16962, 144, 54, 1238, 1, 3),
(16963, 145, 54, 1238, 5, 13),
(16964, 67, 54, 1238, 2, 3),
(16965, 68, 54, 1238, 6, 14),
(16966, 69, 54, 1238, 7, 17),
(16967, 70, 54, 1238, 1, 6),
(16968, 80, 54, 1238, 3, 20),
(16969, 81, 54, 1238, 5, 3),
(16970, 82, 54, 1238, 2, 6),
(16971, 83, 54, 1238, 6, 18),
(16972, 84, 54, 1238, 6, 13),
(16973, 85, 54, 1238, 1, 15),
(16974, 86, 54, 1238, 2, 17),
(16975, 87, 54, 1238, 5, 15),
(16976, 88, 54, 1238, 6, 14),
(16977, 89, 54, 1238, 3, 17),
(16978, 90, 54, 1238, 6, 18),
(16979, 91, 54, 1238, 4, 17),
(16980, 92, 54, 1238, 8, 4),
(16981, 93, 54, 1238, 4, 16),
(16982, 94, 54, 1238, 8, 12),
(16983, 95, 54, 1238, 8, 6),
(16984, 96, 54, 1238, 5, 11),
(16985, 97, 54, 1238, 2, 15),
(16986, 8, 54, 1239, 6, 19),
(16987, 9, 54, 1239, 5, 8),
(16988, 14, 54, 1239, 4, 14),
(16989, 15, 54, 1239, 8, 16),
(16990, 22, 54, 1239, 4, 12),
(16991, 23, 54, 1239, 4, 6),
(16992, 24, 54, 1239, 2, 16),
(16993, 25, 54, 1239, 8, 18),
(16994, 26, 54, 1239, 5, 9),
(16995, 27, 54, 1239, 6, 11),
(16996, 28, 54, 1239, 4, 4),
(16997, 29, 54, 1239, 3, 9),
(16998, 176, 54, 1239, 6, 6),
(16999, 191, 54, 1239, 5, 5),
(17000, 200, 54, 1239, 6, 16),
(17001, 201, 54, 1239, 7, 8),
(17002, 202, 54, 1239, 6, 10),
(17003, 2, 54, 1239, 6, 5),
(17004, 3, 54, 1239, 1, 14),
(17005, 4, 54, 1239, 8, 12),
(17006, 5, 54, 1239, 2, 8),
(17007, 6, 54, 1239, 6, 9),
(17008, 7, 54, 1239, 1, 15),
(17009, 10, 54, 1239, 2, 14),
(17010, 11, 54, 1239, 1, 18),
(17011, 12, 54, 1239, 2, 12),
(17012, 13, 54, 1239, 8, 9),
(17013, 179, 54, 1239, 8, 12),
(17014, 125, 54, 1240, 5, 11),
(17015, 126, 54, 1240, 6, 7),
(17016, 127, 54, 1240, 2, 12),
(17017, 128, 54, 1240, 5, 19),
(17018, 129, 54, 1240, 8, 6),
(17019, 130, 54, 1240, 1, 20),
(17020, 131, 54, 1240, 7, 19),
(17021, 132, 54, 1240, 4, 3),
(17022, 133, 54, 1240, 3, 6),
(17023, 134, 54, 1240, 4, 8),
(17024, 135, 54, 1240, 7, 13),
(17025, 136, 54, 1240, 8, 19),
(17026, 137, 54, 1240, 4, 4),
(17027, 138, 54, 1240, 4, 9),
(17028, 139, 54, 1240, 4, 8),
(17029, 140, 54, 1240, 8, 3),
(17030, 147, 54, 1241, 7, 14),
(17031, 148, 54, 1241, 3, 3),
(17032, 149, 54, 1241, 2, 18),
(17033, 151, 54, 1241, 8, 4),
(17034, 152, 54, 1241, 1, 20),
(17035, 153, 54, 1241, 1, 19),
(17036, 154, 54, 1241, 8, 12),
(17037, 156, 54, 1241, 8, 5),
(17038, 157, 54, 1241, 6, 8),
(17039, 158, 54, 1241, 4, 13),
(17040, 159, 54, 1241, 8, 9),
(17041, 160, 54, 1241, 4, 9),
(17042, 161, 54, 1241, 4, 19),
(17043, 162, 54, 1241, 6, 18),
(17044, 163, 54, 1241, 2, 14),
(17045, 164, 54, 1241, 8, 20),
(17046, 165, 54, 1241, 2, 5),
(17047, 203, 54, 1242, 1, 9),
(17048, 204, 54, 1242, 8, 19),
(17049, 205, 54, 1242, 4, 3),
(17050, 206, 54, 1242, 8, 12),
(17051, 207, 54, 1242, 8, 17),
(17052, 208, 54, 1242, 1, 19),
(17053, 209, 54, 1242, 8, 17),
(17054, 210, 54, 1242, 2, 10),
(17055, 211, 54, 1242, 4, 5),
(17056, 185, 54, 1243, 7, 18),
(17057, 186, 54, 1243, 4, 7),
(17058, 188, 54, 1243, 7, 6),
(17059, 189, 54, 1243, 1, 3),
(17060, 190, 54, 1243, 7, 3),
(17061, 192, 54, 1243, 8, 4),
(17062, 36, 54, 1244, 2, 20),
(17063, 37, 54, 1244, 4, 5),
(17064, 38, 54, 1244, 8, 19),
(17065, 39, 54, 1244, 2, 17),
(17066, 30, 54, 1244, 4, 6),
(17067, 31, 54, 1244, 5, 12),
(17068, 32, 54, 1244, 1, 12),
(17069, 33, 54, 1244, 4, 8),
(17070, 34, 54, 1244, 8, 17),
(17071, 35, 54, 1244, 4, 15),
(17072, 40, 54, 1244, 6, 20),
(17073, 41, 54, 1244, 8, 11),
(17074, 42, 54, 1244, 2, 3),
(17075, 43, 54, 1244, 4, 20),
(17076, 44, 54, 1244, 1, 11),
(17077, 45, 54, 1244, 1, 6),
(17078, 198, 54, 1244, 4, 11),
(17079, 199, 54, 1244, 3, 9),
(17080, 172, 54, 1245, 4, 13),
(17081, 173, 54, 1245, 2, 18),
(17082, 174, 54, 1245, 6, 16),
(17083, 175, 54, 1245, 4, 17),
(17084, 166, 54, 1245, 2, 17),
(17085, 167, 54, 1245, 2, 5),
(17086, 168, 54, 1245, 5, 13),
(17087, 169, 54, 1245, 7, 7),
(17088, 170, 54, 1245, 5, 16),
(17089, 182, 54, 1246, 7, 6),
(17090, 187, 54, 1246, 7, 14),
(17091, 196, 55, 1247, 6, 20),
(17092, 197, 55, 1247, 2, 8),
(17093, 193, 55, 1247, 4, 14),
(17094, 194, 55, 1247, 8, 14),
(17095, 195, 55, 1247, 4, 14),
(17096, 98, 55, 1248, 3, 19),
(17097, 99, 55, 1248, 4, 13),
(17098, 100, 55, 1248, 6, 13),
(17099, 101, 55, 1248, 6, 8),
(17100, 102, 55, 1248, 2, 13),
(17101, 103, 55, 1248, 5, 16),
(17102, 104, 55, 1248, 3, 7),
(17103, 105, 55, 1248, 4, 4),
(17104, 106, 55, 1248, 4, 5),
(17105, 107, 55, 1248, 7, 4),
(17106, 116, 55, 1248, 8, 17),
(17107, 112, 55, 1248, 2, 5),
(17108, 113, 55, 1248, 2, 15),
(17109, 114, 55, 1248, 7, 3),
(17110, 115, 55, 1248, 3, 7),
(17111, 108, 55, 1248, 6, 15),
(17112, 109, 55, 1248, 2, 4),
(17113, 110, 55, 1248, 3, 18),
(17114, 111, 55, 1248, 6, 3),
(17115, 183, 55, 1248, 2, 18),
(17116, 177, 55, 1248, 5, 16),
(17117, 178, 55, 1248, 5, 19),
(17118, 117, 55, 1248, 1, 3),
(17119, 118, 55, 1248, 8, 11),
(17120, 119, 55, 1248, 2, 18),
(17121, 120, 55, 1248, 5, 4),
(17122, 121, 55, 1248, 6, 17),
(17123, 122, 55, 1248, 2, 17),
(17124, 123, 55, 1248, 4, 20),
(17125, 124, 55, 1248, 7, 17),
(17126, 184, 55, 1248, 3, 10),
(17127, 180, 55, 1249, 4, 10),
(17128, 181, 55, 1249, 5, 16),
(17129, 74, 55, 1250, 3, 6),
(17130, 75, 55, 1250, 7, 12),
(17131, 76, 55, 1250, 1, 9),
(17132, 77, 55, 1250, 2, 14),
(17133, 78, 55, 1250, 3, 7),
(17134, 79, 55, 1250, 6, 7),
(17135, 46, 55, 1251, 6, 18),
(17136, 47, 55, 1251, 1, 8),
(17137, 48, 55, 1251, 8, 16),
(17138, 49, 55, 1251, 2, 6),
(17139, 50, 55, 1251, 5, 14),
(17140, 51, 55, 1251, 2, 8),
(17141, 52, 55, 1251, 4, 10),
(17142, 53, 55, 1251, 6, 19),
(17143, 54, 55, 1251, 7, 7),
(17144, 55, 55, 1251, 6, 6),
(17145, 56, 55, 1251, 4, 10),
(17146, 57, 55, 1251, 6, 11),
(17147, 58, 55, 1251, 7, 19),
(17148, 1, 55, 1252, 1, 4),
(17149, 71, 55, 1252, 2, 16),
(17150, 72, 55, 1252, 3, 19),
(17151, 73, 55, 1252, 5, 10),
(17152, 59, 55, 1252, 3, 13),
(17153, 60, 55, 1252, 2, 10),
(17154, 61, 55, 1252, 7, 15),
(17155, 62, 55, 1252, 1, 19),
(17156, 63, 55, 1252, 1, 11),
(17157, 64, 55, 1252, 4, 16),
(17158, 65, 55, 1252, 4, 7),
(17159, 66, 55, 1252, 8, 3),
(17160, 141, 55, 1252, 4, 10),
(17161, 142, 55, 1252, 4, 5),
(17162, 143, 55, 1252, 7, 8),
(17163, 144, 55, 1252, 1, 19),
(17164, 145, 55, 1252, 3, 8),
(17165, 67, 55, 1252, 6, 15),
(17166, 68, 55, 1252, 2, 7),
(17167, 69, 55, 1252, 1, 11),
(17168, 70, 55, 1252, 7, 7),
(17169, 80, 55, 1252, 8, 13),
(17170, 81, 55, 1252, 8, 19),
(17171, 82, 55, 1252, 5, 20),
(17172, 83, 55, 1252, 3, 19),
(17173, 84, 55, 1252, 6, 16),
(17174, 85, 55, 1252, 2, 15),
(17175, 86, 55, 1252, 7, 13),
(17176, 87, 55, 1252, 1, 7),
(17177, 88, 55, 1252, 6, 19),
(17178, 89, 55, 1252, 5, 17),
(17179, 90, 55, 1252, 7, 19),
(17180, 91, 55, 1252, 1, 11),
(17181, 92, 55, 1252, 5, 8),
(17182, 93, 55, 1252, 6, 15),
(17183, 94, 55, 1252, 7, 12),
(17184, 95, 55, 1252, 8, 15),
(17185, 96, 55, 1252, 1, 19),
(17186, 97, 55, 1252, 5, 14),
(17187, 8, 55, 1253, 8, 20),
(17188, 9, 55, 1253, 5, 13),
(17189, 14, 55, 1253, 6, 15),
(17190, 15, 55, 1253, 3, 11),
(17191, 22, 55, 1253, 3, 9),
(17192, 23, 55, 1253, 6, 3),
(17193, 24, 55, 1253, 3, 8),
(17194, 25, 55, 1253, 7, 4),
(17195, 26, 55, 1253, 2, 19),
(17196, 27, 55, 1253, 5, 17),
(17197, 28, 55, 1253, 3, 7),
(17198, 29, 55, 1253, 4, 4),
(17199, 176, 55, 1253, 7, 11),
(17200, 191, 55, 1253, 7, 19),
(17201, 200, 55, 1253, 4, 10),
(17202, 201, 55, 1253, 5, 7),
(17203, 202, 55, 1253, 3, 4),
(17204, 2, 55, 1253, 7, 3),
(17205, 3, 55, 1253, 6, 5),
(17206, 4, 55, 1253, 4, 3),
(17207, 5, 55, 1253, 5, 6),
(17208, 6, 55, 1253, 1, 17),
(17209, 7, 55, 1253, 5, 18),
(17210, 10, 55, 1253, 8, 15),
(17211, 11, 55, 1253, 7, 11),
(17212, 12, 55, 1253, 5, 4),
(17213, 13, 55, 1253, 6, 20),
(17214, 179, 55, 1253, 2, 12),
(17215, 125, 55, 1254, 4, 19),
(17216, 126, 55, 1254, 4, 17),
(17217, 127, 55, 1254, 3, 3),
(17218, 128, 55, 1254, 1, 15),
(17219, 129, 55, 1254, 1, 20),
(17220, 130, 55, 1254, 6, 18),
(17221, 131, 55, 1254, 2, 6),
(17222, 132, 55, 1254, 7, 14),
(17223, 133, 55, 1254, 4, 18),
(17224, 134, 55, 1254, 4, 19),
(17225, 135, 55, 1254, 6, 9),
(17226, 136, 55, 1254, 6, 12),
(17227, 137, 55, 1254, 7, 5),
(17228, 138, 55, 1254, 5, 12),
(17229, 139, 55, 1254, 2, 15),
(17230, 140, 55, 1254, 1, 13),
(17231, 147, 55, 1255, 6, 12),
(17232, 148, 55, 1255, 4, 20),
(17233, 149, 55, 1255, 5, 12),
(17234, 151, 55, 1255, 6, 14),
(17235, 152, 55, 1255, 4, 9),
(17236, 153, 55, 1255, 4, 14),
(17237, 154, 55, 1255, 5, 8),
(17238, 156, 55, 1255, 3, 20),
(17239, 157, 55, 1255, 2, 16),
(17240, 158, 55, 1255, 8, 18),
(17241, 159, 55, 1255, 1, 12),
(17242, 160, 55, 1255, 4, 18),
(17243, 161, 55, 1255, 6, 19),
(17244, 162, 55, 1255, 4, 16),
(17245, 163, 55, 1255, 6, 10),
(17246, 164, 55, 1255, 3, 8),
(17247, 165, 55, 1255, 8, 16),
(17248, 203, 55, 1256, 3, 11),
(17249, 204, 55, 1256, 3, 19),
(17250, 205, 55, 1256, 1, 16),
(17251, 206, 55, 1256, 3, 12),
(17252, 207, 55, 1256, 3, 18),
(17253, 208, 55, 1256, 7, 14),
(17254, 209, 55, 1256, 7, 20),
(17255, 210, 55, 1256, 4, 15),
(17256, 211, 55, 1256, 7, 11),
(17257, 185, 55, 1257, 2, 7),
(17258, 186, 55, 1257, 3, 18),
(17259, 188, 55, 1257, 2, 15),
(17260, 189, 55, 1257, 6, 17),
(17261, 190, 55, 1257, 1, 20),
(17262, 192, 55, 1257, 2, 4),
(17263, 36, 55, 1258, 6, 10),
(17264, 37, 55, 1258, 5, 3),
(17265, 38, 55, 1258, 3, 13),
(17266, 39, 55, 1258, 7, 14),
(17267, 30, 55, 1258, 2, 5),
(17268, 31, 55, 1258, 5, 20),
(17269, 32, 55, 1258, 7, 8),
(17270, 33, 55, 1258, 8, 6),
(17271, 34, 55, 1258, 1, 17),
(17272, 35, 55, 1258, 5, 6),
(17273, 40, 55, 1258, 1, 19),
(17274, 41, 55, 1258, 1, 6),
(17275, 42, 55, 1258, 6, 15),
(17276, 43, 55, 1258, 1, 16),
(17277, 44, 55, 1258, 6, 6),
(17278, 45, 55, 1258, 7, 10),
(17279, 198, 55, 1258, 5, 8),
(17280, 199, 55, 1258, 4, 20),
(17281, 172, 55, 1259, 8, 6),
(17282, 173, 55, 1259, 5, 4),
(17283, 174, 55, 1259, 3, 5),
(17284, 175, 55, 1259, 1, 5),
(17285, 166, 55, 1259, 4, 20),
(17286, 167, 55, 1259, 3, 11),
(17287, 168, 55, 1259, 6, 19),
(17288, 169, 55, 1259, 6, 16),
(17289, 170, 55, 1259, 8, 16),
(17290, 182, 55, 1260, 5, 10),
(17291, 187, 55, 1260, 1, 7),
(17292, 196, 56, 1261, 2, 3),
(17293, 197, 56, 1261, 8, 16),
(17294, 193, 56, 1261, 2, 9),
(17295, 194, 56, 1261, 4, 9),
(17296, 195, 56, 1261, 6, 19),
(17297, 98, 56, 1262, 3, 20),
(17298, 99, 56, 1262, 3, 4),
(17299, 100, 56, 1262, 8, 3),
(17300, 101, 56, 1262, 7, 17),
(17301, 102, 56, 1262, 6, 17),
(17302, 103, 56, 1262, 3, 5),
(17303, 104, 56, 1262, 7, 12),
(17304, 105, 56, 1262, 3, 3),
(17305, 106, 56, 1262, 5, 16),
(17306, 107, 56, 1262, 7, 19),
(17307, 116, 56, 1262, 6, 12),
(17308, 112, 56, 1262, 2, 18),
(17309, 113, 56, 1262, 8, 13),
(17310, 114, 56, 1262, 3, 9),
(17311, 115, 56, 1262, 8, 3),
(17312, 108, 56, 1262, 3, 8),
(17313, 109, 56, 1262, 8, 14),
(17314, 110, 56, 1262, 4, 18),
(17315, 111, 56, 1262, 6, 7),
(17316, 183, 56, 1262, 6, 9),
(17317, 177, 56, 1262, 1, 20),
(17318, 178, 56, 1262, 5, 19),
(17319, 117, 56, 1262, 4, 17),
(17320, 118, 56, 1262, 8, 3),
(17321, 119, 56, 1262, 5, 16),
(17322, 120, 56, 1262, 8, 7),
(17323, 121, 56, 1262, 3, 7),
(17324, 122, 56, 1262, 1, 6),
(17325, 123, 56, 1262, 7, 11),
(17326, 124, 56, 1262, 5, 17),
(17327, 184, 56, 1262, 4, 17),
(17328, 180, 56, 1263, 1, 10),
(17329, 181, 56, 1263, 4, 11),
(17330, 74, 56, 1264, 3, 3),
(17331, 75, 56, 1264, 6, 20),
(17332, 76, 56, 1264, 4, 16),
(17333, 77, 56, 1264, 8, 20),
(17334, 78, 56, 1264, 6, 10),
(17335, 79, 56, 1264, 7, 13),
(17336, 46, 56, 1265, 4, 8),
(17337, 47, 56, 1265, 3, 11),
(17338, 48, 56, 1265, 5, 14),
(17339, 49, 56, 1265, 6, 15),
(17340, 50, 56, 1265, 7, 11),
(17341, 51, 56, 1265, 2, 8),
(17342, 52, 56, 1265, 3, 13),
(17343, 53, 56, 1265, 2, 10),
(17344, 54, 56, 1265, 1, 12),
(17345, 55, 56, 1265, 7, 9),
(17346, 56, 56, 1265, 5, 13),
(17347, 57, 56, 1265, 3, 3),
(17348, 58, 56, 1265, 3, 8),
(17349, 1, 56, 1266, 8, 3),
(17350, 71, 56, 1266, 6, 16),
(17351, 72, 56, 1266, 5, 6),
(17352, 73, 56, 1266, 1, 19),
(17353, 59, 56, 1266, 6, 14),
(17354, 60, 56, 1266, 5, 8),
(17355, 61, 56, 1266, 3, 9),
(17356, 62, 56, 1266, 7, 11),
(17357, 63, 56, 1266, 6, 5),
(17358, 64, 56, 1266, 1, 17),
(17359, 65, 56, 1266, 5, 4),
(17360, 66, 56, 1266, 3, 10),
(17361, 141, 56, 1266, 4, 20),
(17362, 142, 56, 1266, 8, 17),
(17363, 143, 56, 1266, 8, 8),
(17364, 144, 56, 1266, 2, 20),
(17365, 145, 56, 1266, 3, 18),
(17366, 67, 56, 1266, 6, 19),
(17367, 68, 56, 1266, 1, 17),
(17368, 69, 56, 1266, 7, 15),
(17369, 70, 56, 1266, 4, 9),
(17370, 80, 56, 1266, 1, 16),
(17371, 81, 56, 1266, 6, 18),
(17372, 82, 56, 1266, 2, 10),
(17373, 83, 56, 1266, 8, 7),
(17374, 84, 56, 1266, 2, 12),
(17375, 85, 56, 1266, 3, 13),
(17376, 86, 56, 1266, 8, 17),
(17377, 87, 56, 1266, 5, 18),
(17378, 88, 56, 1266, 6, 12),
(17379, 89, 56, 1266, 2, 17),
(17380, 90, 56, 1266, 5, 12),
(17381, 91, 56, 1266, 6, 7),
(17382, 92, 56, 1266, 4, 15),
(17383, 93, 56, 1266, 1, 7),
(17384, 94, 56, 1266, 4, 12),
(17385, 95, 56, 1266, 6, 11),
(17386, 96, 56, 1266, 3, 9),
(17387, 97, 56, 1266, 3, 11),
(17388, 8, 56, 1267, 7, 8),
(17389, 9, 56, 1267, 7, 20),
(17390, 14, 56, 1267, 7, 4),
(17391, 15, 56, 1267, 5, 15),
(17392, 22, 56, 1267, 8, 4),
(17393, 23, 56, 1267, 5, 13),
(17394, 24, 56, 1267, 5, 17),
(17395, 25, 56, 1267, 3, 4),
(17396, 26, 56, 1267, 3, 3),
(17397, 27, 56, 1267, 3, 16),
(17398, 28, 56, 1267, 6, 10),
(17399, 29, 56, 1267, 1, 5),
(17400, 176, 56, 1267, 8, 14),
(17401, 191, 56, 1267, 5, 7),
(17402, 200, 56, 1267, 1, 19),
(17403, 201, 56, 1267, 6, 17),
(17404, 202, 56, 1267, 2, 11),
(17405, 2, 56, 1267, 7, 3),
(17406, 3, 56, 1267, 5, 8),
(17407, 4, 56, 1267, 6, 12),
(17408, 5, 56, 1267, 4, 8),
(17409, 6, 56, 1267, 1, 20),
(17410, 7, 56, 1267, 1, 11),
(17411, 10, 56, 1267, 1, 10),
(17412, 11, 56, 1267, 4, 10),
(17413, 12, 56, 1267, 2, 6),
(17414, 13, 56, 1267, 7, 6),
(17415, 179, 56, 1267, 3, 17),
(17416, 125, 56, 1268, 7, 20),
(17417, 126, 56, 1268, 1, 18),
(17418, 127, 56, 1268, 7, 16),
(17419, 128, 56, 1268, 6, 4),
(17420, 129, 56, 1268, 2, 11),
(17421, 130, 56, 1268, 1, 17),
(17422, 131, 56, 1268, 7, 17),
(17423, 132, 56, 1268, 3, 6),
(17424, 133, 56, 1268, 2, 10),
(17425, 134, 56, 1268, 2, 7),
(17426, 135, 56, 1268, 7, 7),
(17427, 136, 56, 1268, 6, 9),
(17428, 137, 56, 1268, 6, 18),
(17429, 138, 56, 1268, 5, 12),
(17430, 139, 56, 1268, 1, 19),
(17431, 140, 56, 1268, 3, 19),
(17432, 147, 56, 1269, 8, 8),
(17433, 148, 56, 1269, 7, 16),
(17434, 149, 56, 1269, 1, 11),
(17435, 151, 56, 1269, 7, 7),
(17436, 152, 56, 1269, 8, 18),
(17437, 153, 56, 1269, 1, 17),
(17438, 154, 56, 1269, 6, 10),
(17439, 156, 56, 1269, 1, 17),
(17440, 157, 56, 1269, 7, 6),
(17441, 158, 56, 1269, 1, 15),
(17442, 159, 56, 1269, 4, 17),
(17443, 160, 56, 1269, 1, 5),
(17444, 161, 56, 1269, 6, 13),
(17445, 162, 56, 1269, 6, 15),
(17446, 163, 56, 1269, 5, 20),
(17447, 164, 56, 1269, 5, 10),
(17448, 165, 56, 1269, 2, 9),
(17449, 203, 56, 1270, 2, 8),
(17450, 204, 56, 1270, 7, 19),
(17451, 205, 56, 1270, 5, 17),
(17452, 206, 56, 1270, 7, 14),
(17453, 207, 56, 1270, 5, 11),
(17454, 208, 56, 1270, 1, 14),
(17455, 209, 56, 1270, 3, 17),
(17456, 210, 56, 1270, 7, 10),
(17457, 211, 56, 1270, 4, 8),
(17458, 185, 56, 1271, 2, 12),
(17459, 186, 56, 1271, 4, 18),
(17460, 188, 56, 1271, 2, 5),
(17461, 189, 56, 1271, 5, 14),
(17462, 190, 56, 1271, 1, 5),
(17463, 192, 56, 1271, 1, 9),
(17464, 36, 56, 1272, 5, 6),
(17465, 37, 56, 1272, 6, 9),
(17466, 38, 56, 1272, 2, 6),
(17467, 39, 56, 1272, 2, 20),
(17468, 30, 56, 1272, 7, 17),
(17469, 31, 56, 1272, 4, 18),
(17470, 32, 56, 1272, 4, 17),
(17471, 33, 56, 1272, 6, 7),
(17472, 34, 56, 1272, 2, 5),
(17473, 35, 56, 1272, 5, 10),
(17474, 40, 56, 1272, 6, 4),
(17475, 41, 56, 1272, 3, 17),
(17476, 42, 56, 1272, 2, 18),
(17477, 43, 56, 1272, 4, 8),
(17478, 44, 56, 1272, 1, 12),
(17479, 45, 56, 1272, 6, 12),
(17480, 198, 56, 1272, 7, 7),
(17481, 199, 56, 1272, 8, 19),
(17482, 172, 56, 1273, 4, 4),
(17483, 173, 56, 1273, 8, 7),
(17484, 174, 56, 1273, 7, 9),
(17485, 175, 56, 1273, 1, 8),
(17486, 166, 56, 1273, 1, 16),
(17487, 167, 56, 1273, 5, 8),
(17488, 168, 56, 1273, 8, 5),
(17489, 169, 56, 1273, 7, 13),
(17490, 170, 56, 1273, 2, 3),
(17491, 182, 56, 1274, 7, 15),
(17492, 187, 56, 1274, 3, 11),
(17493, 196, 57, 1275, 2, 13),
(17494, 197, 57, 1275, 4, 4),
(17495, 193, 57, 1275, 4, 20),
(17496, 194, 57, 1275, 4, 13),
(17497, 195, 57, 1275, 4, 5),
(17498, 98, 57, 1276, 2, 16),
(17499, 99, 57, 1276, 1, 8),
(17500, 100, 57, 1276, 5, 13),
(17501, 101, 57, 1276, 5, 13),
(17502, 102, 57, 1276, 8, 19),
(17503, 103, 57, 1276, 4, 17),
(17504, 104, 57, 1276, 6, 10),
(17505, 105, 57, 1276, 2, 20),
(17506, 106, 57, 1276, 8, 10),
(17507, 107, 57, 1276, 5, 7),
(17508, 116, 57, 1276, 4, 14),
(17509, 112, 57, 1276, 6, 11),
(17510, 113, 57, 1276, 8, 3),
(17511, 114, 57, 1276, 7, 8),
(17512, 115, 57, 1276, 6, 6),
(17513, 108, 57, 1276, 4, 17),
(17514, 109, 57, 1276, 8, 11),
(17515, 110, 57, 1276, 1, 11),
(17516, 111, 57, 1276, 1, 13),
(17517, 183, 57, 1276, 1, 3),
(17518, 177, 57, 1276, 5, 11),
(17519, 178, 57, 1276, 7, 5),
(17520, 117, 57, 1276, 8, 4),
(17521, 118, 57, 1276, 2, 16),
(17522, 119, 57, 1276, 4, 16),
(17523, 120, 57, 1276, 1, 20),
(17524, 121, 57, 1276, 3, 16),
(17525, 122, 57, 1276, 4, 8),
(17526, 123, 57, 1276, 7, 6),
(17527, 124, 57, 1276, 5, 10),
(17528, 184, 57, 1276, 4, 4),
(17529, 180, 57, 1277, 2, 9),
(17530, 181, 57, 1277, 5, 8),
(17531, 74, 57, 1278, 7, 14),
(17532, 75, 57, 1278, 8, 17),
(17533, 76, 57, 1278, 6, 10),
(17534, 77, 57, 1278, 3, 13),
(17535, 78, 57, 1278, 5, 6),
(17536, 79, 57, 1278, 6, 16),
(17537, 46, 57, 1279, 8, 5),
(17538, 47, 57, 1279, 4, 3),
(17539, 48, 57, 1279, 1, 17),
(17540, 49, 57, 1279, 7, 12),
(17541, 50, 57, 1279, 1, 12),
(17542, 51, 57, 1279, 6, 16),
(17543, 52, 57, 1279, 8, 4),
(17544, 53, 57, 1279, 7, 6),
(17545, 54, 57, 1279, 4, 10),
(17546, 55, 57, 1279, 5, 7),
(17547, 56, 57, 1279, 1, 10),
(17548, 57, 57, 1279, 1, 16),
(17549, 58, 57, 1279, 7, 9),
(17550, 1, 57, 1280, 3, 11),
(17551, 71, 57, 1280, 5, 20),
(17552, 72, 57, 1280, 2, 13),
(17553, 73, 57, 1280, 1, 14),
(17554, 59, 57, 1280, 5, 6),
(17555, 60, 57, 1280, 4, 8),
(17556, 61, 57, 1280, 6, 13),
(17557, 62, 57, 1280, 7, 10),
(17558, 63, 57, 1280, 3, 17),
(17559, 64, 57, 1280, 5, 5),
(17560, 65, 57, 1280, 1, 19),
(17561, 66, 57, 1280, 5, 12),
(17562, 141, 57, 1280, 2, 13),
(17563, 142, 57, 1280, 8, 7),
(17564, 143, 57, 1280, 3, 17),
(17565, 144, 57, 1280, 5, 14),
(17566, 145, 57, 1280, 3, 6),
(17567, 67, 57, 1280, 5, 11),
(17568, 68, 57, 1280, 6, 14),
(17569, 69, 57, 1280, 1, 8),
(17570, 70, 57, 1280, 7, 12),
(17571, 80, 57, 1280, 6, 13),
(17572, 81, 57, 1280, 1, 11),
(17573, 82, 57, 1280, 8, 10),
(17574, 83, 57, 1280, 3, 11),
(17575, 84, 57, 1280, 5, 9),
(17576, 85, 57, 1280, 4, 4),
(17577, 86, 57, 1280, 8, 13),
(17578, 87, 57, 1280, 6, 18),
(17579, 88, 57, 1280, 7, 20),
(17580, 89, 57, 1280, 6, 10),
(17581, 90, 57, 1280, 5, 20),
(17582, 91, 57, 1280, 5, 6),
(17583, 92, 57, 1280, 4, 9),
(17584, 93, 57, 1280, 7, 12),
(17585, 94, 57, 1280, 6, 15),
(17586, 95, 57, 1280, 1, 7),
(17587, 96, 57, 1280, 2, 6),
(17588, 97, 57, 1280, 7, 6),
(17589, 8, 57, 1281, 5, 4),
(17590, 9, 57, 1281, 6, 6),
(17591, 14, 57, 1281, 4, 5),
(17592, 15, 57, 1281, 3, 9),
(17593, 22, 57, 1281, 6, 19),
(17594, 23, 57, 1281, 2, 13),
(17595, 24, 57, 1281, 8, 18),
(17596, 25, 57, 1281, 8, 12),
(17597, 26, 57, 1281, 7, 13),
(17598, 27, 57, 1281, 6, 7),
(17599, 28, 57, 1281, 8, 12),
(17600, 29, 57, 1281, 6, 13),
(17601, 176, 57, 1281, 2, 17),
(17602, 191, 57, 1281, 7, 11),
(17603, 200, 57, 1281, 8, 14),
(17604, 201, 57, 1281, 6, 13),
(17605, 202, 57, 1281, 6, 10),
(17606, 2, 57, 1281, 7, 6),
(17607, 3, 57, 1281, 5, 3),
(17608, 4, 57, 1281, 5, 7),
(17609, 5, 57, 1281, 8, 16),
(17610, 6, 57, 1281, 7, 19),
(17611, 7, 57, 1281, 5, 17),
(17612, 10, 57, 1281, 4, 10),
(17613, 11, 57, 1281, 4, 5),
(17614, 12, 57, 1281, 6, 9),
(17615, 13, 57, 1281, 6, 9),
(17616, 179, 57, 1281, 8, 19),
(17617, 125, 57, 1282, 2, 17),
(17618, 126, 57, 1282, 4, 5),
(17619, 127, 57, 1282, 4, 4),
(17620, 128, 57, 1282, 6, 6),
(17621, 129, 57, 1282, 4, 12),
(17622, 130, 57, 1282, 3, 3),
(17623, 131, 57, 1282, 5, 19),
(17624, 132, 57, 1282, 3, 13),
(17625, 133, 57, 1282, 6, 4),
(17626, 134, 57, 1282, 4, 7),
(17627, 135, 57, 1282, 8, 19),
(17628, 136, 57, 1282, 6, 9),
(17629, 137, 57, 1282, 1, 7),
(17630, 138, 57, 1282, 6, 15),
(17631, 139, 57, 1282, 6, 15),
(17632, 140, 57, 1282, 5, 17),
(17633, 147, 57, 1283, 5, 20),
(17634, 148, 57, 1283, 8, 20),
(17635, 149, 57, 1283, 1, 15),
(17636, 151, 57, 1283, 2, 12),
(17637, 152, 57, 1283, 2, 13),
(17638, 153, 57, 1283, 5, 17),
(17639, 154, 57, 1283, 4, 18),
(17640, 156, 57, 1283, 3, 4),
(17641, 157, 57, 1283, 8, 17),
(17642, 158, 57, 1283, 3, 18),
(17643, 159, 57, 1283, 6, 20),
(17644, 160, 57, 1283, 2, 16),
(17645, 161, 57, 1283, 2, 20),
(17646, 162, 57, 1283, 4, 18),
(17647, 163, 57, 1283, 6, 4),
(17648, 164, 57, 1283, 6, 7),
(17649, 165, 57, 1283, 1, 15),
(17650, 203, 57, 1284, 2, 5),
(17651, 204, 57, 1284, 4, 10),
(17652, 205, 57, 1284, 6, 14),
(17653, 206, 57, 1284, 8, 7),
(17654, 207, 57, 1284, 4, 11),
(17655, 208, 57, 1284, 1, 17),
(17656, 209, 57, 1284, 5, 3),
(17657, 210, 57, 1284, 6, 18),
(17658, 211, 57, 1284, 8, 9),
(17659, 185, 57, 1285, 7, 5),
(17660, 186, 57, 1285, 2, 3),
(17661, 188, 57, 1285, 2, 13),
(17662, 189, 57, 1285, 8, 18),
(17663, 190, 57, 1285, 6, 14),
(17664, 192, 57, 1285, 1, 16),
(17665, 36, 57, 1286, 3, 9),
(17666, 37, 57, 1286, 8, 16),
(17667, 38, 57, 1286, 7, 13),
(17668, 39, 57, 1286, 4, 16),
(17669, 30, 57, 1286, 7, 17),
(17670, 31, 57, 1286, 2, 19),
(17671, 32, 57, 1286, 6, 16),
(17672, 33, 57, 1286, 8, 7),
(17673, 34, 57, 1286, 5, 18),
(17674, 35, 57, 1286, 5, 10),
(17675, 40, 57, 1286, 1, 16),
(17676, 41, 57, 1286, 4, 6),
(17677, 42, 57, 1286, 3, 10),
(17678, 43, 57, 1286, 1, 3),
(17679, 44, 57, 1286, 1, 5),
(17680, 45, 57, 1286, 7, 10),
(17681, 198, 57, 1286, 4, 15),
(17682, 199, 57, 1286, 2, 7),
(17683, 172, 57, 1287, 3, 12),
(17684, 173, 57, 1287, 8, 5),
(17685, 174, 57, 1287, 3, 6),
(17686, 175, 57, 1287, 1, 20),
(17687, 166, 57, 1287, 8, 3),
(17688, 167, 57, 1287, 2, 12),
(17689, 168, 57, 1287, 8, 18),
(17690, 169, 57, 1287, 8, 20),
(17691, 170, 57, 1287, 5, 10),
(17692, 182, 57, 1288, 7, 7),
(17693, 187, 57, 1288, 7, 8),
(17694, 196, 58, 1289, 8, 12),
(17695, 197, 58, 1289, 4, 5),
(17696, 193, 58, 1289, 8, 5),
(17697, 194, 58, 1289, 8, 8),
(17698, 195, 58, 1289, 4, 17),
(17699, 98, 58, 1290, 1, 9),
(17700, 99, 58, 1290, 7, 3),
(17701, 100, 58, 1290, 8, 6),
(17702, 101, 58, 1290, 2, 18),
(17703, 102, 58, 1290, 1, 11),
(17704, 103, 58, 1290, 7, 20),
(17705, 104, 58, 1290, 8, 15),
(17706, 105, 58, 1290, 3, 17),
(17707, 106, 58, 1290, 2, 15),
(17708, 107, 58, 1290, 8, 3),
(17709, 116, 58, 1290, 6, 4),
(17710, 112, 58, 1290, 8, 20),
(17711, 113, 58, 1290, 4, 3),
(17712, 114, 58, 1290, 2, 16),
(17713, 115, 58, 1290, 2, 16),
(17714, 108, 58, 1290, 5, 6),
(17715, 109, 58, 1290, 1, 8),
(17716, 110, 58, 1290, 2, 20),
(17717, 111, 58, 1290, 5, 10),
(17718, 183, 58, 1290, 7, 13),
(17719, 177, 58, 1290, 8, 16),
(17720, 178, 58, 1290, 5, 17),
(17721, 117, 58, 1290, 4, 18),
(17722, 118, 58, 1290, 5, 13),
(17723, 119, 58, 1290, 5, 12),
(17724, 120, 58, 1290, 5, 7),
(17725, 121, 58, 1290, 5, 14),
(17726, 122, 58, 1290, 2, 3),
(17727, 123, 58, 1290, 6, 10),
(17728, 124, 58, 1290, 7, 17),
(17729, 184, 58, 1290, 2, 8),
(17730, 180, 58, 1291, 1, 7),
(17731, 181, 58, 1291, 6, 6),
(17732, 74, 58, 1292, 2, 6),
(17733, 75, 58, 1292, 6, 4),
(17734, 76, 58, 1292, 7, 12),
(17735, 77, 58, 1292, 7, 9),
(17736, 78, 58, 1292, 3, 6),
(17737, 79, 58, 1292, 2, 19),
(17738, 46, 58, 1293, 7, 16),
(17739, 47, 58, 1293, 4, 10),
(17740, 48, 58, 1293, 8, 3),
(17741, 49, 58, 1293, 1, 6),
(17742, 50, 58, 1293, 1, 15),
(17743, 51, 58, 1293, 5, 18),
(17744, 52, 58, 1293, 5, 17),
(17745, 53, 58, 1293, 2, 12),
(17746, 54, 58, 1293, 1, 17),
(17747, 55, 58, 1293, 6, 7),
(17748, 56, 58, 1293, 1, 9),
(17749, 57, 58, 1293, 3, 17),
(17750, 58, 58, 1293, 8, 6),
(17751, 1, 58, 1294, 2, 8),
(17752, 71, 58, 1294, 4, 9),
(17753, 72, 58, 1294, 2, 6),
(17754, 73, 58, 1294, 2, 14),
(17755, 59, 58, 1294, 5, 5),
(17756, 60, 58, 1294, 6, 14),
(17757, 61, 58, 1294, 3, 16),
(17758, 62, 58, 1294, 3, 19),
(17759, 63, 58, 1294, 5, 18),
(17760, 64, 58, 1294, 6, 16),
(17761, 65, 58, 1294, 3, 16),
(17762, 66, 58, 1294, 5, 4),
(17763, 141, 58, 1294, 1, 14),
(17764, 142, 58, 1294, 4, 9),
(17765, 143, 58, 1294, 4, 10),
(17766, 144, 58, 1294, 5, 13),
(17767, 145, 58, 1294, 6, 19),
(17768, 67, 58, 1294, 8, 18),
(17769, 68, 58, 1294, 1, 5),
(17770, 69, 58, 1294, 4, 15),
(17771, 70, 58, 1294, 3, 5),
(17772, 80, 58, 1294, 3, 13),
(17773, 81, 58, 1294, 7, 14),
(17774, 82, 58, 1294, 4, 11),
(17775, 83, 58, 1294, 5, 6),
(17776, 84, 58, 1294, 2, 18),
(17777, 85, 58, 1294, 8, 18),
(17778, 86, 58, 1294, 8, 20),
(17779, 87, 58, 1294, 4, 10),
(17780, 88, 58, 1294, 3, 19),
(17781, 89, 58, 1294, 7, 18),
(17782, 90, 58, 1294, 5, 12),
(17783, 91, 58, 1294, 7, 11),
(17784, 92, 58, 1294, 4, 18),
(17785, 93, 58, 1294, 5, 19),
(17786, 94, 58, 1294, 5, 18),
(17787, 95, 58, 1294, 1, 19);
INSERT INTO `fydp_stocks` (`id`, `product_id`, `store_id`, `aisle_id`, `aisle_position`, `quantity`) VALUES
(17788, 96, 58, 1294, 4, 19),
(17789, 97, 58, 1294, 5, 19),
(17790, 8, 58, 1295, 4, 4),
(17791, 9, 58, 1295, 2, 14),
(17792, 14, 58, 1295, 8, 5),
(17793, 15, 58, 1295, 4, 18),
(17794, 22, 58, 1295, 1, 20),
(17795, 23, 58, 1295, 3, 11),
(17796, 24, 58, 1295, 7, 5),
(17797, 25, 58, 1295, 3, 9),
(17798, 26, 58, 1295, 6, 5),
(17799, 27, 58, 1295, 7, 4),
(17800, 28, 58, 1295, 1, 11),
(17801, 29, 58, 1295, 8, 13),
(17802, 176, 58, 1295, 3, 3),
(17803, 191, 58, 1295, 4, 16),
(17804, 200, 58, 1295, 8, 3),
(17805, 201, 58, 1295, 6, 9),
(17806, 202, 58, 1295, 1, 17),
(17807, 2, 58, 1295, 8, 3),
(17808, 3, 58, 1295, 8, 11),
(17809, 4, 58, 1295, 8, 3),
(17810, 5, 58, 1295, 4, 6),
(17811, 6, 58, 1295, 5, 8),
(17812, 7, 58, 1295, 3, 18),
(17813, 10, 58, 1295, 6, 20),
(17814, 11, 58, 1295, 8, 11),
(17815, 12, 58, 1295, 1, 20),
(17816, 13, 58, 1295, 8, 3),
(17817, 179, 58, 1295, 5, 7),
(17818, 125, 58, 1296, 1, 3),
(17819, 126, 58, 1296, 1, 3),
(17820, 127, 58, 1296, 1, 15),
(17821, 128, 58, 1296, 3, 6),
(17822, 129, 58, 1296, 4, 9),
(17823, 130, 58, 1296, 2, 11),
(17824, 131, 58, 1296, 7, 5),
(17825, 132, 58, 1296, 4, 8),
(17826, 133, 58, 1296, 3, 3),
(17827, 134, 58, 1296, 5, 15),
(17828, 135, 58, 1296, 7, 6),
(17829, 136, 58, 1296, 6, 17),
(17830, 137, 58, 1296, 6, 15),
(17831, 138, 58, 1296, 6, 14),
(17832, 139, 58, 1296, 6, 8),
(17833, 140, 58, 1296, 8, 17),
(17834, 147, 58, 1297, 3, 19),
(17835, 148, 58, 1297, 7, 10),
(17836, 149, 58, 1297, 5, 6),
(17837, 151, 58, 1297, 5, 4),
(17838, 152, 58, 1297, 5, 18),
(17839, 153, 58, 1297, 5, 10),
(17840, 154, 58, 1297, 8, 3),
(17841, 156, 58, 1297, 6, 9),
(17842, 157, 58, 1297, 1, 7),
(17843, 158, 58, 1297, 1, 18),
(17844, 159, 58, 1297, 4, 15),
(17845, 160, 58, 1297, 6, 5),
(17846, 161, 58, 1297, 4, 10),
(17847, 162, 58, 1297, 7, 5),
(17848, 163, 58, 1297, 6, 15),
(17849, 164, 58, 1297, 8, 3),
(17850, 165, 58, 1297, 5, 16),
(17851, 203, 58, 1298, 4, 6),
(17852, 204, 58, 1298, 8, 3),
(17853, 205, 58, 1298, 3, 11),
(17854, 206, 58, 1298, 8, 17),
(17855, 207, 58, 1298, 8, 18),
(17856, 208, 58, 1298, 7, 12),
(17857, 209, 58, 1298, 2, 18),
(17858, 210, 58, 1298, 7, 7),
(17859, 211, 58, 1298, 6, 7),
(17860, 185, 58, 1299, 8, 9),
(17861, 186, 58, 1299, 4, 9),
(17862, 188, 58, 1299, 7, 6),
(17863, 189, 58, 1299, 5, 11),
(17864, 190, 58, 1299, 8, 11),
(17865, 192, 58, 1299, 4, 12),
(17866, 36, 58, 1300, 2, 18),
(17867, 37, 58, 1300, 6, 5),
(17868, 38, 58, 1300, 8, 3),
(17869, 39, 58, 1300, 5, 17),
(17870, 30, 58, 1300, 7, 12),
(17871, 31, 58, 1300, 6, 14),
(17872, 32, 58, 1300, 1, 19),
(17873, 33, 58, 1300, 5, 18),
(17874, 34, 58, 1300, 2, 7),
(17875, 35, 58, 1300, 1, 5),
(17876, 40, 58, 1300, 5, 12),
(17877, 41, 58, 1300, 5, 9),
(17878, 42, 58, 1300, 6, 3),
(17879, 43, 58, 1300, 7, 14),
(17880, 44, 58, 1300, 5, 7),
(17881, 45, 58, 1300, 2, 16),
(17882, 198, 58, 1300, 2, 20),
(17883, 199, 58, 1300, 7, 4),
(17884, 172, 58, 1301, 8, 11),
(17885, 173, 58, 1301, 7, 17),
(17886, 174, 58, 1301, 8, 12),
(17887, 175, 58, 1301, 4, 3),
(17888, 166, 58, 1301, 4, 20),
(17889, 167, 58, 1301, 8, 14),
(17890, 168, 58, 1301, 2, 3),
(17891, 169, 58, 1301, 7, 17),
(17892, 170, 58, 1301, 5, 8),
(17893, 182, 58, 1302, 3, 9),
(17894, 187, 58, 1302, 7, 6),
(17895, 196, 59, 1303, 4, 10),
(17896, 197, 59, 1303, 8, 8),
(17897, 193, 59, 1303, 8, 18),
(17898, 194, 59, 1303, 8, 8),
(17899, 195, 59, 1303, 8, 19),
(17900, 98, 59, 1304, 5, 19),
(17901, 99, 59, 1304, 6, 9),
(17902, 100, 59, 1304, 4, 3),
(17903, 101, 59, 1304, 5, 14),
(17904, 102, 59, 1304, 3, 11),
(17905, 103, 59, 1304, 5, 7),
(17906, 104, 59, 1304, 6, 15),
(17907, 105, 59, 1304, 7, 3),
(17908, 106, 59, 1304, 7, 7),
(17909, 107, 59, 1304, 4, 17),
(17910, 116, 59, 1304, 2, 15),
(17911, 112, 59, 1304, 6, 5),
(17912, 113, 59, 1304, 5, 3),
(17913, 114, 59, 1304, 2, 18),
(17914, 115, 59, 1304, 3, 3),
(17915, 108, 59, 1304, 7, 19),
(17916, 109, 59, 1304, 8, 12),
(17917, 110, 59, 1304, 3, 8),
(17918, 111, 59, 1304, 5, 16),
(17919, 183, 59, 1304, 8, 19),
(17920, 177, 59, 1304, 2, 12),
(17921, 178, 59, 1304, 2, 18),
(17922, 117, 59, 1304, 2, 20),
(17923, 118, 59, 1304, 7, 3),
(17924, 119, 59, 1304, 2, 8),
(17925, 120, 59, 1304, 7, 10),
(17926, 121, 59, 1304, 8, 12),
(17927, 122, 59, 1304, 5, 12),
(17928, 123, 59, 1304, 5, 15),
(17929, 124, 59, 1304, 4, 19),
(17930, 184, 59, 1304, 6, 6),
(17931, 180, 59, 1305, 7, 14),
(17932, 181, 59, 1305, 6, 4),
(17933, 74, 59, 1306, 8, 7),
(17934, 75, 59, 1306, 7, 19),
(17935, 76, 59, 1306, 2, 3),
(17936, 77, 59, 1306, 4, 8),
(17937, 78, 59, 1306, 7, 15),
(17938, 79, 59, 1306, 3, 16),
(17939, 46, 59, 1307, 6, 11),
(17940, 47, 59, 1307, 1, 12),
(17941, 48, 59, 1307, 8, 3),
(17942, 49, 59, 1307, 1, 11),
(17943, 50, 59, 1307, 5, 13),
(17944, 51, 59, 1307, 2, 20),
(17945, 52, 59, 1307, 4, 19),
(17946, 53, 59, 1307, 2, 8),
(17947, 54, 59, 1307, 5, 18),
(17948, 55, 59, 1307, 3, 11),
(17949, 56, 59, 1307, 1, 5),
(17950, 57, 59, 1307, 4, 7),
(17951, 58, 59, 1307, 2, 18),
(17952, 1, 59, 1308, 5, 3),
(17953, 71, 59, 1308, 5, 18),
(17954, 72, 59, 1308, 7, 7),
(17955, 73, 59, 1308, 3, 17),
(17956, 59, 59, 1308, 6, 7),
(17957, 60, 59, 1308, 7, 17),
(17958, 61, 59, 1308, 6, 10),
(17959, 62, 59, 1308, 3, 19),
(17960, 63, 59, 1308, 4, 18),
(17961, 64, 59, 1308, 7, 12),
(17962, 65, 59, 1308, 2, 9),
(17963, 66, 59, 1308, 4, 11),
(17964, 141, 59, 1308, 7, 12),
(17965, 142, 59, 1308, 6, 7),
(17966, 143, 59, 1308, 7, 17),
(17967, 144, 59, 1308, 1, 9),
(17968, 145, 59, 1308, 7, 14),
(17969, 67, 59, 1308, 2, 14),
(17970, 68, 59, 1308, 7, 12),
(17971, 69, 59, 1308, 4, 13),
(17972, 70, 59, 1308, 6, 8),
(17973, 80, 59, 1308, 4, 11),
(17974, 81, 59, 1308, 6, 16),
(17975, 82, 59, 1308, 4, 4),
(17976, 83, 59, 1308, 5, 6),
(17977, 84, 59, 1308, 5, 16),
(17978, 85, 59, 1308, 5, 3),
(17979, 86, 59, 1308, 2, 10),
(17980, 87, 59, 1308, 5, 18),
(17981, 88, 59, 1308, 6, 8),
(17982, 89, 59, 1308, 6, 16),
(17983, 90, 59, 1308, 6, 11),
(17984, 91, 59, 1308, 3, 18),
(17985, 92, 59, 1308, 2, 6),
(17986, 93, 59, 1308, 4, 13),
(17987, 94, 59, 1308, 7, 5),
(17988, 95, 59, 1308, 7, 6),
(17989, 96, 59, 1308, 5, 13),
(17990, 97, 59, 1308, 8, 20),
(17991, 8, 59, 1309, 6, 12),
(17992, 9, 59, 1309, 2, 7),
(17993, 14, 59, 1309, 3, 16),
(17994, 15, 59, 1309, 3, 11),
(17995, 22, 59, 1309, 2, 18),
(17996, 23, 59, 1309, 3, 17),
(17997, 24, 59, 1309, 2, 19),
(17998, 25, 59, 1309, 5, 18),
(17999, 26, 59, 1309, 4, 19),
(18000, 27, 59, 1309, 6, 13),
(18001, 28, 59, 1309, 2, 5),
(18002, 29, 59, 1309, 2, 20),
(18003, 176, 59, 1309, 3, 3),
(18004, 191, 59, 1309, 2, 18),
(18005, 200, 59, 1309, 5, 4),
(18006, 201, 59, 1309, 8, 7),
(18007, 202, 59, 1309, 6, 4),
(18008, 2, 59, 1309, 5, 18),
(18009, 3, 59, 1309, 7, 17),
(18010, 4, 59, 1309, 3, 3),
(18011, 5, 59, 1309, 6, 14),
(18012, 6, 59, 1309, 7, 17),
(18013, 7, 59, 1309, 5, 10),
(18014, 10, 59, 1309, 6, 3),
(18015, 11, 59, 1309, 3, 10),
(18016, 12, 59, 1309, 5, 11),
(18017, 13, 59, 1309, 5, 16),
(18018, 179, 59, 1309, 4, 18),
(18019, 125, 59, 1310, 7, 13),
(18020, 126, 59, 1310, 6, 9),
(18021, 127, 59, 1310, 6, 14),
(18022, 128, 59, 1310, 6, 8),
(18023, 129, 59, 1310, 6, 5),
(18024, 130, 59, 1310, 2, 12),
(18025, 131, 59, 1310, 8, 12),
(18026, 132, 59, 1310, 5, 14),
(18027, 133, 59, 1310, 2, 10),
(18028, 134, 59, 1310, 4, 16),
(18029, 135, 59, 1310, 7, 5),
(18030, 136, 59, 1310, 7, 6),
(18031, 137, 59, 1310, 5, 9),
(18032, 138, 59, 1310, 6, 5),
(18033, 139, 59, 1310, 1, 4),
(18034, 140, 59, 1310, 8, 19),
(18035, 147, 59, 1311, 6, 16),
(18036, 148, 59, 1311, 3, 8),
(18037, 149, 59, 1311, 3, 19),
(18038, 151, 59, 1311, 5, 3),
(18039, 152, 59, 1311, 1, 17),
(18040, 153, 59, 1311, 5, 3),
(18041, 154, 59, 1311, 3, 4),
(18042, 156, 59, 1311, 6, 12),
(18043, 157, 59, 1311, 5, 4),
(18044, 158, 59, 1311, 3, 8),
(18045, 159, 59, 1311, 2, 4),
(18046, 160, 59, 1311, 4, 17),
(18047, 161, 59, 1311, 4, 5),
(18048, 162, 59, 1311, 8, 13),
(18049, 163, 59, 1311, 2, 19),
(18050, 164, 59, 1311, 4, 19),
(18051, 165, 59, 1311, 6, 16),
(18052, 203, 59, 1312, 2, 20),
(18053, 204, 59, 1312, 6, 18),
(18054, 205, 59, 1312, 1, 15),
(18055, 206, 59, 1312, 6, 13),
(18056, 207, 59, 1312, 6, 20),
(18057, 208, 59, 1312, 6, 9),
(18058, 209, 59, 1312, 5, 6),
(18059, 210, 59, 1312, 4, 17),
(18060, 211, 59, 1312, 5, 14),
(18061, 185, 59, 1313, 8, 3),
(18062, 186, 59, 1313, 4, 9),
(18063, 188, 59, 1313, 2, 9),
(18064, 189, 59, 1313, 8, 9),
(18065, 190, 59, 1313, 3, 10),
(18066, 192, 59, 1313, 3, 19),
(18067, 36, 59, 1314, 2, 12),
(18068, 37, 59, 1314, 8, 18),
(18069, 38, 59, 1314, 3, 20),
(18070, 39, 59, 1314, 5, 3),
(18071, 30, 59, 1314, 5, 8),
(18072, 31, 59, 1314, 1, 6),
(18073, 32, 59, 1314, 6, 12),
(18074, 33, 59, 1314, 4, 4),
(18075, 34, 59, 1314, 3, 19),
(18076, 35, 59, 1314, 6, 7),
(18077, 40, 59, 1314, 8, 6),
(18078, 41, 59, 1314, 5, 4),
(18079, 42, 59, 1314, 5, 13),
(18080, 43, 59, 1314, 4, 18),
(18081, 44, 59, 1314, 1, 16),
(18082, 45, 59, 1314, 7, 6),
(18083, 198, 59, 1314, 3, 15),
(18084, 199, 59, 1314, 1, 13),
(18085, 172, 59, 1315, 6, 14),
(18086, 173, 59, 1315, 5, 6),
(18087, 174, 59, 1315, 8, 14),
(18088, 175, 59, 1315, 4, 13),
(18089, 166, 59, 1315, 2, 18),
(18090, 167, 59, 1315, 6, 11),
(18091, 168, 59, 1315, 7, 10),
(18092, 169, 59, 1315, 7, 15),
(18093, 170, 59, 1315, 5, 9),
(18094, 182, 59, 1316, 7, 5),
(18095, 187, 59, 1316, 7, 5),
(18096, 1, 3, 674, 2, 50);

-- --------------------------------------------------------

--
-- Table structure for table `fydp_stores`
--

DROP TABLE IF EXISTS `fydp_stores`;
CREATE TABLE IF NOT EXISTS `fydp_stores` (
  `id` int(11) NOT NULL auto_increment,
  `name` varchar(100) NOT NULL default '',
  `address` varchar(100) NOT NULL default '',
  `phone` varchar(17) default NULL,
  `city` varchar(20) default NULL,
  `province` varchar(20) default NULL,
  `postalcode` varchar(7) default NULL,
  `lat` float(11,8) default '0.00000000',
  `lng` float(11,8) default '0.00000000',
  PRIMARY KEY  (`id`)
) ENGINE=InnoDB DEFAULT CHARSET=latin1 AUTO_INCREMENT=60 ;

--
-- Dumping data for table `fydp_stores`
--

INSERT INTO `fydp_stores` (`id`, `name`, `address`, `phone`, `city`, `province`, `postalcode`, `lat`, `lng`) VALUES
(1, 'Sobeys', '94 Bridgeport Road East Waterloo', '(519) 885-4170', 'Waterloo', 'ON', 'N2J', 43.46973801, -80.51365662),
(3, 'Sobeys', '450 Columbia West, Waterloo', '(519) 880-9143', 'Waterloo', 'ON', 'N2T', 43.46671677, -80.56877136),
(6, 'Food Basics', '600 Laurelwood Drive, Waterloo, ON N2V 0A2', '519 888 6036', 'Waterloo', 'ON', 'N2V', 43.47109985, -80.59311676),
(7, 'Food Basics', '1405 Ottawa St N Kitchener, ON N2A 3Z1', '(519) 894-6020', 'Kitchener', 'ON', 'N2A', 43.45724487, -80.43156433),
(8, 'Food Basics', '655 Fairway Road South Kitchener, ON N2C 1X4', '(519) 896-5100', 'Kitchener', 'ON', 'N2C', 43.41960907, -80.45144653),
(9, 'Price Chopper', '1111 Weber Street East, Kitchener', '(519) 893-8003', 'Kitchener', 'ON', 'N2A', 43.43493652, -80.44902039),
(10, 'Food Basics', '238 Wellesley Street East, Toronto, ON M4X 1G2', '(416) 925-5052', 'Toronto', 'ON', 'M4X', 43.66767120, -79.37198639),
(14, 'Sobeys', '5602 Tenth Line West Mississauga, ON L5M 7L9', '(905) 858-2899', 'Mississauga', 'ON', 'L5M', 43.55929947, -79.74237061),
(15, 'Sobeys', '372 Queen St, Acton, ON', '519-853-1960', 'Acton', 'ON', 'L7J', 43.63849640, -80.02696991),
(16, 'Sobeys', '260 Kingston Rd W, Ajax, ON', '905-426-7144', 'Ajax', 'ON', 'L1T', 43.85800934, -79.04032898),
(17, 'Sobeys', '700 Queenston Rd, Hamilton, ON', '905-560-8111', 'Hamilton', 'ON', 'L8G', 43.22971344, -79.77245331),
(18, 'Sobeys', '700 Terry Fox Dr, Kanata, ON', '613-831-1444', 'Ottawa', 'ON', 'K2L', 45.29328918, -75.89540100),
(19, 'Sobeys', '1595 Adelaide St N, London, ON', '519-645-8868', 'London', 'ON', 'N5X', 43.03775406, -81.25636292),
(20, 'Sobeys', '1500 Upper Middle Rd, Oakville, ON', '905-847-1909', 'Oakville', 'ON', 'L6M', 43.44300842, -79.73719025),
(21, 'Sobeys', '7676 Tecumseh Rd E, Windsor, ON', '519-974-7007', 'Windsor', 'ON', 'N8T', 42.31364822, -82.93535614),
(22, 'Sobeys', '379 Springbank Av, Woodstock, ON', '519-421-3340   	', 'Woodstock', 'ON', 'N4T', 43.14716339, -80.73632812),
(23, 'Sobeys', '1615 Dundas St E, Whitby, ON', '905-435-0780', 'Whitby', 'ON', 'L1N', 43.88669205, -78.91168976),
(24, 'Sobeys', '197 Front St E, Toronto, ON', '416-364-7627', 'Toronto', 'ON', 'M5A', 43.65063095, -79.36679840),
(25, 'Sobeys', '840 Dupont St, Toronto, ON', '416-534-3588', 'Toronto', 'ON', 'M6G', 43.67038345, -79.42742157),
(26, 'Sobeys', '34 Livingston Av, Grimsby, ON', '905-945-9973', 'Grimsby', 'ON', 'L3M', 43.19595337, -79.56831360),
(27, 'Sobeys', '215 Park Ave E, Chatham, ON', '519-380-0550', 'Chatham', 'ON', 'N7M', 42.40091705, -82.17120361),
(28, 'Sobeys', '75 Dundas St, Cambridge, ON', '519-620-9022', 'Cambridge', 'ON', 'N1R', 43.35865784, -80.29412842),
(29, 'Sobeys', '1250 Brant St, Burlington, ON', '905-332-3373', 'Burlington', 'ON', 'L7P', 43.34429932, -79.82594299),
(30, 'Sobeys', '11965 Hurontario St, Brampton, ON', '905-846-5658', 'Brampton', 'ON', 'L6Z', 43.73348236, -79.82457733),
(31, 'Sobeys', '37 Mapleview Dr W, Barrie, ON', '705-728-9858', 'Barrie', 'ON', 'L4N', 44.33404160, -79.69093323),
(32, 'Sobeys', '310 Colborne St W, Brantford, ON', '519-758-1648', 'Brantford', 'ON', 'N3T', 43.13174820, -80.28560638),
(33, 'Sobeys', '392 St Albert Road, St Albert, AB T8N 5J9', '780 459-5909', 'St Albert', 'AB', 'T8N', 53.64368439, -100.00000000),
(37, 'Sobeys', '4921 184 St Nw, Edmonton, AB T6M 2X5', '780 441-3502', 'Edmonton', 'AB', 'T6M', 53.48653030, -100.00000000),
(41, 'Sobeys', '392 St Albert Road, St Albert, AB T8N 5J9', '(780) 459-5909‎', 'St Albert', 'AB', 'T8N', 53.64368439, -113.62625885),
(42, 'Sobeys', '4703 50 Street, Wetaskiwin, AB T9A 1J6', '(780) 352-2227‎', 'Wetaskiwin', 'AB', 'T9A', 52.96697617, -113.37477875),
(43, 'Sobeys', '2020-11300 Tuscany Boulevard NW, Calgary, AB T3L 2V7', '(403) 375-0507‎', 'Calgary', 'AB', 'T3L', 51.12368774, -114.24714661),
(44, 'Sobeys', '300-555 Strathcona Boulevard SW, Calgary, AB T3H 2Z9', '(403) 242-0644‎', 'Calgary', 'AB', 'T3H', 51.04854965, -114.18471527),
(45, 'Sobeys', '200-500 Country Hills Boulevard NE, Calgary, AB T3K 5H2', '(403) 226-5500‎', 'Calgary', 'AB', 'T3K', 51.15425110, -114.05599213),
(46, 'Sobeys', '2000-150 Millrise Boulevard SW, Calgary, AB T2Y 5G7', '(403) 873-5085‎', 'Calgary', 'AB', 'T2Y', 50.91415405, -114.07362366),
(47, 'Sobeys', '5115 17 Avenue SE, Calgary, AB T2A 0V8', '(403) 273-9339‎', 'Calgary', 'AB', 'T2A', 51.03783798, -113.96114349),
(48, 'Sobeys', '300-555 Strathcona Boulevard SW, Calgary, AB T3H 2Z9', '(403) 242-0644‎', 'Calgary', 'AB', 'T3H', 51.04854965, -114.18471527),
(49, 'Sobeys', '700 Terry Fox Drive, Kanata, ON K2L 4H4', '(613) 831-1444‎', 'Ottawa', 'ON', 'K2L', 45.29328918, -75.89540100),
(50, 'Sobeys', '90 Bd d''Anjou, Chateauguay, QC J6K 1C4', '(450) 692-3446‎', 'Châteauguay', 'QC', 'J6K', 45.36016846, -73.73046875),
(51, 'Sobeys', '1645B - 18 Street, Brandon, MB R7A 5C6', '(204) 726-5255‎', 'Brandon', 'MB', 'R7A', 49.82173920, -99.96186829),
(52, 'Sobeys', '1120 Queen Street, Halifax, NS B3H 2R9', '(902) 422-9884‎', 'Halifax', 'NS', 'B3H', 44.63735962, -63.57298660),
(53, 'Sobeys', '287 Lacewood Drive, Halifax, NS B3M 3Y7', '(902) 457-2102‎', 'Halifax', 'NS', 'B3M', 44.66218185, -63.65755463),
(54, 'Sobeys', '961 Bedford Highway, Bedford, NS B4A 1A9', '(902) 835-3335‎', 'Bedford', 'NS', 'B4A', 44.71542740, -63.67811966),
(55, 'Sobeys', '68 Robie Street, Truro, NS B2N 1L2', '(902) 893-9388‎', 'Colchester, Subd. C', 'NS', 'B2N', 45.36780930, -63.31420517),
(56, 'Sobeys', '151 Church Street, Antigonish, NS B2G 2E2', '(902) 863-6022‎', 'Antigonish', 'NS', 'B2G', 45.61638260, -61.98596954),
(57, 'Sobeys', '9256 Commercial Street, New Minas, NS B4N 4A9', '(902) 681-3723‎', 'Kings, Subd. C', 'NS', 'B4N', 45.06789780, -64.44425964),
(58, 'Sobeys', '535 Portland Street, Dartmouth, NS B2Y 4B1', '(902) 469-8396‎', 'Dartmouth', 'NS', 'B2Y', 44.67026520, -63.53785324),
(59, 'Sobeys', '70 Tacoma Dr, Halifax, NS B2W', '(902) 434-6696‎', 'Halifax', 'NS', 'B2W', 44.68062973, -63.53718185);

-- --------------------------------------------------------

--
-- Table structure for table `fydp_subcategories`
--

DROP TABLE IF EXISTS `fydp_subcategories`;
CREATE TABLE IF NOT EXISTS `fydp_subcategories` (
  `id` int(11) NOT NULL auto_increment,
  `name` varchar(50) NOT NULL default '',
  PRIMARY KEY  (`id`)
) ENGINE=InnoDB DEFAULT CHARSET=latin1 AUTO_INCREMENT=61 ;

--
-- Dumping data for table `fydp_subcategories`
--

INSERT INTO `fydp_subcategories` (`id`, `name`) VALUES
(1, 'Ketchup'),
(2, 'Mustard'),
(3, 'Jam'),
(4, 'Bread'),
(5, 'Cereal'),
(6, 'Cookies'),
(7, 'Cake Mix'),
(8, 'Baking Powder & Baking Soda'),
(9, 'Cake Frosting'),
(10, 'Canned Fruits'),
(11, 'Canned Vegetables'),
(12, 'Canned Beans'),
(13, 'Cat Food'),
(14, 'Dog Food'),
(15, 'Pasta Mix'),
(16, 'Rice'),
(17, 'Flour'),
(18, 'Lentils'),
(19, 'Salad Dressing'),
(20, 'Salt'),
(21, 'Sugar'),
(22, 'Milk'),
(23, 'Yogurt'),
(24, 'Cheese'),
(25, 'Butter & Margarine'),
(26, 'Ice-Cream'),
(27, 'Fruit Juices'),
(28, 'Whipping Cream, Cool Whip & Dream Whip'),
(29, 'Pasta Side Dishes'),
(30, 'Pasta'),
(31, 'Coffee'),
(32, 'Tea'),
(33, 'Whitener'),
(34, 'Relish'),
(35, 'Pickles'),
(36, 'Cooking Oil'),
(38, 'Muffin & Cookie Mix'),
(39, 'Jello & Pudding Mix'),
(41, 'Frozen Pizza'),
(42, 'Frozen Fruits & Vegetables'),
(45, 'Marshmallows'),
(46, 'Eggs'),
(47, 'Chocolates'),
(48, 'Fruits'),
(49, 'Essence & Extracts'),
(50, 'Poultry'),
(51, 'Fresh Vegetables'),
(52, 'Beef'),
(53, 'Fish'),
(54, 'Bagel'),
(55, 'Laundry Detergent'),
(56, 'Fabric Softener'),
(57, 'Bathroom Tissue'),
(58, 'Facial Tissue'),
(59, 'subcat'),
(60, 'Easter eggs');

-- --------------------------------------------------------

--
-- Table structure for table `fydp_users`
--

DROP TABLE IF EXISTS `fydp_users`;
CREATE TABLE IF NOT EXISTS `fydp_users` (
  `id` int(11) NOT NULL auto_increment,
  `lastname` varchar(25) default NULL,
  `firstname` varchar(25) default NULL,
  `email` varchar(40) NOT NULL default '',
  `password` varchar(32) NOT NULL default '',
  `admin` int(1) NOT NULL default '0',
  `inactive` int(1) NOT NULL default '0',
  `lat` float(10,8) default NULL,
  `lng` float(10,8) default NULL,
  `address` varchar(200) NOT NULL default '',
  `city` varchar(20) default NULL,
  `province` varchar(20) default NULL,
  `postalcode` varchar(7) default NULL,
  `token` varchar(32) default NULL,
  `rewardscard` int(16) default NULL,
  `store_id` int(11) default NULL,
  `subscription` int(1) default NULL,
  PRIMARY KEY  (`id`),
  KEY `email` (`email`),
  KEY `store_id` (`store_id`),
  KEY `store_id_2` (`store_id`)
) ENGINE=InnoDB DEFAULT CHARSET=latin1 AUTO_INCREMENT=49 ;

--
-- Dumping data for table `fydp_users`
--

INSERT INTO `fydp_users` (`id`, `lastname`, `firstname`, `email`, `password`, `admin`, `inactive`, `lat`, `lng`, `address`, `city`, `province`, `postalcode`, `token`, `rewardscard`, `store_id`, `subscription`) VALUES
(1, 'Shafiq', 'Shams', 'shams.shafiq@gmail.com', '9235049b12189f7635d5f007fd4704e1', 1, 0, 43.45724487, -80.54053497, 'n2l1w5', '', 'Ontario', 'N2L 1W5', NULL, NULL, 3, 0),
(2, 'Sinha', 'Neha', 'emf.volt@gmail.com', '262f5bdd0af9098e7443ab1f8e435290', 1, 0, 43.44343185, -80.52194977, '187 Brybeck Crescent, Kitchener, ON, N2M 5H3', 'Kitchener', 'ON', 'N2M', NULL, NULL, 1, 0),
(23, 'Kumar', 'Rajesh', 'rajesh@meetrajesh.com', '4370976199d5c313f5f235a4fe9adea9', 1, 0, 43.47189331, -80.53293610, 'n2l 3w3', '', 'ON', 'N2L 3W3', '', NULL, 1, 0),
(26, 'undefined', 'brenden.gomez@gmail.com', 'brenden.gomez@gmail.com', '0cc175b9c0f1b6a831c399e269772661', 0, 0, 43.80763626, -79.22473907, 'M1B 6C4', 'undefined', 'ON', 'M1B 6C4', '', NULL, 16, 0),
(27, 'Harder', 'dwharder@alumni.uwaterloo', 'dwharder@alumni.uwaterloo.ca', '13c8acc70a2c042917eae531094d5b61', 0, 0, 43.47042465, -80.53839874, 'N2L 3G1', 'undefined', 'ON', 'N2L 3G1', '', NULL, 1, 1),
(31, '', 'shams_shafique2', 'shams_shafique2@hotmail.com', '4cf4a774c4695861f35657e0d27d22cd', 0, 0, 43.45724487, -80.54053497, 'n2l1w5', '', 'ON', 'N2L 1W5', '', NULL, 25, 0),
(32, '', 'joycet_07', 'joycet_07@hotmail.com', '9eb8a5908e7850dd0611030aa7ccb927', 0, 0, 0.00000000, 0.00000000, '101300', '', '', '', '', NULL, 1, 0),
(34, NULL, 'nnishmin', 'nnishmin@gmail.com', 'f1537d833aac9ef6d1e0967db68c37fe', 0, 0, 46.18967819, 6.15753984, '1206', NULL, NULL, NULL, '', NULL, 1, NULL),
(36, 'Srivastava', 'Neha', 'nehasriv24@gmail.com', '2e1b7a30932430bc2b1697cff485d033', 0, 0, 43.47244644, -80.53488159, 'N2L3E7', '', 'ON', 'N2L 3E7', '', NULL, 1, 1),
(37, 'Tester', 'Test', 'test@test.test', '098f6bcd4621d373cade4e832627b4f6', 1, 0, 43.46953964, -80.53876495, '200 University Avenue West Waterloo ON', 'Waterloo', 'ON', 'N2L', NULL, NULL, 1, 0),
(38, 'Sinha', 'Neha', 'n2sinha@gmail.com', '262f5bdd0af9098e7443ab1f8e435290', 0, 0, 43.47042465, -80.53839874, 'N2l 3g1', '', 'ON', 'N2L 3G1', '', NULL, 3, 1),
(39, NULL, 'n2sinha', 'n2sinha@gmail.com', '262f5bdd0af9098e7443ab1f8e435290', 0, 1, 43.44334793, -80.52247620, 'N2m 5h3', NULL, 'ON', 'N2M 5H3', '1H6N9p4r', NULL, NULL, NULL),
(41, NULL, 'asdfs', 'asdfs@a.com', '900150983cd24fb0d6963f7d28e17f72', 0, 1, 43.50501251, -80.52171326, 'n2k3r1', NULL, 'ON', 'N2K 3R1', '5C8G2W9t', NULL, NULL, NULL),
(42, 'Rangelov', 'Mladen', 'mrangelo@engmail.uwaterloo.ca', 'e99a18c428cb38d5f260853678922e03', 1, 0, 43.50501251, -80.52171326, 'n2k3r1', '', 'Ontario', 'N2K 3R1', '', NULL, 1, 0),
(43, NULL, 'adfa', 'adfa@adsf.com', '098f6bcd4621d373cade4e832627b4f6', 0, 1, NULL, NULL, 'n2k3r1', NULL, NULL, NULL, '6Z5h6q2x', NULL, NULL, NULL),
(44, '', 'walim', 'walim@wharton.upenn.edu', '81dc9bdb52d04dc20036dbd8313ed055', 0, 0, 39.95835876, -75.19539642, '19104', '', 'PA', '', '', NULL, 1, 0),
(45, 'faggot', 'megatonflare', 'megatonflare@hotmail.com', 'f4668288fdbf9773dd9779d412942905', 0, 0, 43.71950912, -79.30146027, 'm4a 2s2', '', 'Ontario', 'M4A 2S2', '', NULL, 10, 0),
(46, 'Khan', 'sithi17', 'sithi17@hotmail.com', 'eeebdd9348ac492d73aed3217d0dee21', 0, 0, 43.45724487, -80.54053497, 'N2L1W5', '', 'Ontario', 'N2L 1W5', '', NULL, 3, 0),
(47, '', 'dongniz', 'dongniz@gmail.com', '470c0324ae603f4dccb5d5901aadb482', 0, 0, 43.58238602, -79.65713501, 'L5C 4N5', '', 'Ontario', 'L5C 4N5', '', NULL, 14, 0),
(48, NULL, 'd3zhang', 'd3zhang@engmail.uwaterloo.ca', '470c0324ae603f4dccb5d5901aadb482', 0, 1, NULL, NULL, 'L5C 4N%', NULL, NULL, NULL, '4T5b3f1v', NULL, NULL, NULL);

--
-- Constraints for dumped tables
--

--
-- Constraints for table `fydp_aisles`
--
ALTER TABLE `fydp_aisles`
  ADD CONSTRAINT `fydp_aisles_ibfk_1` FOREIGN KEY (`store_id`) REFERENCES `fydp_stores` (`id`) ON DELETE CASCADE;

--
-- Constraints for table `fydp_listitems`
--
ALTER TABLE `fydp_listitems`
  ADD CONSTRAINT `fydp_listitems_ibfk_3` FOREIGN KEY (`product_id`) REFERENCES `fydp_products` (`id`) ON DELETE CASCADE,
  ADD CONSTRAINT `fydp_listitems_ibfk_4` FOREIGN KEY (`list_id`) REFERENCES `fydp_lists` (`id`) ON DELETE CASCADE;

--
-- Constraints for table `fydp_lists`
--
ALTER TABLE `fydp_lists`
  ADD CONSTRAINT `fydp_lists_ibfk_1` FOREIGN KEY (`user_id`) REFERENCES `fydp_users` (`id`) ON DELETE CASCADE;

--
-- Constraints for table `fydp_products`
--
ALTER TABLE `fydp_products`
  ADD CONSTRAINT `fydp_products_ibfk_1` FOREIGN KEY (`category_id`) REFERENCES `fydp_categories` (`id`),
  ADD CONSTRAINT `fydp_products_ibfk_2` FOREIGN KEY (`subcategory_id`) REFERENCES `fydp_subcategories` (`id`);

--
-- Constraints for table `fydp_recipeitems`
--
ALTER TABLE `fydp_recipeitems`
  ADD CONSTRAINT `fydp_recipeitems_ibfk_1` FOREIGN KEY (`product_id`) REFERENCES `fydp_products` (`id`) ON DELETE SET NULL,
  ADD CONSTRAINT `fydp_recipeitems_ibfk_2` FOREIGN KEY (`recipe_id`) REFERENCES `fydp_recipes` (`id`) ON DELETE CASCADE;

--
-- Constraints for table `fydp_stocks`
--
ALTER TABLE `fydp_stocks`
  ADD CONSTRAINT `fydp_stocks_ibfk_7` FOREIGN KEY (`product_id`) REFERENCES `fydp_products` (`id`) ON DELETE CASCADE,
  ADD CONSTRAINT `fydp_stocks_ibfk_8` FOREIGN KEY (`store_id`) REFERENCES `fydp_stores` (`id`) ON DELETE CASCADE,
  ADD CONSTRAINT `fydp_stocks_ibfk_9` FOREIGN KEY (`aisle_id`) REFERENCES `fydp_aisles` (`id`) ON DELETE CASCADE;

--
-- Constraints for table `fydp_users`
--
ALTER TABLE `fydp_users`
  ADD CONSTRAINT `fydp_users_ibfk_1` FOREIGN KEY (`store_id`) REFERENCES `fydp_stores` (`id`) ON DELETE NO ACTION;

SET FOREIGN_KEY_CHECKS=1;
